✖ F27 M1 denies remediation before intent or writes after HEAD (3635.696858ms)
✖ F27 M2 denies remediation before intent or writes after deleted-frozen (3344.843856ms)
✖ F27 M6 pending first correction rejects a second rule then reconciles only the original intent (4184.227469ms)
✖ F27 M3 late retained original acknowledgement after operational checkpoint and process reopen via resume (6651.781614ms)
✖ F27 M3 late retained original acknowledgement after operational checkpoint and process reopen via run (6589.716708ms)
✖ F27 M4 settled unknown remains diagnostic with original charged key and no automatic retry (17655.525045ms)
✖ F27 M4 settled unauthorized remains diagnostic with original charged key and no automatic retry (19330.143702ms)
✖ F27 M4 settled cyberPolicy remains diagnostic with original charged key and no automatic retry (19666.207348ms)
✖ F27 M4 settled misalignmentPolicyViolation remains diagnostic with original charged key and no automatic retry (19984.388519ms)
✖ F27 M4 settled sandboxError remains diagnostic with original charged key and no automatic retry (21382.658185ms)
✖ F27 M4 settled sessionBudgetExceeded remains diagnostic with original charged key and no automatic retry (19988.289569ms)
✖ F27 M4 settled usageLimitExceeded remains diagnostic with original charged key and no automatic retry (18407.628023ms)
✖ F27 M4 settled rateLimitExceeded remains diagnostic with original charged key and no automatic retry (20264.262482ms)
✖ F27 M4 settled other remains diagnostic with original charged key and no automatic retry (20845.342501ms)
✔ F27 M4 explicit settled serverOverloaded uses only existing bounded retry authorization (20907.743585ms)
✔ F27 M4 explicit settled internalServerError uses only existing bounded retry authorization (21416.443564ms)
✖ F27 M5 reverse exact slice wires execute in obligation order under their original keys (1611.026515ms)
✖ F27 M5 readback-shaped candidate before exact deploy is skipped without an effect (29108.798884ms)
✖ F27 M5 fresh deploy candidate before exact authorized readback preserves original deployment identity (34539.841646ms)
ℹ tests 19
ℹ suites 0
ℹ pass 2
ℹ fail 17
ℹ cancelled 0
ℹ skipped 0
ℹ todo 0
ℹ duration_ms 309884.637892

✖ failing tests:

test at packs/autonomy/repo-template/scripts/quality-orchestrator/tests/f27-corrections.test.mjs:9:49
✖ F27 M1 denies remediation before intent or writes after HEAD (3635.696858ms)
  AssertionError [ERR_ASSERTION]: denied remediation must not write or reserve
  + actual - expected
  
    {
      files: {
  +     'corpus.json': 'eyJyZWNvcmQiOnsiZW5hYmxlZCI6dHJ1ZSwic3RhdHVzIjoiYWN0aXZlIiwidGhyZXNob2xkIjp7ImxleGVtZSI6IjEwMCIsInR5cGUiOiJudW1iZXIifSwidGl0bGUiOiJoZWxsbyJ9LCJzb3VyY2VQYXRoIjoicmVjb3JkLnlhbWwifQ==',
  +     'golden.json': 'eyJjYW5vbmljYWxEaWdlc3QiOiI1ZmVkNGY4ODg4ZGE4MDY4ZWYyMWYxNzhiNmRkMGNiZDhjOGM4NmQ3Nzc3ZGUwZTE0ODBkNDdjMWY3ODE0YmM3Iiwic2VtYW50aWNEaWdlc3QiOiI0MzhhZGIxN2Q3YzlhMWRkYmEwM2UxMjBhYTU5ZTJiNjNkYzU1YjlmNzFkODExY2I5NmRiNWI2NTZkNWZlNDJmIiwic291cmNlUGF0aCI6InJlY29yZC55YW1sIn0=',
  +     'record.yaml': 'ZW5hYmxlZDogdHJ1ZQpzdGF0dXM6ICJhY3RpdmUiCnRocmVzaG9sZDogMTAwCnRpdGxlOiAiaGVsbG8iCg=='
  -     'corpus.json': 'W10=',
  -     'golden.json': 'e30=',
  -     'record.yaml': 'dGhyZXNob2xkOiAxMDAKZW5hYmxlZDogdHJ1ZQpzdGF0dXM6IGFjdGl2ZQp0aXRsZTogaGVsbG8K'
      },
      signature: '0tMaF3op30CY51JCkJAsbAU1D6gud0HYiDpRuUUr+WjCIUZd5A48oyDXAv1eJrdQ7a65P3v/jCNZwsQfhEMRDA==',
  +   spent: 1,
  +   starts: 1
  -   spent: 0,
  -   starts: 0
    }
  
      at TestContext.<anonymous> (file:///workspace/scratch/adce1c53b293/harness-human-interruption/packs/autonomy/repo-template/scripts/quality-orchestrator/tests/f27-corrections.test.mjs:13:9)
      at Test.runInAsyncScope (node:async_hooks:227:14)
      at Test.run (node:internal/test_runner/test:1382:25)
      at Test.start (node:internal/test_runner/test:1242:17)
      at startSubtestAfterBootstrap (node:internal/test_runner/harness:387:17) {
    generatedMessage: false,
    code: 'ERR_ASSERTION',
    actual: { files: { 'record.yaml': 'ZW5hYmxlZDogdHJ1ZQpzdGF0dXM6ICJhY3RpdmUiCnRocmVzaG9sZDogMTAwCnRpdGxlOiAiaGVsbG8iCg==', 'golden.json': 'eyJjYW5vbmljYWxEaWdlc3QiOiI1ZmVkNGY4ODg4ZGE4MDY4ZWYyMWYxNzhiNmRkMGNiZDhjOGM4NmQ3Nzc3ZGUwZTE0ODBkNDdjMWY3ODE0YmM3Iiwic2VtYW50aWNEaWdlc3QiOiI0MzhhZGIxN2Q3YzlhMWRkYmEwM2UxMjBhYTU5ZTJiNjNkYzU1YjlmNzFkODExY2I5NmRiNWI2NTZkNWZlNDJmIiwic291cmNlUGF0aCI6InJlY29yZC55YW1sIn0=', 'corpus.json': 'eyJyZWNvcmQiOnsiZW5hYmxlZCI6dHJ1ZSwic3RhdHVzIjoiYWN0aXZlIiwidGhyZXNob2xkIjp7ImxleGVtZSI6IjEwMCIsInR5cGUiOiJudW1iZXIifSwidGl0bGUiOiJoZWxsbyJ9LCJzb3VyY2VQYXRoIjoicmVjb3JkLnlhbWwifQ==' }, spent: 1, starts: 1, signature: '0tMaF3op30CY51JCkJAsbAU1D6gud0HYiDpRuUUr+WjCIUZd5A48oyDXAv1eJrdQ7a65P3v/jCNZwsQfhEMRDA==' },
    expected: { files: { 'record.yaml': 'dGhyZXNob2xkOiAxMDAKZW5hYmxlZDogdHJ1ZQpzdGF0dXM6IGFjdGl2ZQp0aXRsZTogaGVsbG8K', 'golden.json': 'e30=', 'corpus.json': 'W10=' }, spent: 0, starts: 0, signature: '0tMaF3op30CY51JCkJAsbAU1D6gud0HYiDpRuUUr+WjCIUZd5A48oyDXAv1eJrdQ7a65P3v/jCNZwsQfhEMRDA==' },
    operator: 'deepStrictEqual',
    diff: 'simple'
  }

test at packs/autonomy/repo-template/scripts/quality-orchestrator/tests/f27-corrections.test.mjs:9:49
✖ F27 M2 denies remediation before intent or writes after deleted-frozen (3344.843856ms)
  AssertionError [ERR_ASSERTION]: Expected "actual" to be strictly unequal to:
  
  'PRODUCT_REMEDIATION_DESCRIBED'
      at TestContext.<anonymous> (file:///workspace/scratch/adce1c53b293/harness-human-interruption/packs/autonomy/repo-template/scripts/quality-orchestrator/tests/f27-corrections.test.mjs:13:93)
      at Test.runInAsyncScope (node:async_hooks:227:14)
      at Test.run (node:internal/test_runner/test:1382:25)
      at Test.processPendingSubtests (node:internal/test_runner/test:960:18)
      at Test.postRun (node:internal/test_runner/test:1522:19)
      at Test.run (node:internal/test_runner/test:1447:12)
      at async startSubtestAfterBootstrap (node:internal/test_runner/harness:387:3) {
    generatedMessage: true,
    code: 'ERR_ASSERTION',
    actual: 'PRODUCT_REMEDIATION_DESCRIBED',
    expected: 'PRODUCT_REMEDIATION_DESCRIBED',
    operator: 'notStrictEqual',
    diff: 'simple'
  }

test at packs/autonomy/repo-template/scripts/quality-orchestrator/tests/f27-corrections.test.mjs:15:1
✖ F27 M6 pending first correction rejects a second rule then reconciles only the original intent (4184.227469ms)
  AssertionError [ERR_ASSERTION]: second correction must not write under the first intent
  + actual - expected
  
    {
      files: {
        'corpus.json': 'W10=',
  +     'corpus2.json': 'eyJyZWNvcmQiOnsiZW5hYmxlZCI6dHJ1ZSwic3RhdHVzIjoiYWN0aXZlIiwidGhyZXNob2xkIjp7ImxleGVtZSI6IjEwMCIsInR5cGUiOiJudW1iZXIifSwidGl0bGUiOiJoZWxsbyJ9LCJzb3VyY2VQYXRoIjoiZGlnZXN0LnlhbWwifQ==',
  +     'digest.yaml': 'ZW5hYmxlZDogdHJ1ZQpzdGF0dXM6ICJhY3RpdmUiCnRocmVzaG9sZDogMTAwCnRpdGxlOiAiaGVsbG8iCg==',
  -     'corpus2.json': 'W10=',
  -     'digest.yaml': 'dGhyZXNob2xkOiAxMDAKZW5hYmxlZDogdHJ1ZQpzdGF0dXM6IGFjdGl2ZQp0aXRsZTogaGVsbG8K',
        'golden.json': 'e30=',
  +     'golden2.json': 'eyJjYW5vbmljYWxEaWdlc3QiOiI1ZmVkNGY4ODg4ZGE4MDY4ZWYyMWYxNzhiNmRkMGNiZDhjOGM4NmQ3Nzc3ZGUwZTE0ODBkNDdjMWY3ODE0YmM3Iiwic2VtYW50aWNEaWdlc3QiOiI0MzhhZGIxN2Q3YzlhMWRkYmEwM2UxMjBhYTU5ZTJiNjNkYzU1YjlmNzFkODExY2I5NmRiNWI2NTZkNWZlNDJmIiwic291cmNlUGF0aCI6ImRpZ2VzdC55YW1sIn0=',
  -     'golden2.json': 'e30=',
        'record.yaml': 'dGhyZXNob2xkOiAxMDAKZW5hYmxlZDogdHJ1ZQpzdGF0dXM6IGFjdGl2ZQp0aXRsZTogaGVsbG8K'
      },
      signature: 'nkYtjwvPYGBjLvk+9UORThIF65lesLTfc68jfvsNKRKuk0sMrF/zDWNUtDYweqpOLC/Kj5OSg+tr48SjnJjMBQ==',
      spent: 1,
      starts: 1
  
      at TestContext.<anonymous> (file:///workspace/scratch/adce1c53b293/harness-human-interruption/packs/autonomy/repo-template/scripts/quality-orchestrator/tests/f27-corrections.test.mjs:20:9)
      at Test.runInAsyncScope (node:async_hooks:227:14)
      at Test.run (node:internal/test_runner/test:1382:25)
      at Test.processPendingSubtests (node:internal/test_runner/test:960:18)
      at Test.postRun (node:internal/test_runner/test:1522:19)
      at Test.run (node:internal/test_runner/test:1447:12)
      at async Test.processPendingSubtests (node:internal/test_runner/test:960:7) {
    generatedMessage: false,
    code: 'ERR_ASSERTION',
    actual: { files: { 'record.yaml': 'dGhyZXNob2xkOiAxMDAKZW5hYmxlZDogdHJ1ZQpzdGF0dXM6IGFjdGl2ZQp0aXRsZTogaGVsbG8K', 'golden.json': 'e30=', 'corpus.json': 'W10=', 'digest.yaml': 'ZW5hYmxlZDogdHJ1ZQpzdGF0dXM6ICJhY3RpdmUiCnRocmVzaG9sZDogMTAwCnRpdGxlOiAiaGVsbG8iCg==', 'golden2.json': 'eyJjYW5vbmljYWxEaWdlc3QiOiI1ZmVkNGY4ODg4ZGE4MDY4ZWYyMWYxNzhiNmRkMGNiZDhjOGM4NmQ3Nzc3ZGUwZTE0ODBkNDdjMWY3ODE0YmM3Iiwic2VtYW50aWNEaWdlc3QiOiI0MzhhZGIxN2Q3YzlhMWRkYmEwM2UxMjBhYTU5ZTJiNjNkYzU1YjlmNzFkODExY2I5NmRiNWI2NTZkNWZlNDJmIiwic291cmNlUGF0aCI6ImRpZ2VzdC55YW1sIn0=', 'corpus2.json': 'eyJyZWNvcmQiOnsiZW5hYmxlZCI6dHJ1ZSwic3RhdHVzIjoiYWN0aXZlIiwidGhyZXNob2xkIjp7ImxleGVtZSI6IjEwMCIsInR5cGUiOiJudW1iZXIifSwidGl0bGUiOiJoZWxsbyJ9LCJzb3VyY2VQYXRoIjoiZGlnZXN0LnlhbWwifQ==' }, spent: 1, starts: 1, signature: 'nkYtjwvPYGBjLvk+9UORThIF65lesLTfc68jfvsNKRKuk0sMrF/zDWNUtDYweqpOLC/Kj5OSg+tr48SjnJjMBQ==' },
    expected: { files: { 'record.yaml': 'dGhyZXNob2xkOiAxMDAKZW5hYmxlZDogdHJ1ZQpzdGF0dXM6IGFjdGl2ZQp0aXRsZTogaGVsbG8K', 'golden.json': 'e30=', 'corpus.json': 'W10=', 'digest.yaml': 'dGhyZXNob2xkOiAxMDAKZW5hYmxlZDogdHJ1ZQpzdGF0dXM6IGFjdGl2ZQp0aXRsZTogaGVsbG8K', 'golden2.json': 'e30=', 'corpus2.json': 'W10=' }, spent: 1, starts: 1, signature: 'nkYtjwvPYGBjLvk+9UORThIF65lesLTfc68jfvsNKRKuk0sMrF/zDWNUtDYweqpOLC/Kj5OSg+tr48SjnJjMBQ==' },
    operator: 'deepStrictEqual',
    diff: 'simple'
  }

test at packs/autonomy/repo-template/scripts/quality-orchestrator/tests/f27-corrections.test.mjs:23:36
✖ F27 M3 late retained original acknowledgement after operational checkpoint and process reopen via resume (6651.781614ms)
  AssertionError [ERR_ASSERTION]: file:///workspace/scratch/adce1c53b293/harness-human-interruption/[eval1]:1
  import fs from 'node:fs';import {openRuntime} from "file:///workspace/scratch/adce1c53b293/harness-human-interruption/packs/autonomy/repo-template/scripts/quality-orchestrator/index.mjs";let raw='';for await(const c of process.stdin)raw+=c;const f=JSON.parse(raw),documents=[{path:'record.yaml',bytes:Buffer.from('title: hello\nstatus: active\nenabled: true\nthreshold: 100\n')}];const r=openRuntime({...f.host,now:()=>1000,journal:{...f.host.journal,readFinalBinding:()=>({commit:f.wire.objective.baseCommit,documents})}}),ctx=r.verifyContext({authority:r.loadAuthority(Buffer.from(JSON.stringify(f.authority)),f.authorityApproval),documents,acceptance:f.baselineApproval}),h=r.bindProductObjective(f.wire,ctx);const out=f.mode==='resume'?await r.resumeProductStep(h,'red:0'):await r.runProduct(h,{maxSteps:1});console.log(JSON.stringify({out,spent:r.journal.replay(ctx).budget.spent}));
                                                                                                                                                                                                                                                                                                                                                                                                                                                                                                                                                                                                                                                                                                                                                                                                                                                                                                                ^
  
  TypeError: Cannot read properties of undefined (reading 'spent')
      at file:///workspace/scratch/adce1c53b293/harness-human-interruption/[eval1]:1:879
      at process.processTicksAndRejections (node:internal/process/task_queues:104:5)
  
  Node.js v24.19.0
  
  
  1 !== 0
  
      at TestContext.<anonymous> (file:///workspace/scratch/adce1c53b293/harness-human-interruption/packs/autonomy/repo-template/scripts/quality-orchestrator/tests/f27-corrections.test.mjs:32:129)
      at process.processTicksAndRejections (node:internal/process/task_queues:104:5)
      at async Test.run (node:internal/test_runner/test:1389:7)
      at async Test.processPendingSubtests (node:internal/test_runner/test:960:7) {
    generatedMessage: false,
    code: 'ERR_ASSERTION',
    actual: 1,
    expected: 0,
    operator: 'strictEqual',
    diff: 'simple'
  }

test at packs/autonomy/repo-template/scripts/quality-orchestrator/tests/f27-corrections.test.mjs:23:36
✖ F27 M3 late retained original acknowledgement after operational checkpoint and process reopen via run (6589.716708ms)
  AssertionError [ERR_ASSERTION]: file:///workspace/scratch/adce1c53b293/harness-human-interruption/[eval1]:1
  import fs from 'node:fs';import {openRuntime} from "file:///workspace/scratch/adce1c53b293/harness-human-interruption/packs/autonomy/repo-template/scripts/quality-orchestrator/index.mjs";let raw='';for await(const c of process.stdin)raw+=c;const f=JSON.parse(raw),documents=[{path:'record.yaml',bytes:Buffer.from('title: hello\nstatus: active\nenabled: true\nthreshold: 100\n')}];const r=openRuntime({...f.host,now:()=>1000,journal:{...f.host.journal,readFinalBinding:()=>({commit:f.wire.objective.baseCommit,documents})}}),ctx=r.verifyContext({authority:r.loadAuthority(Buffer.from(JSON.stringify(f.authority)),f.authorityApproval),documents,acceptance:f.baselineApproval}),h=r.bindProductObjective(f.wire,ctx);const out=f.mode==='resume'?await r.resumeProductStep(h,'red:0'):await r.runProduct(h,{maxSteps:1});console.log(JSON.stringify({out,spent:r.journal.replay(ctx).budget.spent}));
                                                                                                                                                                                                                                                                                                                                                                                                                                                                                                                                                                                                                                                                                                                                                                                                                                                                                                                ^
  
  TypeError: Cannot read properties of undefined (reading 'spent')
      at file:///workspace/scratch/adce1c53b293/harness-human-interruption/[eval1]:1:879
      at process.processTicksAndRejections (node:internal/process/task_queues:104:5)
  
  Node.js v24.19.0
  
  
  1 !== 0
  
      at TestContext.<anonymous> (file:///workspace/scratch/adce1c53b293/harness-human-interruption/packs/autonomy/repo-template/scripts/quality-orchestrator/tests/f27-corrections.test.mjs:32:129)
      at process.processTicksAndRejections (node:internal/process/task_queues:104:5)
      at async Test.run (node:internal/test_runner/test:1389:7)
      at async Test.processPendingSubtests (node:internal/test_runner/test:960:7) {
    generatedMessage: false,
    code: 'ERR_ASSERTION',
    actual: 1,
    expected: 0,
    operator: 'strictEqual',
    diff: 'simple'
  }

test at packs/autonomy/repo-template/scripts/quality-orchestrator/tests/f27-corrections.test.mjs:36:27
✖ F27 M4 settled unknown remains diagnostic with original charged key and no automatic retry (17655.525045ms)
  AssertionError [ERR_ASSERTION]: {"status":"PRODUCT_REPLAYED","activeRunId":"574441062bdf709572ccd3bbf5197725636b001f0829f2a22a2844874882fa8e","fixProposals":0,"files":{"frozen.txt":{"digest":"3e58bada6a180c0d7f817bdae51fba96a461575b309bfbc17a6918d20c6617c7","lines":1,"mode":"100644"},"product.json":{"digest":"9956fcb386158a20a74f5eff2cd056e3a912672b09e74e06ba9cf89aca0941e9","lines":1,"mode":"100644"}},"rebindings":[],"remediations":[],"remediationPending":null,"normalized":{"review:full:tool:1":{"digest":"548d2280d2ab81d770c0f78c81e5b7981d6e122b00bddb5a31e335451260e33f","rawDigest":"f2e295ffb742c48a69021296414d585ed27b5ec6e80c49dd87cb42322989ae15"}},"ingestions":[{"key":"review:full:tool:1","normalizedOutputDigest":"548d2280d2ab81d770c0f78c81e5b7981d6e122b00bddb5a31e335451260e33f","ingestedBytesDigest":"548d2280d2ab81d770c0f78c81e5b7981d6e122b00bddb5a31e335451260e33f","sessionId":"a08f71b2-a086-4c0f-9441-607329e7877f"}],"tooling":{"failures":1,"retries":{"review:full":1},"fingerprints":{"189b4ee93559bd0d543119fdd8fb2d7cefbfb0ee8e9580275638b5079a9ef2f7":1}},"interruption":{"classification":"AUTO_REMEDIABLE","cause":"INFRASTRUCTURE_NORMALIZATION","evidenceDigest":"2c4e076a3d1284bb6fd250948da11bd15d10ea4fc026362313b9ef272f070011"},"objectiveDigest":"89c75310238d84623f83b125f28ffa3a9e1b0c4c13452af2b5f568f425385431","stage":"BOUNDED_REMEDIATION","manifestDigest":"59445670b5af0c2ed13ad77a4ee07416e51600bf9dd945b2c6cff8e53d69b5fa","productDigest":"5f6b06dc26aa5ebc885232670c612c77a937c78e5ad7827c55c320c08b89168a","steps":[{"key":"red:0","kind":"RED","evidenceDigest":"676c27b06c96f7c01b8c8096f3d5c5d3ba9362b2304ed53ed3694366b55d16d4","binding":"f9bdd8da881552af87bb3ec1aa8abfb91dac204b169d2e57cb92685c6583122c"},{"key":"author:0","kind":"AUTHOR","evidenceDigest":"b9cdc15d7de930b09ee8d635100ca48492f198fcbd29e91df2b20054a0042b44","binding":"1c703ebdbac5a46bdd26f92980349f902fbd94bff38e30289ffa277177bceb33"},{"key":"patch:0","kind":"PATCH","evidenceDigest":"961721f6a85498bc45ab8e83a66a17680dd016ce4b480e657becd3429277db62","binding":"341aa2278f648308db81684611fd331fde75f09538a64c6043a95bb7dfeb4577"},{"key":"verify:0","kind":"VERIFY","evidenceDigest":"35e48c4c73b7ab75d9b446d1ce7f7e89f89550c42b8bde04d24822683b0a2749","binding":"4384107373510a0795977c73e8ea80ca8e1d70b7f5cff2fb485660fdec36671e"},{"key":"review:full:tool:1","kind":"REVIEW","evidenceDigest":"4489794d5dc15740f591ceb572b49096c9b5f06972f493e42e6de405def665db","binding":"6c68f2d4e38c8caf5ab0256c45e5d3df3b291f8f0170269928238f103a116d0d"}],"gates":[{"argv":["/opt/codex/runtimes/codex-primary-runtime/dependencies/node/bin/node","/tmp/hir-RDdizW/verifier.mjs"],"binding":"f9bdd8da881552af87bb3ec1aa8abfb91dac204b169d2e57cb92685c6583122c","cases":[{"actual":false,"id":"value"}],"defectFingerprint":"6b5f2207ba5f6afaa9307776b7c4d360ccd736d88b59e34a29e0a58f16aabb1b","exit":1,"identity":{"artifactDigest":"aa97a8ced1cf0ef5e22c170ef76e234b3a9d58c8a321e79121a8588a81095c68","schemaState":"N/A: offline JSON","version":"fixture"},"inputDigest":"9f1ff66b78b0d8477476abcff2ff53d5bb6101c37ae665dafa52127d75e4122c","kind":"RED","result":"RED","sourceManifestDigest":"aa97a8ced1cf0ef5e22c170ef76e234b3a9d58c8a321e79121a8588a81095c68","verifierDigest":"b68498ec3a38491c83815230f776587b2f462aba27c2d7ebe68a7672968fc9c2","evidenceDigest":"676c27b06c96f7c01b8c8096f3d5c5d3ba9362b2304ed53ed3694366b55d16d4"},{"argv":["/opt/codex/runtimes/codex-primary-runtime/dependencies/node/bin/node","/tmp/hir-RDdizW/verifier.mjs"],"binding":"4384107373510a0795977c73e8ea80ca8e1d70b7f5cff2fb485660fdec36671e","cases":[{"actual":true,"id":"value"}],"defectFingerprint":null,"exit":0,"identity":{"artifactDigest":"59445670b5af0c2ed13ad77a4ee07416e51600bf9dd945b2c6cff8e53d69b5fa","schemaState":"N/A: offline JSON","version":"fixture"},"inputDigest":"3917ab5c0c48106f5ce01ab6bbb8bd0a3601baace3747cbbe8bcfcf211222665","kind":"VERIFY","result":"GREEN","sourceManifestDigest":"59445670b5af0c2ed13ad77a4ee07416e51600bf9dd945b2c6cff8e53d69b5fa","verifierDigest":"b68498ec3a38491c83815230f776587b2f462aba27c2d7ebe68a7672968fc9c2","evidenceDigest":"35e48c4c73b7ab75d9b446d1ce7f7e89f89550c42b8bde04d24822683b0a2749"}],"authorship":[{"sessionId":"f0f09be3-1940-44b6-a364-2e015295dec4","evidenceDigest":"b9cdc15d7de930b09ee8d635100ca48492f198fcbd29e91df2b20054a0042b44"}],"review":{"version":1,"verdict":"FAIL","findings":[{"id":"finding:cb2451ea085b80b020d9a1165ebf511dc2e388b02f0c72c2e35eaea2af7dd92c","severity":"High","path":"product.json","line":1,"description":"Semantic regression is false","counterexample":"{\"caseId\":\"semantic\"}"}],"sessionId":"a08f71b2-a086-4c0f-9441-607329e7877f","evidenceDigest":"4489794d5dc15740f591ceb572b49096c9b5f06972f493e42e6de405def665db","manifestDigest":"59445670b5af0c2ed13ad77a4ee07416e51600bf9dd945b2c6cff8e53d69b5fa","kind":"REVIEW","originalFullReviewDigest":null},"fullReview":{"version":1,"verdict":"FAIL","findings":[{"id":"finding:cb2451ea085b80b020d9a1165ebf511dc2e388b02f0c72c2e35eaea2af7dd92c","severity":"High","path":"product.json","line":1,"description":"Semantic regression is false","counterexample":"{\"caseId\":\"semantic\"}"}],"sessionId":"a08f71b2-a086-4c0f-9441-607329e7877f","evidenceDigest":"4489794d5dc15740f591ceb572b49096c9b5f06972f493e42e6de405def665db","manifestDigest":"59445670b5af0c2ed13ad77a4ee07416e51600bf9dd945b2c6cff8e53d69b5fa","kind":"REVIEW","originalFullReviewDigest":null},"findings":[{"finding":{"id":"finding:cb2451ea085b80b020d9a1165ebf511dc2e388b02f0c72c2e35eaea2af7dd92c","severity":"High","path":"product.json","line":1,"description":"Semantic regression is false","counterexample":"{\"caseId\":\"semantic\"}"},"firstReviewDigest":"4489794d5dc15740f591ceb572b49096c9b5f06972f493e42e6de405def665db","status":"OPEN"}],"causalEvidence":[],"resolutions":[],"differences":[],"counters":{"fullReview":1,"fixAttempts":0,"controlOnlyWithoutValue":0,"starts":6},"causalRed":null,"verified_state":"UNKNOWN","desired_state":"Autonomous mechanical recovery","observed_state":"GATES_GREEN","reported_state":{"classification":"REPORTED","value":"No model prose certifies this objective"},"executionAssurance":"FIXTURE","readiness":"NOT_P0_READY","metrics":{"interventionsPerObjective":"UNKNOWN","timeToFirstRED":"UNKNOWN","timeToActualPRReady":"UNKNOWN","duplicateGateMinutesAvoided":"UNKNOWN","findingsAfterFalseReady":"UNKNOWN","highCriticalRegressionRate":"UNKNOWN","autonomousObjectivesCompleted":0,"fixtureObjectivesCompleted":0},"coverage":[{"invariantId":"offline","surface":"CLI","mutationPath":"product.json","principal":"local-user","negativeTestId":"value","applicability":"APPLICABLE","basis":"Actual local product verification","caseId":"value","observedResult":"GREEN","evidenceDigest":"35e48c4c73b7ab75d9b446d1ce7f7e89f89550c42b8bde04d24822683b0a2749","sourceManifestDigest":"59445670b5af0c2ed13ad77a4ee07416e51600bf9dd945b2c6cff8e53d69b5fa"},{"invariantId":"offline","surface":"UI","mutationPath":"N/A","principal":"N/A","negativeTestId":null,"applicability":"N/A","basis":"No such surface in the offline synthetic fixture","caseId":null,"observedResult":"N/A","evidenceDigest":null},{"invariantId":"offline","surface":"API_SERVER_ACTION","mutationPath":"N/A","principal":"N/A","negativeTestId":null,"applicability":"N/A","basis":"No such surface in the offline synthetic fixture","caseId":null,"observedResult":"N/A","evidenceDigest":null},{"invariantId":"offline","surface":"RPC","mutationPath":"N/A","principal":"N/A","negativeTestId":null,"applicability":"N/A","basis":"No such surface in the offline synthetic fixture","caseId":null,"observedResult":"N/A","evidenceDigest":null},{"invariantId":"offline","surface":"DIRECT_DML_POSTGREST","mutationPath":"N/A","principal":"N/A","negativeTestId":null,"applicability":"N/A","basis":"No such surface in the offline synthetic fixture","caseId":null,"observedResult":"N/A","evidenceDigest":null},{"invariantId":"offline","surface":"BATCH_SYNC","mutationPath":"N/A","principal":"N/A","negativeTestId":null,"applicability":"N/A","basis":"No such surface in the offline synthetic fixture","caseId":null,"observedResult":"N/A","evidenceDigest":null},{"invariantId":"offline","surface":"STORAGE","mutationPath":"N/A","principal":"N/A","negativeTestId":null,"applicability":"N/A","basis":"No such surface in the offline synthetic fixture","caseId":null,"observedResult":"N/A","evidenceDigest":null},{"invariantId":"offline","surface":"TRIGGERS","mutationPath":"N/A","principal":"N/A","negativeTestId":null,"applicability":"N/A","basis":"No such surface in the offline synthetic fixture","caseId":null,"observedResult":"N/A","evidenceDigest":null},{"invariantId":"offline","surface":"MIGRATIONS","mutationPath":"N/A","principal":"N/A","negativeTestId":null,"applicability":"N/A","basis":"No such surface in the offline synthetic fixture","caseId":null,"observedResult":"N/A","evidenceDigest":null},{"invariantId":"offline","surface":"PRIVILEGED_CLIENTS","mutationPath":"N/A","principal":"N/A","negativeTestId":null,"applicability":"N/A","basis":"No such surface in the offline synthetic fixture","caseId":null,"observedResult":"N/A","evidenceDigest":null}],"pending":null,"claims":[{"classification":"VERIFIED","value":"UNKNOWN","basis":["676c27b06c96f7c01b8c8096f3d5c5d3ba9362b2304ed53ed3694366b55d16d4","b9cdc15d7de930b09ee8d635100ca48492f198fcbd29e91df2b20054a0042b44","961721f6a85498bc45ab8e83a66a17680dd016ce4b480e657becd3429277db62","35e48c4c73b7ab75d9b446d1ce7f7e89f89550c42b8bde04d24822683b0a2749","4489794d5dc15740f591ceb572b49096c9b5f06972f493e42e6de405def665db"]},{"classification":"OBSERVED","value":"GATES_GREEN"},{"classification":"UNKNOWN","value":"production, external authority acceptance and actual PR"}],"handoff":null}
  + actual - expected
  
  + 'PRODUCT_REPLAYED'
  - 'OPERATIONAL_BLOCKED'
  
      at TestContext.<anonymous> (file:///workspace/scratch/adce1c53b293/harness-human-interruption/packs/autonomy/repo-template/scripts/quality-orchestrator/tests/f27-corrections.test.mjs:38:9)
      at process.processTicksAndRejections (node:internal/process/task_queues:104:5)
      at async Test.run (node:internal/test_runner/test:1389:7)
      at async Test.processPendingSubtests (node:internal/test_runner/test:960:7) {
    generatedMessage: false,
    code: 'ERR_ASSERTION',
    actual: 'PRODUCT_REPLAYED',
    expected: 'OPERATIONAL_BLOCKED',
    operator: 'strictEqual',
    diff: 'simple'
  }

test at packs/autonomy/repo-template/scripts/quality-orchestrator/tests/f27-corrections.test.mjs:36:27
✖ F27 M4 settled unauthorized remains diagnostic with original charged key and no automatic retry (19330.143702ms)
  AssertionError [ERR_ASSERTION]: {"status":"PRODUCT_REPLAYED","activeRunId":"852ae3e9351e38f7d0960b806e5772a7c51973507ca866d6ce17effe8550fc75","fixProposals":0,"files":{"frozen.txt":{"digest":"3e58bada6a180c0d7f817bdae51fba96a461575b309bfbc17a6918d20c6617c7","lines":1,"mode":"100644"},"product.json":{"digest":"9956fcb386158a20a74f5eff2cd056e3a912672b09e74e06ba9cf89aca0941e9","lines":1,"mode":"100644"}},"rebindings":[],"remediations":[],"remediationPending":null,"normalized":{"review:full:tool:1":{"digest":"f24cb5b2b1f119ef17493fe5da9f98225e160eb11a8d33a2c3b42829a580283e","rawDigest":"f2e295ffb742c48a69021296414d585ed27b5ec6e80c49dd87cb42322989ae15"}},"ingestions":[{"key":"review:full:tool:1","normalizedOutputDigest":"f24cb5b2b1f119ef17493fe5da9f98225e160eb11a8d33a2c3b42829a580283e","ingestedBytesDigest":"f24cb5b2b1f119ef17493fe5da9f98225e160eb11a8d33a2c3b42829a580283e","sessionId":"1e9dd56b-9e15-41d2-bf06-b65462572ec0"}],"tooling":{"failures":1,"retries":{"review:full":1},"fingerprints":{"189b4ee93559bd0d543119fdd8fb2d7cefbfb0ee8e9580275638b5079a9ef2f7":1}},"interruption":{"classification":"AUTO_REMEDIABLE","cause":"INFRASTRUCTURE_NORMALIZATION","evidenceDigest":"d884627e2de6dfa626a535e735a9cef8e72655db4a32fe9ea4562006814477d6"},"objectiveDigest":"9d07a7116382daa157720b85f4f5d71300546f9be38fe75317b524c3a72f0f8a","stage":"BOUNDED_REMEDIATION","manifestDigest":"59445670b5af0c2ed13ad77a4ee07416e51600bf9dd945b2c6cff8e53d69b5fa","productDigest":"2d80d13c98d669a8dd743f8494ac2dbce3fe5cac6f9ef0019e70405623b82536","steps":[{"key":"red:0","kind":"RED","evidenceDigest":"ad22a5a2e16e27c33d2de3e77f93a40c85bbfb5bb6e3d51588378a017e745eb0","binding":"7fdf3c78562bd928d489a0ee5d400df9266d5168616dbaf472032fa0955e6abc"},{"key":"author:0","kind":"AUTHOR","evidenceDigest":"fde37ba92ff59e54953b6967452f511f7122c51fd52bd37c3d426575008fed01","binding":"c026b2619e684fc20d09296cdfdca8c1752556d147934501645195520b1dbd15"},{"key":"patch:0","kind":"PATCH","evidenceDigest":"94ff88c6ece803fae9c50a5f85c3348644cea14e0a1320f2d43533d5195d7ae3","binding":"adc3e008f0bbf1533d664f5cf5b925eebc8592699d270f731726dda5a1131e05"},{"key":"verify:0","kind":"VERIFY","evidenceDigest":"e745346c163f947cb8776e3d3c5690f72ebac8b4e4583f0004b6777310427005","binding":"8d8827f6df5ac6066d632ecbbffe0ac02152b8315c700f04b5e6f6ca94b376b0"},{"key":"review:full:tool:1","kind":"REVIEW","evidenceDigest":"41ed5777fd3a6b401aa75bf91add78791826f7f4204ac37ad55652b407547223","binding":"db33962ad817211d03cf7c31408e60e20fa4f8c7f1f3a01663eafa24b7c179d3"}],"gates":[{"argv":["/opt/codex/runtimes/codex-primary-runtime/dependencies/node/bin/node","/tmp/hir-PmAjl2/verifier.mjs"],"binding":"7fdf3c78562bd928d489a0ee5d400df9266d5168616dbaf472032fa0955e6abc","cases":[{"actual":false,"id":"value"}],"defectFingerprint":"6b5f2207ba5f6afaa9307776b7c4d360ccd736d88b59e34a29e0a58f16aabb1b","exit":1,"identity":{"artifactDigest":"aa97a8ced1cf0ef5e22c170ef76e234b3a9d58c8a321e79121a8588a81095c68","schemaState":"N/A: offline JSON","version":"fixture"},"inputDigest":"76bb95b8835a2f1de828ec4adc51abdb5dead4d2839c50a69b8994e9c3bf6020","kind":"RED","result":"RED","sourceManifestDigest":"aa97a8ced1cf0ef5e22c170ef76e234b3a9d58c8a321e79121a8588a81095c68","verifierDigest":"3f3788f0857f8209ff79ab98bbb871387dbe59971bcdbd5781553d7d9b1c203f","evidenceDigest":"ad22a5a2e16e27c33d2de3e77f93a40c85bbfb5bb6e3d51588378a017e745eb0"},{"argv":["/opt/codex/runtimes/codex-primary-runtime/dependencies/node/bin/node","/tmp/hir-PmAjl2/verifier.mjs"],"binding":"8d8827f6df5ac6066d632ecbbffe0ac02152b8315c700f04b5e6f6ca94b376b0","cases":[{"actual":true,"id":"value"}],"defectFingerprint":null,"exit":0,"identity":{"artifactDigest":"59445670b5af0c2ed13ad77a4ee07416e51600bf9dd945b2c6cff8e53d69b5fa","schemaState":"N/A: offline JSON","version":"fixture"},"inputDigest":"b9b73e157b273c68bcc8a1d23f75547d7165ff51b93cc5d9eb0a2ca2d340452e","kind":"VERIFY","result":"GREEN","sourceManifestDigest":"59445670b5af0c2ed13ad77a4ee07416e51600bf9dd945b2c6cff8e53d69b5fa","verifierDigest":"3f3788f0857f8209ff79ab98bbb871387dbe59971bcdbd5781553d7d9b1c203f","evidenceDigest":"e745346c163f947cb8776e3d3c5690f72ebac8b4e4583f0004b6777310427005"}],"authorship":[{"sessionId":"ee2933b3-1fd0-4d24-a6f7-a67e32ff90b7","evidenceDigest":"fde37ba92ff59e54953b6967452f511f7122c51fd52bd37c3d426575008fed01"}],"review":{"version":1,"verdict":"FAIL","findings":[{"id":"finding:a378ee8445795a18768a19c564efd13634d9b3eaa36a21af36ba33ee95f6c29e","severity":"High","path":"product.json","line":1,"description":"Semantic regression is false","counterexample":"{\"caseId\":\"semantic\"}"}],"sessionId":"1e9dd56b-9e15-41d2-bf06-b65462572ec0","evidenceDigest":"41ed5777fd3a6b401aa75bf91add78791826f7f4204ac37ad55652b407547223","manifestDigest":"59445670b5af0c2ed13ad77a4ee07416e51600bf9dd945b2c6cff8e53d69b5fa","kind":"REVIEW","originalFullReviewDigest":null},"fullReview":{"version":1,"verdict":"FAIL","findings":[{"id":"finding:a378ee8445795a18768a19c564efd13634d9b3eaa36a21af36ba33ee95f6c29e","severity":"High","path":"product.json","line":1,"description":"Semantic regression is false","counterexample":"{\"caseId\":\"semantic\"}"}],"sessionId":"1e9dd56b-9e15-41d2-bf06-b65462572ec0","evidenceDigest":"41ed5777fd3a6b401aa75bf91add78791826f7f4204ac37ad55652b407547223","manifestDigest":"59445670b5af0c2ed13ad77a4ee07416e51600bf9dd945b2c6cff8e53d69b5fa","kind":"REVIEW","originalFullReviewDigest":null},"findings":[{"finding":{"id":"finding:a378ee8445795a18768a19c564efd13634d9b3eaa36a21af36ba33ee95f6c29e","severity":"High","path":"product.json","line":1,"description":"Semantic regression is false","counterexample":"{\"caseId\":\"semantic\"}"},"firstReviewDigest":"41ed5777fd3a6b401aa75bf91add78791826f7f4204ac37ad55652b407547223","status":"OPEN"}],"causalEvidence":[],"resolutions":[],"differences":[],"counters":{"fullReview":1,"fixAttempts":0,"controlOnlyWithoutValue":0,"starts":6},"causalRed":null,"verified_state":"UNKNOWN","desired_state":"Autonomous mechanical recovery","observed_state":"GATES_GREEN","reported_state":{"classification":"REPORTED","value":"No model prose certifies this objective"},"executionAssurance":"FIXTURE","readiness":"NOT_P0_READY","metrics":{"interventionsPerObjective":"UNKNOWN","timeToFirstRED":"UNKNOWN","timeToActualPRReady":"UNKNOWN","duplicateGateMinutesAvoided":"UNKNOWN","findingsAfterFalseReady":"UNKNOWN","highCriticalRegressionRate":"UNKNOWN","autonomousObjectivesCompleted":0,"fixtureObjectivesCompleted":0},"coverage":[{"invariantId":"offline","surface":"CLI","mutationPath":"product.json","principal":"local-user","negativeTestId":"value","applicability":"APPLICABLE","basis":"Actual local product verification","caseId":"value","observedResult":"GREEN","evidenceDigest":"e745346c163f947cb8776e3d3c5690f72ebac8b4e4583f0004b6777310427005","sourceManifestDigest":"59445670b5af0c2ed13ad77a4ee07416e51600bf9dd945b2c6cff8e53d69b5fa"},{"invariantId":"offline","surface":"UI","mutationPath":"N/A","principal":"N/A","negativeTestId":null,"applicability":"N/A","basis":"No such surface in the offline synthetic fixture","caseId":null,"observedResult":"N/A","evidenceDigest":null},{"invariantId":"offline","surface":"API_SERVER_ACTION","mutationPath":"N/A","principal":"N/A","negativeTestId":null,"applicability":"N/A","basis":"No such surface in the offline synthetic fixture","caseId":null,"observedResult":"N/A","evidenceDigest":null},{"invariantId":"offline","surface":"RPC","mutationPath":"N/A","principal":"N/A","negativeTestId":null,"applicability":"N/A","basis":"No such surface in the offline synthetic fixture","caseId":null,"observedResult":"N/A","evidenceDigest":null},{"invariantId":"offline","surface":"DIRECT_DML_POSTGREST","mutationPath":"N/A","principal":"N/A","negativeTestId":null,"applicability":"N/A","basis":"No such surface in the offline synthetic fixture","caseId":null,"observedResult":"N/A","evidenceDigest":null},{"invariantId":"offline","surface":"BATCH_SYNC","mutationPath":"N/A","principal":"N/A","negativeTestId":null,"applicability":"N/A","basis":"No such surface in the offline synthetic fixture","caseId":null,"observedResult":"N/A","evidenceDigest":null},{"invariantId":"offline","surface":"STORAGE","mutationPath":"N/A","principal":"N/A","negativeTestId":null,"applicability":"N/A","basis":"No such surface in the offline synthetic fixture","caseId":null,"observedResult":"N/A","evidenceDigest":null},{"invariantId":"offline","surface":"TRIGGERS","mutationPath":"N/A","principal":"N/A","negativeTestId":null,"applicability":"N/A","basis":"No such surface in the offline synthetic fixture","caseId":null,"observedResult":"N/A","evidenceDigest":null},{"invariantId":"offline","surface":"MIGRATIONS","mutationPath":"N/A","principal":"N/A","negativeTestId":null,"applicability":"N/A","basis":"No such surface in the offline synthetic fixture","caseId":null,"observedResult":"N/A","evidenceDigest":null},{"invariantId":"offline","surface":"PRIVILEGED_CLIENTS","mutationPath":"N/A","principal":"N/A","negativeTestId":null,"applicability":"N/A","basis":"No such surface in the offline synthetic fixture","caseId":null,"observedResult":"N/A","evidenceDigest":null}],"pending":null,"claims":[{"classification":"VERIFIED","value":"UNKNOWN","basis":["ad22a5a2e16e27c33d2de3e77f93a40c85bbfb5bb6e3d51588378a017e745eb0","fde37ba92ff59e54953b6967452f511f7122c51fd52bd37c3d426575008fed01","94ff88c6ece803fae9c50a5f85c3348644cea14e0a1320f2d43533d5195d7ae3","e745346c163f947cb8776e3d3c5690f72ebac8b4e4583f0004b6777310427005","41ed5777fd3a6b401aa75bf91add78791826f7f4204ac37ad55652b407547223"]},{"classification":"OBSERVED","value":"GATES_GREEN"},{"classification":"UNKNOWN","value":"production, external authority acceptance and actual PR"}],"handoff":null}
  + actual - expected
  
  + 'PRODUCT_REPLAYED'
  - 'OPERATIONAL_BLOCKED'
  
      at TestContext.<anonymous> (file:///workspace/scratch/adce1c53b293/harness-human-interruption/packs/autonomy/repo-template/scripts/quality-orchestrator/tests/f27-corrections.test.mjs:38:9)
      at process.processTicksAndRejections (node:internal/process/task_queues:104:5)
      at async Test.run (node:internal/test_runner/test:1389:7)
      at async Test.processPendingSubtests (node:internal/test_runner/test:960:7) {
    generatedMessage: false,
    code: 'ERR_ASSERTION',
    actual: 'PRODUCT_REPLAYED',
    expected: 'OPERATIONAL_BLOCKED',
    operator: 'strictEqual',
    diff: 'simple'
  }

test at packs/autonomy/repo-template/scripts/quality-orchestrator/tests/f27-corrections.test.mjs:36:27
✖ F27 M4 settled cyberPolicy remains diagnostic with original charged key and no automatic retry (19666.207348ms)
  AssertionError [ERR_ASSERTION]: {"status":"PRODUCT_REPLAYED","activeRunId":"4082e874cea1e39a152733bb541d8f29ba7be0479e0762991a53b92e6230424b","fixProposals":0,"files":{"frozen.txt":{"digest":"3e58bada6a180c0d7f817bdae51fba96a461575b309bfbc17a6918d20c6617c7","lines":1,"mode":"100644"},"product.json":{"digest":"9956fcb386158a20a74f5eff2cd056e3a912672b09e74e06ba9cf89aca0941e9","lines":1,"mode":"100644"}},"rebindings":[],"remediations":[],"remediationPending":null,"normalized":{"review:full:tool:1":{"digest":"853223397af1756ac0aa7eee811dfcf3c5e77a4ac24872ad38f61e9b5478596b","rawDigest":"f2e295ffb742c48a69021296414d585ed27b5ec6e80c49dd87cb42322989ae15"}},"ingestions":[{"key":"review:full:tool:1","normalizedOutputDigest":"853223397af1756ac0aa7eee811dfcf3c5e77a4ac24872ad38f61e9b5478596b","ingestedBytesDigest":"853223397af1756ac0aa7eee811dfcf3c5e77a4ac24872ad38f61e9b5478596b","sessionId":"9c135073-e9d0-40f4-a68f-707eb95d3aa2"}],"tooling":{"failures":1,"retries":{"review:full":1},"fingerprints":{"189b4ee93559bd0d543119fdd8fb2d7cefbfb0ee8e9580275638b5079a9ef2f7":1}},"interruption":{"classification":"AUTO_REMEDIABLE","cause":"INFRASTRUCTURE_NORMALIZATION","evidenceDigest":"24fd5c97f2e327bf9c4e1360dfbf7395fe1b6528a42e86f134cd207c903fab8a"},"objectiveDigest":"ab6e7c353f7a56e8bbc42ee4f0b24232ccf817046ed732a2ba33371e9e650211","stage":"BOUNDED_REMEDIATION","manifestDigest":"59445670b5af0c2ed13ad77a4ee07416e51600bf9dd945b2c6cff8e53d69b5fa","productDigest":"84408fe012d1c02e92910664497417868c351b0381170d86d2f857ca1c6a6862","steps":[{"key":"red:0","kind":"RED","evidenceDigest":"f8d40c3819c360e7581eb9f12d52e36548359ceded8c04841d7b9eac312417b8","binding":"090ca937bc23b7063d48fc0ad98f1558060a8746fc5c28ccfe752eee8fca6940"},{"key":"author:0","kind":"AUTHOR","evidenceDigest":"f19fcfc5bb8aa1176b550df5b9e9fa47d2612dcdeed3129f6bb4ff5efd7bbbea","binding":"68841fcd3e341d9800a039449c6a57f8a69c8dc3d37269ff08a280d510e7e1fd"},{"key":"patch:0","kind":"PATCH","evidenceDigest":"e7ffce1344b78f29851951a53f29d41291e6f11bbcdced6e5f00e38ae3d83fc0","binding":"588663e7af5197582a27826b3dc59f52e5297e58d6e43564adb8e7711f701aa5"},{"key":"verify:0","kind":"VERIFY","evidenceDigest":"40aeacd5afa5dafbf63f3c7a5c67e73a8e83e88cf4aed0c923b8ac90fef0ed93","binding":"5e54ad0a5c5e9ede4556a8c21f30499505a7c6c19b049132b6a7508ed9b75f7a"},{"key":"review:full:tool:1","kind":"REVIEW","evidenceDigest":"14fb512fd26b71d4b7bf27f1eea83c5feeedd51ee17ebcde978ed09be774cf6e","binding":"331423f9eb5c88e13c46b0db6920c7619a27d878a1ae7662ccf69925d0666f32"}],"gates":[{"argv":["/opt/codex/runtimes/codex-primary-runtime/dependencies/node/bin/node","/tmp/hir-v2VNT2/verifier.mjs"],"binding":"090ca937bc23b7063d48fc0ad98f1558060a8746fc5c28ccfe752eee8fca6940","cases":[{"actual":false,"id":"value"}],"defectFingerprint":"6b5f2207ba5f6afaa9307776b7c4d360ccd736d88b59e34a29e0a58f16aabb1b","exit":1,"identity":{"artifactDigest":"aa97a8ced1cf0ef5e22c170ef76e234b3a9d58c8a321e79121a8588a81095c68","schemaState":"N/A: offline JSON","version":"fixture"},"inputDigest":"082f82ee075dfb4fbccd1649f2bbe1e94f28a5a40c89c008fde490ad5a0cdc39","kind":"RED","result":"RED","sourceManifestDigest":"aa97a8ced1cf0ef5e22c170ef76e234b3a9d58c8a321e79121a8588a81095c68","verifierDigest":"56267d02cf1aae023856ae91d12af52a06d1beb17923e84a8431298bbf1594bc","evidenceDigest":"f8d40c3819c360e7581eb9f12d52e36548359ceded8c04841d7b9eac312417b8"},{"argv":["/opt/codex/runtimes/codex-primary-runtime/dependencies/node/bin/node","/tmp/hir-v2VNT2/verifier.mjs"],"binding":"5e54ad0a5c5e9ede4556a8c21f30499505a7c6c19b049132b6a7508ed9b75f7a","cases":[{"actual":true,"id":"value"}],"defectFingerprint":null,"exit":0,"identity":{"artifactDigest":"59445670b5af0c2ed13ad77a4ee07416e51600bf9dd945b2c6cff8e53d69b5fa","schemaState":"N/A: offline JSON","version":"fixture"},"inputDigest":"20325fd5305f62f57ccc9c4c3001027ce8e310ffe412fa894339f4badfc98578","kind":"VERIFY","result":"GREEN","sourceManifestDigest":"59445670b5af0c2ed13ad77a4ee07416e51600bf9dd945b2c6cff8e53d69b5fa","verifierDigest":"56267d02cf1aae023856ae91d12af52a06d1beb17923e84a8431298bbf1594bc","evidenceDigest":"40aeacd5afa5dafbf63f3c7a5c67e73a8e83e88cf4aed0c923b8ac90fef0ed93"}],"authorship":[{"sessionId":"a4f3bff4-5f45-453a-86bb-912d56e14d7a","evidenceDigest":"f19fcfc5bb8aa1176b550df5b9e9fa47d2612dcdeed3129f6bb4ff5efd7bbbea"}],"review":{"version":1,"verdict":"FAIL","findings":[{"id":"finding:f60988dfef932939a285b0f0982c775bf446e03438ef60bd6361f1f9800580e5","severity":"High","path":"product.json","line":1,"description":"Semantic regression is false","counterexample":"{\"caseId\":\"semantic\"}"}],"sessionId":"9c135073-e9d0-40f4-a68f-707eb95d3aa2","evidenceDigest":"14fb512fd26b71d4b7bf27f1eea83c5feeedd51ee17ebcde978ed09be774cf6e","manifestDigest":"59445670b5af0c2ed13ad77a4ee07416e51600bf9dd945b2c6cff8e53d69b5fa","kind":"REVIEW","originalFullReviewDigest":null},"fullReview":{"version":1,"verdict":"FAIL","findings":[{"id":"finding:f60988dfef932939a285b0f0982c775bf446e03438ef60bd6361f1f9800580e5","severity":"High","path":"product.json","line":1,"description":"Semantic regression is false","counterexample":"{\"caseId\":\"semantic\"}"}],"sessionId":"9c135073-e9d0-40f4-a68f-707eb95d3aa2","evidenceDigest":"14fb512fd26b71d4b7bf27f1eea83c5feeedd51ee17ebcde978ed09be774cf6e","manifestDigest":"59445670b5af0c2ed13ad77a4ee07416e51600bf9dd945b2c6cff8e53d69b5fa","kind":"REVIEW","originalFullReviewDigest":null},"findings":[{"finding":{"id":"finding:f60988dfef932939a285b0f0982c775bf446e03438ef60bd6361f1f9800580e5","severity":"High","path":"product.json","line":1,"description":"Semantic regression is false","counterexample":"{\"caseId\":\"semantic\"}"},"firstReviewDigest":"14fb512fd26b71d4b7bf27f1eea83c5feeedd51ee17ebcde978ed09be774cf6e","status":"OPEN"}],"causalEvidence":[],"resolutions":[],"differences":[],"counters":{"fullReview":1,"fixAttempts":0,"controlOnlyWithoutValue":0,"starts":6},"causalRed":null,"verified_state":"UNKNOWN","desired_state":"Autonomous mechanical recovery","observed_state":"GATES_GREEN","reported_state":{"classification":"REPORTED","value":"No model prose certifies this objective"},"executionAssurance":"FIXTURE","readiness":"NOT_P0_READY","metrics":{"interventionsPerObjective":"UNKNOWN","timeToFirstRED":"UNKNOWN","timeToActualPRReady":"UNKNOWN","duplicateGateMinutesAvoided":"UNKNOWN","findingsAfterFalseReady":"UNKNOWN","highCriticalRegressionRate":"UNKNOWN","autonomousObjectivesCompleted":0,"fixtureObjectivesCompleted":0},"coverage":[{"invariantId":"offline","surface":"CLI","mutationPath":"product.json","principal":"local-user","negativeTestId":"value","applicability":"APPLICABLE","basis":"Actual local product verification","caseId":"value","observedResult":"GREEN","evidenceDigest":"40aeacd5afa5dafbf63f3c7a5c67e73a8e83e88cf4aed0c923b8ac90fef0ed93","sourceManifestDigest":"59445670b5af0c2ed13ad77a4ee07416e51600bf9dd945b2c6cff8e53d69b5fa"},{"invariantId":"offline","surface":"UI","mutationPath":"N/A","principal":"N/A","negativeTestId":null,"applicability":"N/A","basis":"No such surface in the offline synthetic fixture","caseId":null,"observedResult":"N/A","evidenceDigest":null},{"invariantId":"offline","surface":"API_SERVER_ACTION","mutationPath":"N/A","principal":"N/A","negativeTestId":null,"applicability":"N/A","basis":"No such surface in the offline synthetic fixture","caseId":null,"observedResult":"N/A","evidenceDigest":null},{"invariantId":"offline","surface":"RPC","mutationPath":"N/A","principal":"N/A","negativeTestId":null,"applicability":"N/A","basis":"No such surface in the offline synthetic fixture","caseId":null,"observedResult":"N/A","evidenceDigest":null},{"invariantId":"offline","surface":"DIRECT_DML_POSTGREST","mutationPath":"N/A","principal":"N/A","negativeTestId":null,"applicability":"N/A","basis":"No such surface in the offline synthetic fixture","caseId":null,"observedResult":"N/A","evidenceDigest":null},{"invariantId":"offline","surface":"BATCH_SYNC","mutationPath":"N/A","principal":"N/A","negativeTestId":null,"applicability":"N/A","basis":"No such surface in the offline synthetic fixture","caseId":null,"observedResult":"N/A","evidenceDigest":null},{"invariantId":"offline","surface":"STORAGE","mutationPath":"N/A","principal":"N/A","negativeTestId":null,"applicability":"N/A","basis":"No such surface in the offline synthetic fixture","caseId":null,"observedResult":"N/A","evidenceDigest":null},{"invariantId":"offline","surface":"TRIGGERS","mutationPath":"N/A","principal":"N/A","negativeTestId":null,"applicability":"N/A","basis":"No such surface in the offline synthetic fixture","caseId":null,"observedResult":"N/A","evidenceDigest":null},{"invariantId":"offline","surface":"MIGRATIONS","mutationPath":"N/A","principal":"N/A","negativeTestId":null,"applicability":"N/A","basis":"No such surface in the offline synthetic fixture","caseId":null,"observedResult":"N/A","evidenceDigest":null},{"invariantId":"offline","surface":"PRIVILEGED_CLIENTS","mutationPath":"N/A","principal":"N/A","negativeTestId":null,"applicability":"N/A","basis":"No such surface in the offline synthetic fixture","caseId":null,"observedResult":"N/A","evidenceDigest":null}],"pending":null,"claims":[{"classification":"VERIFIED","value":"UNKNOWN","basis":["f8d40c3819c360e7581eb9f12d52e36548359ceded8c04841d7b9eac312417b8","f19fcfc5bb8aa1176b550df5b9e9fa47d2612dcdeed3129f6bb4ff5efd7bbbea","e7ffce1344b78f29851951a53f29d41291e6f11bbcdced6e5f00e38ae3d83fc0","40aeacd5afa5dafbf63f3c7a5c67e73a8e83e88cf4aed0c923b8ac90fef0ed93","14fb512fd26b71d4b7bf27f1eea83c5feeedd51ee17ebcde978ed09be774cf6e"]},{"classification":"OBSERVED","value":"GATES_GREEN"},{"classification":"UNKNOWN","value":"production, external authority acceptance and actual PR"}],"handoff":null}
  + actual - expected
  
  + 'PRODUCT_REPLAYED'
  - 'OPERATIONAL_BLOCKED'
  
      at TestContext.<anonymous> (file:///workspace/scratch/adce1c53b293/harness-human-interruption/packs/autonomy/repo-template/scripts/quality-orchestrator/tests/f27-corrections.test.mjs:38:9)
      at process.processTicksAndRejections (node:internal/process/task_queues:104:5)
      at async Test.run (node:internal/test_runner/test:1389:7)
      at async Test.processPendingSubtests (node:internal/test_runner/test:960:7) {
    generatedMessage: false,
    code: 'ERR_ASSERTION',
    actual: 'PRODUCT_REPLAYED',
    expected: 'OPERATIONAL_BLOCKED',
    operator: 'strictEqual',
    diff: 'simple'
  }

test at packs/autonomy/repo-template/scripts/quality-orchestrator/tests/f27-corrections.test.mjs:36:27
✖ F27 M4 settled misalignmentPolicyViolation remains diagnostic with original charged key and no automatic retry (19984.388519ms)
  AssertionError [ERR_ASSERTION]: {"status":"PRODUCT_REPLAYED","activeRunId":"99da9c9ed56b04273b6f9322a30a48460dc257dcd6c5ffeec4a622c6b40bc0a2","fixProposals":0,"files":{"frozen.txt":{"digest":"3e58bada6a180c0d7f817bdae51fba96a461575b309bfbc17a6918d20c6617c7","lines":1,"mode":"100644"},"product.json":{"digest":"9956fcb386158a20a74f5eff2cd056e3a912672b09e74e06ba9cf89aca0941e9","lines":1,"mode":"100644"}},"rebindings":[],"remediations":[],"remediationPending":null,"normalized":{"review:full:tool:1":{"digest":"2dc6d049a55e4cbf754762c034b8ea48305a65c9969f5316a0962404e62b7f90","rawDigest":"f2e295ffb742c48a69021296414d585ed27b5ec6e80c49dd87cb42322989ae15"}},"ingestions":[{"key":"review:full:tool:1","normalizedOutputDigest":"2dc6d049a55e4cbf754762c034b8ea48305a65c9969f5316a0962404e62b7f90","ingestedBytesDigest":"2dc6d049a55e4cbf754762c034b8ea48305a65c9969f5316a0962404e62b7f90","sessionId":"8bcc91c0-e313-416f-92f9-82e122527d95"}],"tooling":{"failures":1,"retries":{"review:full":1},"fingerprints":{"189b4ee93559bd0d543119fdd8fb2d7cefbfb0ee8e9580275638b5079a9ef2f7":1}},"interruption":{"classification":"AUTO_REMEDIABLE","cause":"INFRASTRUCTURE_NORMALIZATION","evidenceDigest":"173e51e7213211021a41b8e453c279176a8962a0fd7923c9e9b0176fd96ca25a"},"objectiveDigest":"501e12cfdacae31d4d930f02949688d2206ea5fa190eda31ae9501453155242a","stage":"BOUNDED_REMEDIATION","manifestDigest":"59445670b5af0c2ed13ad77a4ee07416e51600bf9dd945b2c6cff8e53d69b5fa","productDigest":"bf4737e5fff89e914b1950120c16c3ffd0f2e50b7931393a9ae405dd0d2b55df","steps":[{"key":"red:0","kind":"RED","evidenceDigest":"4c16f763a139315f1631708881fecf3b491d626f3b9ff36f16e51911930cda71","binding":"414926442d9a4cfd4b94f6c1ae1fd19061070bc0f2d5df2dcf0fd9f73f0c4c76"},{"key":"author:0","kind":"AUTHOR","evidenceDigest":"1c128ed5d90574dc6979d099d37ae7d453e823fed211d0074a0ee39c4d1a1f6b","binding":"102014cb84b029ef0c827b68cafc0e71a23a3945c87892f8138113d0da447173"},{"key":"patch:0","kind":"PATCH","evidenceDigest":"1f3b39cc39ef56372b5bbf1ab094d8f217215678062e0ff6194f840e26ba3a5a","binding":"80928cd55b266b4e75d8ba9fed135ac6246649fb009a61a231901d5cdfb2acd8"},{"key":"verify:0","kind":"VERIFY","evidenceDigest":"a6dea2924e86fcc155165933f78412626db8811aae62cd09feba94e434d0740f","binding":"aa87dd4faa61061c8a7026cb9c0d905531c586b3051abd5328902c17daaad12d"},{"key":"review:full:tool:1","kind":"REVIEW","evidenceDigest":"5fc4f859a69a1da0805fcd8d5a824606993191f4b52f615a584a0811e1baec92","binding":"6a92b9e9054b221cf6f565e951732c5ff997855125feb8ee69ef52d134c2923a"}],"gates":[{"argv":["/opt/codex/runtimes/codex-primary-runtime/dependencies/node/bin/node","/tmp/hir-PdsVyp/verifier.mjs"],"binding":"414926442d9a4cfd4b94f6c1ae1fd19061070bc0f2d5df2dcf0fd9f73f0c4c76","cases":[{"actual":false,"id":"value"}],"defectFingerprint":"6b5f2207ba5f6afaa9307776b7c4d360ccd736d88b59e34a29e0a58f16aabb1b","exit":1,"identity":{"artifactDigest":"aa97a8ced1cf0ef5e22c170ef76e234b3a9d58c8a321e79121a8588a81095c68","schemaState":"N/A: offline JSON","version":"fixture"},"inputDigest":"4eaaedd992bd064602fd25a4304830dafd6f9257bafc52797be1db9f54e0089b","kind":"RED","result":"RED","sourceManifestDigest":"aa97a8ced1cf0ef5e22c170ef76e234b3a9d58c8a321e79121a8588a81095c68","verifierDigest":"54351525d02df7e9c6a2688d81388450dfe76cf0676d590a486e2b23708a0283","evidenceDigest":"4c16f763a139315f1631708881fecf3b491d626f3b9ff36f16e51911930cda71"},{"argv":["/opt/codex/runtimes/codex-primary-runtime/dependencies/node/bin/node","/tmp/hir-PdsVyp/verifier.mjs"],"binding":"aa87dd4faa61061c8a7026cb9c0d905531c586b3051abd5328902c17daaad12d","cases":[{"actual":true,"id":"value"}],"defectFingerprint":null,"exit":0,"identity":{"artifactDigest":"59445670b5af0c2ed13ad77a4ee07416e51600bf9dd945b2c6cff8e53d69b5fa","schemaState":"N/A: offline JSON","version":"fixture"},"inputDigest":"1b71f0ee5ad03cf2ca253745fff1e106e0b7fb76c532e25136a1353d424eb8c9","kind":"VERIFY","result":"GREEN","sourceManifestDigest":"59445670b5af0c2ed13ad77a4ee07416e51600bf9dd945b2c6cff8e53d69b5fa","verifierDigest":"54351525d02df7e9c6a2688d81388450dfe76cf0676d590a486e2b23708a0283","evidenceDigest":"a6dea2924e86fcc155165933f78412626db8811aae62cd09feba94e434d0740f"}],"authorship":[{"sessionId":"0ef78f59-cb07-4573-b943-e8543c5cdeee","evidenceDigest":"1c128ed5d90574dc6979d099d37ae7d453e823fed211d0074a0ee39c4d1a1f6b"}],"review":{"version":1,"verdict":"FAIL","findings":[{"id":"finding:75854f4f967767b5783cc9db57c25d3591654eb81401ccca46c6fd07b524b871","severity":"High","path":"product.json","line":1,"description":"Semantic regression is false","counterexample":"{\"caseId\":\"semantic\"}"}],"sessionId":"8bcc91c0-e313-416f-92f9-82e122527d95","evidenceDigest":"5fc4f859a69a1da0805fcd8d5a824606993191f4b52f615a584a0811e1baec92","manifestDigest":"59445670b5af0c2ed13ad77a4ee07416e51600bf9dd945b2c6cff8e53d69b5fa","kind":"REVIEW","originalFullReviewDigest":null},"fullReview":{"version":1,"verdict":"FAIL","findings":[{"id":"finding:75854f4f967767b5783cc9db57c25d3591654eb81401ccca46c6fd07b524b871","severity":"High","path":"product.json","line":1,"description":"Semantic regression is false","counterexample":"{\"caseId\":\"semantic\"}"}],"sessionId":"8bcc91c0-e313-416f-92f9-82e122527d95","evidenceDigest":"5fc4f859a69a1da0805fcd8d5a824606993191f4b52f615a584a0811e1baec92","manifestDigest":"59445670b5af0c2ed13ad77a4ee07416e51600bf9dd945b2c6cff8e53d69b5fa","kind":"REVIEW","originalFullReviewDigest":null},"findings":[{"finding":{"id":"finding:75854f4f967767b5783cc9db57c25d3591654eb81401ccca46c6fd07b524b871","severity":"High","path":"product.json","line":1,"description":"Semantic regression is false","counterexample":"{\"caseId\":\"semantic\"}"},"firstReviewDigest":"5fc4f859a69a1da0805fcd8d5a824606993191f4b52f615a584a0811e1baec92","status":"OPEN"}],"causalEvidence":[],"resolutions":[],"differences":[],"counters":{"fullReview":1,"fixAttempts":0,"controlOnlyWithoutValue":0,"starts":6},"causalRed":null,"verified_state":"UNKNOWN","desired_state":"Autonomous mechanical recovery","observed_state":"GATES_GREEN","reported_state":{"classification":"REPORTED","value":"No model prose certifies this objective"},"executionAssurance":"FIXTURE","readiness":"NOT_P0_READY","metrics":{"interventionsPerObjective":"UNKNOWN","timeToFirstRED":"UNKNOWN","timeToActualPRReady":"UNKNOWN","duplicateGateMinutesAvoided":"UNKNOWN","findingsAfterFalseReady":"UNKNOWN","highCriticalRegressionRate":"UNKNOWN","autonomousObjectivesCompleted":0,"fixtureObjectivesCompleted":0},"coverage":[{"invariantId":"offline","surface":"CLI","mutationPath":"product.json","principal":"local-user","negativeTestId":"value","applicability":"APPLICABLE","basis":"Actual local product verification","caseId":"value","observedResult":"GREEN","evidenceDigest":"a6dea2924e86fcc155165933f78412626db8811aae62cd09feba94e434d0740f","sourceManifestDigest":"59445670b5af0c2ed13ad77a4ee07416e51600bf9dd945b2c6cff8e53d69b5fa"},{"invariantId":"offline","surface":"UI","mutationPath":"N/A","principal":"N/A","negativeTestId":null,"applicability":"N/A","basis":"No such surface in the offline synthetic fixture","caseId":null,"observedResult":"N/A","evidenceDigest":null},{"invariantId":"offline","surface":"API_SERVER_ACTION","mutationPath":"N/A","principal":"N/A","negativeTestId":null,"applicability":"N/A","basis":"No such surface in the offline synthetic fixture","caseId":null,"observedResult":"N/A","evidenceDigest":null},{"invariantId":"offline","surface":"RPC","mutationPath":"N/A","principal":"N/A","negativeTestId":null,"applicability":"N/A","basis":"No such surface in the offline synthetic fixture","caseId":null,"observedResult":"N/A","evidenceDigest":null},{"invariantId":"offline","surface":"DIRECT_DML_POSTGREST","mutationPath":"N/A","principal":"N/A","negativeTestId":null,"applicability":"N/A","basis":"No such surface in the offline synthetic fixture","caseId":null,"observedResult":"N/A","evidenceDigest":null},{"invariantId":"offline","surface":"BATCH_SYNC","mutationPath":"N/A","principal":"N/A","negativeTestId":null,"applicability":"N/A","basis":"No such surface in the offline synthetic fixture","caseId":null,"observedResult":"N/A","evidenceDigest":null},{"invariantId":"offline","surface":"STORAGE","mutationPath":"N/A","principal":"N/A","negativeTestId":null,"applicability":"N/A","basis":"No such surface in the offline synthetic fixture","caseId":null,"observedResult":"N/A","evidenceDigest":null},{"invariantId":"offline","surface":"TRIGGERS","mutationPath":"N/A","principal":"N/A","negativeTestId":null,"applicability":"N/A","basis":"No such surface in the offline synthetic fixture","caseId":null,"observedResult":"N/A","evidenceDigest":null},{"invariantId":"offline","surface":"MIGRATIONS","mutationPath":"N/A","principal":"N/A","negativeTestId":null,"applicability":"N/A","basis":"No such surface in the offline synthetic fixture","caseId":null,"observedResult":"N/A","evidenceDigest":null},{"invariantId":"offline","surface":"PRIVILEGED_CLIENTS","mutationPath":"N/A","principal":"N/A","negativeTestId":null,"applicability":"N/A","basis":"No such surface in the offline synthetic fixture","caseId":null,"observedResult":"N/A","evidenceDigest":null}],"pending":null,"claims":[{"classification":"VERIFIED","value":"UNKNOWN","basis":["4c16f763a139315f1631708881fecf3b491d626f3b9ff36f16e51911930cda71","1c128ed5d90574dc6979d099d37ae7d453e823fed211d0074a0ee39c4d1a1f6b","1f3b39cc39ef56372b5bbf1ab094d8f217215678062e0ff6194f840e26ba3a5a","a6dea2924e86fcc155165933f78412626db8811aae62cd09feba94e434d0740f","5fc4f859a69a1da0805fcd8d5a824606993191f4b52f615a584a0811e1baec92"]},{"classification":"OBSERVED","value":"GATES_GREEN"},{"classification":"UNKNOWN","value":"production, external authority acceptance and actual PR"}],"handoff":null}
  + actual - expected
  
  + 'PRODUCT_REPLAYED'
  - 'OPERATIONAL_BLOCKED'
  
      at TestContext.<anonymous> (file:///workspace/scratch/adce1c53b293/harness-human-interruption/packs/autonomy/repo-template/scripts/quality-orchestrator/tests/f27-corrections.test.mjs:38:9)
      at process.processTicksAndRejections (node:internal/process/task_queues:104:5)
      at async Test.run (node:internal/test_runner/test:1389:7)
      at async Test.processPendingSubtests (node:internal/test_runner/test:960:7) {
    generatedMessage: false,
    code: 'ERR_ASSERTION',
    actual: 'PRODUCT_REPLAYED',
    expected: 'OPERATIONAL_BLOCKED',
    operator: 'strictEqual',
    diff: 'simple'
  }

test at packs/autonomy/repo-template/scripts/quality-orchestrator/tests/f27-corrections.test.mjs:36:27
✖ F27 M4 settled sandboxError remains diagnostic with original charged key and no automatic retry (21382.658185ms)
  AssertionError [ERR_ASSERTION]: {"status":"PRODUCT_REPLAYED","activeRunId":"087186eeed8e953d7b36c1d80c0bc4f1db670303be53e87dc09194cff8aaee3e","fixProposals":0,"files":{"frozen.txt":{"digest":"3e58bada6a180c0d7f817bdae51fba96a461575b309bfbc17a6918d20c6617c7","lines":1,"mode":"100644"},"product.json":{"digest":"9956fcb386158a20a74f5eff2cd056e3a912672b09e74e06ba9cf89aca0941e9","lines":1,"mode":"100644"}},"rebindings":[],"remediations":[],"remediationPending":null,"normalized":{"review:full:tool:1":{"digest":"c119bdd30a2e60ae7d16f8a53c9f1c35df9b871a7552432f429455c4e9fbcab9","rawDigest":"f2e295ffb742c48a69021296414d585ed27b5ec6e80c49dd87cb42322989ae15"}},"ingestions":[{"key":"review:full:tool:1","normalizedOutputDigest":"c119bdd30a2e60ae7d16f8a53c9f1c35df9b871a7552432f429455c4e9fbcab9","ingestedBytesDigest":"c119bdd30a2e60ae7d16f8a53c9f1c35df9b871a7552432f429455c4e9fbcab9","sessionId":"cb772bbc-c6df-45c8-8366-143ad12a2d92"}],"tooling":{"failures":1,"retries":{"review:full":1},"fingerprints":{"189b4ee93559bd0d543119fdd8fb2d7cefbfb0ee8e9580275638b5079a9ef2f7":1}},"interruption":{"classification":"AUTO_REMEDIABLE","cause":"INFRASTRUCTURE_NORMALIZATION","evidenceDigest":"bf89ba13063c3e907bacb0bec689763ad354f3f7943a912d61f6d3d5a9075df1"},"objectiveDigest":"f0d5ac2f0f49c7b59ef6c314791d1f5804fb6d843d591c00252cc4cc096fa6ed","stage":"BOUNDED_REMEDIATION","manifestDigest":"59445670b5af0c2ed13ad77a4ee07416e51600bf9dd945b2c6cff8e53d69b5fa","productDigest":"47e0a65a25c86badd59aa07ad05a4d3110d68dd4a877036df9eb9c1ac27176e4","steps":[{"key":"red:0","kind":"RED","evidenceDigest":"fd7d15db3d09beee6b575356423ea30ea9a2eaa873b5c95e8d58976d3b13cb47","binding":"eb2d8e3b3089b88fa65d66a0b3e63ac48769a579fe1509dd2550bb1049f174b3"},{"key":"author:0","kind":"AUTHOR","evidenceDigest":"fd375388caa9e06ea12260f0dd82a318766d6135559f4137f135abe771a25c6d","binding":"86a722085cb2e6ad50113f453fd057ab52f8a97c7ba352cfe0d76e7e67ccfa30"},{"key":"patch:0","kind":"PATCH","evidenceDigest":"ed62f3b86c8a62a31505f4f04048a77510a72afc0d85d8f7dbf90226733a537a","binding":"b8051ec915b65216be881894727843953cf26bce9ee332eb5095b49f7a5fe40a"},{"key":"verify:0","kind":"VERIFY","evidenceDigest":"e8f44d3a16a88e344dcc444c1655f234aa183f6416379ec2e98432d304fb512b","binding":"ac98afb9f1f6dc202b0da5648101f98722dc4e14e8fcc60527faa1c1078e98d0"},{"key":"review:full:tool:1","kind":"REVIEW","evidenceDigest":"ec7083aa1377f30517c07cd9844b06313ba45be37cb40939a854a6ef583f3f18","binding":"a2af9a3a814f0f83b6ea9075cd8f573d7a3ba3347088b6960467f9b6e12dea85"}],"gates":[{"argv":["/opt/codex/runtimes/codex-primary-runtime/dependencies/node/bin/node","/tmp/hir-tevqjQ/verifier.mjs"],"binding":"eb2d8e3b3089b88fa65d66a0b3e63ac48769a579fe1509dd2550bb1049f174b3","cases":[{"actual":false,"id":"value"}],"defectFingerprint":"6b5f2207ba5f6afaa9307776b7c4d360ccd736d88b59e34a29e0a58f16aabb1b","exit":1,"identity":{"artifactDigest":"aa97a8ced1cf0ef5e22c170ef76e234b3a9d58c8a321e79121a8588a81095c68","schemaState":"N/A: offline JSON","version":"fixture"},"inputDigest":"7ab664aa57bba166170cc4ec78471b6e9e1c787e2cfae33ff24e145bfa0ab0be","kind":"RED","result":"RED","sourceManifestDigest":"aa97a8ced1cf0ef5e22c170ef76e234b3a9d58c8a321e79121a8588a81095c68","verifierDigest":"ebb0bc987f0a3c0d289acc956a7764da7bc8c1a7bc83d80807714e20885d6184","evidenceDigest":"fd7d15db3d09beee6b575356423ea30ea9a2eaa873b5c95e8d58976d3b13cb47"},{"argv":["/opt/codex/runtimes/codex-primary-runtime/dependencies/node/bin/node","/tmp/hir-tevqjQ/verifier.mjs"],"binding":"ac98afb9f1f6dc202b0da5648101f98722dc4e14e8fcc60527faa1c1078e98d0","cases":[{"actual":true,"id":"value"}],"defectFingerprint":null,"exit":0,"identity":{"artifactDigest":"59445670b5af0c2ed13ad77a4ee07416e51600bf9dd945b2c6cff8e53d69b5fa","schemaState":"N/A: offline JSON","version":"fixture"},"inputDigest":"715f6145a9a15e82aba2d1d41afbad3e04a6a428461d4b7ab36cb3c942bf45c2","kind":"VERIFY","result":"GREEN","sourceManifestDigest":"59445670b5af0c2ed13ad77a4ee07416e51600bf9dd945b2c6cff8e53d69b5fa","verifierDigest":"ebb0bc987f0a3c0d289acc956a7764da7bc8c1a7bc83d80807714e20885d6184","evidenceDigest":"e8f44d3a16a88e344dcc444c1655f234aa183f6416379ec2e98432d304fb512b"}],"authorship":[{"sessionId":"9ad63243-4ddc-45de-8199-abdd5d7e5c23","evidenceDigest":"fd375388caa9e06ea12260f0dd82a318766d6135559f4137f135abe771a25c6d"}],"review":{"version":1,"verdict":"FAIL","findings":[{"id":"finding:c92fe297bfdb8a863216a3aacb20dcd7f5dab3762b847c06d5b9210ffb30a72a","severity":"High","path":"product.json","line":1,"description":"Semantic regression is false","counterexample":"{\"caseId\":\"semantic\"}"}],"sessionId":"cb772bbc-c6df-45c8-8366-143ad12a2d92","evidenceDigest":"ec7083aa1377f30517c07cd9844b06313ba45be37cb40939a854a6ef583f3f18","manifestDigest":"59445670b5af0c2ed13ad77a4ee07416e51600bf9dd945b2c6cff8e53d69b5fa","kind":"REVIEW","originalFullReviewDigest":null},"fullReview":{"version":1,"verdict":"FAIL","findings":[{"id":"finding:c92fe297bfdb8a863216a3aacb20dcd7f5dab3762b847c06d5b9210ffb30a72a","severity":"High","path":"product.json","line":1,"description":"Semantic regression is false","counterexample":"{\"caseId\":\"semantic\"}"}],"sessionId":"cb772bbc-c6df-45c8-8366-143ad12a2d92","evidenceDigest":"ec7083aa1377f30517c07cd9844b06313ba45be37cb40939a854a6ef583f3f18","manifestDigest":"59445670b5af0c2ed13ad77a4ee07416e51600bf9dd945b2c6cff8e53d69b5fa","kind":"REVIEW","originalFullReviewDigest":null},"findings":[{"finding":{"id":"finding:c92fe297bfdb8a863216a3aacb20dcd7f5dab3762b847c06d5b9210ffb30a72a","severity":"High","path":"product.json","line":1,"description":"Semantic regression is false","counterexample":"{\"caseId\":\"semantic\"}"},"firstReviewDigest":"ec7083aa1377f30517c07cd9844b06313ba45be37cb40939a854a6ef583f3f18","status":"OPEN"}],"causalEvidence":[],"resolutions":[],"differences":[],"counters":{"fullReview":1,"fixAttempts":0,"controlOnlyWithoutValue":0,"starts":6},"causalRed":null,"verified_state":"UNKNOWN","desired_state":"Autonomous mechanical recovery","observed_state":"GATES_GREEN","reported_state":{"classification":"REPORTED","value":"No model prose certifies this objective"},"executionAssurance":"FIXTURE","readiness":"NOT_P0_READY","metrics":{"interventionsPerObjective":"UNKNOWN","timeToFirstRED":"UNKNOWN","timeToActualPRReady":"UNKNOWN","duplicateGateMinutesAvoided":"UNKNOWN","findingsAfterFalseReady":"UNKNOWN","highCriticalRegressionRate":"UNKNOWN","autonomousObjectivesCompleted":0,"fixtureObjectivesCompleted":0},"coverage":[{"invariantId":"offline","surface":"CLI","mutationPath":"product.json","principal":"local-user","negativeTestId":"value","applicability":"APPLICABLE","basis":"Actual local product verification","caseId":"value","observedResult":"GREEN","evidenceDigest":"e8f44d3a16a88e344dcc444c1655f234aa183f6416379ec2e98432d304fb512b","sourceManifestDigest":"59445670b5af0c2ed13ad77a4ee07416e51600bf9dd945b2c6cff8e53d69b5fa"},{"invariantId":"offline","surface":"UI","mutationPath":"N/A","principal":"N/A","negativeTestId":null,"applicability":"N/A","basis":"No such surface in the offline synthetic fixture","caseId":null,"observedResult":"N/A","evidenceDigest":null},{"invariantId":"offline","surface":"API_SERVER_ACTION","mutationPath":"N/A","principal":"N/A","negativeTestId":null,"applicability":"N/A","basis":"No such surface in the offline synthetic fixture","caseId":null,"observedResult":"N/A","evidenceDigest":null},{"invariantId":"offline","surface":"RPC","mutationPath":"N/A","principal":"N/A","negativeTestId":null,"applicability":"N/A","basis":"No such surface in the offline synthetic fixture","caseId":null,"observedResult":"N/A","evidenceDigest":null},{"invariantId":"offline","surface":"DIRECT_DML_POSTGREST","mutationPath":"N/A","principal":"N/A","negativeTestId":null,"applicability":"N/A","basis":"No such surface in the offline synthetic fixture","caseId":null,"observedResult":"N/A","evidenceDigest":null},{"invariantId":"offline","surface":"BATCH_SYNC","mutationPath":"N/A","principal":"N/A","negativeTestId":null,"applicability":"N/A","basis":"No such surface in the offline synthetic fixture","caseId":null,"observedResult":"N/A","evidenceDigest":null},{"invariantId":"offline","surface":"STORAGE","mutationPath":"N/A","principal":"N/A","negativeTestId":null,"applicability":"N/A","basis":"No such surface in the offline synthetic fixture","caseId":null,"observedResult":"N/A","evidenceDigest":null},{"invariantId":"offline","surface":"TRIGGERS","mutationPath":"N/A","principal":"N/A","negativeTestId":null,"applicability":"N/A","basis":"No such surface in the offline synthetic fixture","caseId":null,"observedResult":"N/A","evidenceDigest":null},{"invariantId":"offline","surface":"MIGRATIONS","mutationPath":"N/A","principal":"N/A","negativeTestId":null,"applicability":"N/A","basis":"No such surface in the offline synthetic fixture","caseId":null,"observedResult":"N/A","evidenceDigest":null},{"invariantId":"offline","surface":"PRIVILEGED_CLIENTS","mutationPath":"N/A","principal":"N/A","negativeTestId":null,"applicability":"N/A","basis":"No such surface in the offline synthetic fixture","caseId":null,"observedResult":"N/A","evidenceDigest":null}],"pending":null,"claims":[{"classification":"VERIFIED","value":"UNKNOWN","basis":["fd7d15db3d09beee6b575356423ea30ea9a2eaa873b5c95e8d58976d3b13cb47","fd375388caa9e06ea12260f0dd82a318766d6135559f4137f135abe771a25c6d","ed62f3b86c8a62a31505f4f04048a77510a72afc0d85d8f7dbf90226733a537a","e8f44d3a16a88e344dcc444c1655f234aa183f6416379ec2e98432d304fb512b","ec7083aa1377f30517c07cd9844b06313ba45be37cb40939a854a6ef583f3f18"]},{"classification":"OBSERVED","value":"GATES_GREEN"},{"classification":"UNKNOWN","value":"production, external authority acceptance and actual PR"}],"handoff":null}
  + actual - expected
  
  + 'PRODUCT_REPLAYED'
  - 'OPERATIONAL_BLOCKED'
  
      at TestContext.<anonymous> (file:///workspace/scratch/adce1c53b293/harness-human-interruption/packs/autonomy/repo-template/scripts/quality-orchestrator/tests/f27-corrections.test.mjs:38:9)
      at process.processTicksAndRejections (node:internal/process/task_queues:104:5)
      at async Test.run (node:internal/test_runner/test:1389:7)
      at async Test.processPendingSubtests (node:internal/test_runner/test:960:7) {
    generatedMessage: false,
    code: 'ERR_ASSERTION',
    actual: 'PRODUCT_REPLAYED',
    expected: 'OPERATIONAL_BLOCKED',
    operator: 'strictEqual',
    diff: 'simple'
  }

test at packs/autonomy/repo-template/scripts/quality-orchestrator/tests/f27-corrections.test.mjs:36:27
✖ F27 M4 settled sessionBudgetExceeded remains diagnostic with original charged key and no automatic retry (19988.289569ms)
  AssertionError [ERR_ASSERTION]: {"status":"PRODUCT_REPLAYED","activeRunId":"645b4bfed190d26519ff9af13a833c1a09fb08be6681ccf37221773ad2f888fc","fixProposals":0,"files":{"frozen.txt":{"digest":"3e58bada6a180c0d7f817bdae51fba96a461575b309bfbc17a6918d20c6617c7","lines":1,"mode":"100644"},"product.json":{"digest":"9956fcb386158a20a74f5eff2cd056e3a912672b09e74e06ba9cf89aca0941e9","lines":1,"mode":"100644"}},"rebindings":[],"remediations":[],"remediationPending":null,"normalized":{"review:full:tool:1":{"digest":"175b6eb23f85d811a56766f8ded45544999c31d39afa18626009c2fde11141be","rawDigest":"f2e295ffb742c48a69021296414d585ed27b5ec6e80c49dd87cb42322989ae15"}},"ingestions":[{"key":"review:full:tool:1","normalizedOutputDigest":"175b6eb23f85d811a56766f8ded45544999c31d39afa18626009c2fde11141be","ingestedBytesDigest":"175b6eb23f85d811a56766f8ded45544999c31d39afa18626009c2fde11141be","sessionId":"8aecf32d-92de-45c3-99f0-750c06ea71de"}],"tooling":{"failures":1,"retries":{"review:full":1},"fingerprints":{"189b4ee93559bd0d543119fdd8fb2d7cefbfb0ee8e9580275638b5079a9ef2f7":1}},"interruption":{"classification":"AUTO_REMEDIABLE","cause":"INFRASTRUCTURE_NORMALIZATION","evidenceDigest":"4d7b890209c23ad7f1938cc7dbe8ae6bbca28f6fe20d2ca668e89c39abcf7092"},"objectiveDigest":"4256cff6d82adb9dc3e735878dd570bb2cc5a0fc4fdd167fbedc40a7b16406f3","stage":"BOUNDED_REMEDIATION","manifestDigest":"59445670b5af0c2ed13ad77a4ee07416e51600bf9dd945b2c6cff8e53d69b5fa","productDigest":"a961afdf7af4bc3f29ac55c71355a8f835d464e4f6221d7a44caf44b5611e5c7","steps":[{"key":"red:0","kind":"RED","evidenceDigest":"9024e0e123dcf305655dd5d99d1428cd10452c5b5b514d61d0636dd2b7f33e11","binding":"10e8c6ae5a1f2507dd86ad69686847bf504cdfc913cb638c5def0e71f9096b6a"},{"key":"author:0","kind":"AUTHOR","evidenceDigest":"50a573654d530ee3ada37551218c51181b6ccd4cd451fc8d5562d1d9916b2c7d","binding":"a9cc4bb0d4f67151fb73ebe36a56f4f76c3f441a9f4d92639e7a14281d97ac68"},{"key":"patch:0","kind":"PATCH","evidenceDigest":"3d30ea1064536e4ca1191bf5b850a983435d5e5b6b6f536ff69f4d267295be85","binding":"0c2642371241b053d743e915f687fba4711bbdcc3c3b03aca1507e174b201f7b"},{"key":"verify:0","kind":"VERIFY","evidenceDigest":"1d5ecb754f065c661587c720d5c19e2a576acf2a7de916335e3f292a78ae2926","binding":"ac777b80bc2ea9f1ceb41bafa291555b048510cb1c5e94e02de0ada7a3396801"},{"key":"review:full:tool:1","kind":"REVIEW","evidenceDigest":"0070f2f9a52feb3091d784291df7f5c6df482fe447b99aad210281b348793ce9","binding":"b60fb5e77acf2be5be8502752601b8c7a77a0721ce1863680d2f6be69e82a20f"}],"gates":[{"argv":["/opt/codex/runtimes/codex-primary-runtime/dependencies/node/bin/node","/tmp/hir-ynzgfD/verifier.mjs"],"binding":"10e8c6ae5a1f2507dd86ad69686847bf504cdfc913cb638c5def0e71f9096b6a","cases":[{"actual":false,"id":"value"}],"defectFingerprint":"6b5f2207ba5f6afaa9307776b7c4d360ccd736d88b59e34a29e0a58f16aabb1b","exit":1,"identity":{"artifactDigest":"aa97a8ced1cf0ef5e22c170ef76e234b3a9d58c8a321e79121a8588a81095c68","schemaState":"N/A: offline JSON","version":"fixture"},"inputDigest":"7c863475158211a4eb60df174d15f729cd47e27025ede8a4fbdcb32dc8ea010a","kind":"RED","result":"RED","sourceManifestDigest":"aa97a8ced1cf0ef5e22c170ef76e234b3a9d58c8a321e79121a8588a81095c68","verifierDigest":"51ad00b5b501f918e0bb00dd76f143b4edca87fff8d724eaac836d50ed00b162","evidenceDigest":"9024e0e123dcf305655dd5d99d1428cd10452c5b5b514d61d0636dd2b7f33e11"},{"argv":["/opt/codex/runtimes/codex-primary-runtime/dependencies/node/bin/node","/tmp/hir-ynzgfD/verifier.mjs"],"binding":"ac777b80bc2ea9f1ceb41bafa291555b048510cb1c5e94e02de0ada7a3396801","cases":[{"actual":true,"id":"value"}],"defectFingerprint":null,"exit":0,"identity":{"artifactDigest":"59445670b5af0c2ed13ad77a4ee07416e51600bf9dd945b2c6cff8e53d69b5fa","schemaState":"N/A: offline JSON","version":"fixture"},"inputDigest":"15c2a838b2508a3a8050ca8c34b98c58b56a08d859f6d6af710378e4e27a21ae","kind":"VERIFY","result":"GREEN","sourceManifestDigest":"59445670b5af0c2ed13ad77a4ee07416e51600bf9dd945b2c6cff8e53d69b5fa","verifierDigest":"51ad00b5b501f918e0bb00dd76f143b4edca87fff8d724eaac836d50ed00b162","evidenceDigest":"1d5ecb754f065c661587c720d5c19e2a576acf2a7de916335e3f292a78ae2926"}],"authorship":[{"sessionId":"05d5c581-ed08-42fc-a0e8-c9925d11e939","evidenceDigest":"50a573654d530ee3ada37551218c51181b6ccd4cd451fc8d5562d1d9916b2c7d"}],"review":{"version":1,"verdict":"FAIL","findings":[{"id":"finding:6acce9f184f03e45625231a63c13886fd5234f4f4e4149334e96c109888eca83","severity":"High","path":"product.json","line":1,"description":"Semantic regression is false","counterexample":"{\"caseId\":\"semantic\"}"}],"sessionId":"8aecf32d-92de-45c3-99f0-750c06ea71de","evidenceDigest":"0070f2f9a52feb3091d784291df7f5c6df482fe447b99aad210281b348793ce9","manifestDigest":"59445670b5af0c2ed13ad77a4ee07416e51600bf9dd945b2c6cff8e53d69b5fa","kind":"REVIEW","originalFullReviewDigest":null},"fullReview":{"version":1,"verdict":"FAIL","findings":[{"id":"finding:6acce9f184f03e45625231a63c13886fd5234f4f4e4149334e96c109888eca83","severity":"High","path":"product.json","line":1,"description":"Semantic regression is false","counterexample":"{\"caseId\":\"semantic\"}"}],"sessionId":"8aecf32d-92de-45c3-99f0-750c06ea71de","evidenceDigest":"0070f2f9a52feb3091d784291df7f5c6df482fe447b99aad210281b348793ce9","manifestDigest":"59445670b5af0c2ed13ad77a4ee07416e51600bf9dd945b2c6cff8e53d69b5fa","kind":"REVIEW","originalFullReviewDigest":null},"findings":[{"finding":{"id":"finding:6acce9f184f03e45625231a63c13886fd5234f4f4e4149334e96c109888eca83","severity":"High","path":"product.json","line":1,"description":"Semantic regression is false","counterexample":"{\"caseId\":\"semantic\"}"},"firstReviewDigest":"0070f2f9a52feb3091d784291df7f5c6df482fe447b99aad210281b348793ce9","status":"OPEN"}],"causalEvidence":[],"resolutions":[],"differences":[],"counters":{"fullReview":1,"fixAttempts":0,"controlOnlyWithoutValue":0,"starts":6},"causalRed":null,"verified_state":"UNKNOWN","desired_state":"Autonomous mechanical recovery","observed_state":"GATES_GREEN","reported_state":{"classification":"REPORTED","value":"No model prose certifies this objective"},"executionAssurance":"FIXTURE","readiness":"NOT_P0_READY","metrics":{"interventionsPerObjective":"UNKNOWN","timeToFirstRED":"UNKNOWN","timeToActualPRReady":"UNKNOWN","duplicateGateMinutesAvoided":"UNKNOWN","findingsAfterFalseReady":"UNKNOWN","highCriticalRegressionRate":"UNKNOWN","autonomousObjectivesCompleted":0,"fixtureObjectivesCompleted":0},"coverage":[{"invariantId":"offline","surface":"CLI","mutationPath":"product.json","principal":"local-user","negativeTestId":"value","applicability":"APPLICABLE","basis":"Actual local product verification","caseId":"value","observedResult":"GREEN","evidenceDigest":"1d5ecb754f065c661587c720d5c19e2a576acf2a7de916335e3f292a78ae2926","sourceManifestDigest":"59445670b5af0c2ed13ad77a4ee07416e51600bf9dd945b2c6cff8e53d69b5fa"},{"invariantId":"offline","surface":"UI","mutationPath":"N/A","principal":"N/A","negativeTestId":null,"applicability":"N/A","basis":"No such surface in the offline synthetic fixture","caseId":null,"observedResult":"N/A","evidenceDigest":null},{"invariantId":"offline","surface":"API_SERVER_ACTION","mutationPath":"N/A","principal":"N/A","negativeTestId":null,"applicability":"N/A","basis":"No such surface in the offline synthetic fixture","caseId":null,"observedResult":"N/A","evidenceDigest":null},{"invariantId":"offline","surface":"RPC","mutationPath":"N/A","principal":"N/A","negativeTestId":null,"applicability":"N/A","basis":"No such surface in the offline synthetic fixture","caseId":null,"observedResult":"N/A","evidenceDigest":null},{"invariantId":"offline","surface":"DIRECT_DML_POSTGREST","mutationPath":"N/A","principal":"N/A","negativeTestId":null,"applicability":"N/A","basis":"No such surface in the offline synthetic fixture","caseId":null,"observedResult":"N/A","evidenceDigest":null},{"invariantId":"offline","surface":"BATCH_SYNC","mutationPath":"N/A","principal":"N/A","negativeTestId":null,"applicability":"N/A","basis":"No such surface in the offline synthetic fixture","caseId":null,"observedResult":"N/A","evidenceDigest":null},{"invariantId":"offline","surface":"STORAGE","mutationPath":"N/A","principal":"N/A","negativeTestId":null,"applicability":"N/A","basis":"No such surface in the offline synthetic fixture","caseId":null,"observedResult":"N/A","evidenceDigest":null},{"invariantId":"offline","surface":"TRIGGERS","mutationPath":"N/A","principal":"N/A","negativeTestId":null,"applicability":"N/A","basis":"No such surface in the offline synthetic fixture","caseId":null,"observedResult":"N/A","evidenceDigest":null},{"invariantId":"offline","surface":"MIGRATIONS","mutationPath":"N/A","principal":"N/A","negativeTestId":null,"applicability":"N/A","basis":"No such surface in the offline synthetic fixture","caseId":null,"observedResult":"N/A","evidenceDigest":null},{"invariantId":"offline","surface":"PRIVILEGED_CLIENTS","mutationPath":"N/A","principal":"N/A","negativeTestId":null,"applicability":"N/A","basis":"No such surface in the offline synthetic fixture","caseId":null,"observedResult":"N/A","evidenceDigest":null}],"pending":null,"claims":[{"classification":"VERIFIED","value":"UNKNOWN","basis":["9024e0e123dcf305655dd5d99d1428cd10452c5b5b514d61d0636dd2b7f33e11","50a573654d530ee3ada37551218c51181b6ccd4cd451fc8d5562d1d9916b2c7d","3d30ea1064536e4ca1191bf5b850a983435d5e5b6b6f536ff69f4d267295be85","1d5ecb754f065c661587c720d5c19e2a576acf2a7de916335e3f292a78ae2926","0070f2f9a52feb3091d784291df7f5c6df482fe447b99aad210281b348793ce9"]},{"classification":"OBSERVED","value":"GATES_GREEN"},{"classification":"UNKNOWN","value":"production, external authority acceptance and actual PR"}],"handoff":null}
  + actual - expected
  
  + 'PRODUCT_REPLAYED'
  - 'OPERATIONAL_BLOCKED'
  
      at TestContext.<anonymous> (file:///workspace/scratch/adce1c53b293/harness-human-interruption/packs/autonomy/repo-template/scripts/quality-orchestrator/tests/f27-corrections.test.mjs:38:9)
      at process.processTicksAndRejections (node:internal/process/task_queues:104:5)
      at async Test.run (node:internal/test_runner/test:1389:7)
      at async Test.processPendingSubtests (node:internal/test_runner/test:960:7) {
    generatedMessage: false,
    code: 'ERR_ASSERTION',
    actual: 'PRODUCT_REPLAYED',
    expected: 'OPERATIONAL_BLOCKED',
    operator: 'strictEqual',
    diff: 'simple'
  }

test at packs/autonomy/repo-template/scripts/quality-orchestrator/tests/f27-corrections.test.mjs:36:27
✖ F27 M4 settled usageLimitExceeded remains diagnostic with original charged key and no automatic retry (18407.628023ms)
  AssertionError [ERR_ASSERTION]: {"status":"PRODUCT_REPLAYED","activeRunId":"4d1c779409f0e1c17334b130c588beb60f3391835d94af1824f09a9bceaddbd5","fixProposals":0,"files":{"frozen.txt":{"digest":"3e58bada6a180c0d7f817bdae51fba96a461575b309bfbc17a6918d20c6617c7","lines":1,"mode":"100644"},"product.json":{"digest":"9956fcb386158a20a74f5eff2cd056e3a912672b09e74e06ba9cf89aca0941e9","lines":1,"mode":"100644"}},"rebindings":[],"remediations":[],"remediationPending":null,"normalized":{"review:full:tool:1":{"digest":"0ba8ee27944594290b37779698c50268981f0fa2694c4a5f5fd178ce8ed2ef7b","rawDigest":"f2e295ffb742c48a69021296414d585ed27b5ec6e80c49dd87cb42322989ae15"}},"ingestions":[{"key":"review:full:tool:1","normalizedOutputDigest":"0ba8ee27944594290b37779698c50268981f0fa2694c4a5f5fd178ce8ed2ef7b","ingestedBytesDigest":"0ba8ee27944594290b37779698c50268981f0fa2694c4a5f5fd178ce8ed2ef7b","sessionId":"895dfce9-75b5-4882-9d20-5fe41a6aa7c2"}],"tooling":{"failures":1,"retries":{"review:full":1},"fingerprints":{"189b4ee93559bd0d543119fdd8fb2d7cefbfb0ee8e9580275638b5079a9ef2f7":1}},"interruption":{"classification":"AUTO_REMEDIABLE","cause":"INFRASTRUCTURE_NORMALIZATION","evidenceDigest":"21af3d4f06a3dba1b8d27fdc2cd86c49c8ffcdd4f21eb7cd1d198418f25d4ed0"},"objectiveDigest":"3534a1ab4609d7de24449762c36f07aa325e8430599e0277c1a195051f97f3d1","stage":"BOUNDED_REMEDIATION","manifestDigest":"59445670b5af0c2ed13ad77a4ee07416e51600bf9dd945b2c6cff8e53d69b5fa","productDigest":"a8c3f854937520321fdb3b48a2e37b263ceb6f813f76dcb6eaf0a91d19fff198","steps":[{"key":"red:0","kind":"RED","evidenceDigest":"707e852532b93cb0a36d2c41a43980c7ec193652349b4c578f6edecddc61b67a","binding":"bf017ad19a7267b6af5303a8ccbdc92d885e9c77b823fbcd6d3c3ae2ccb1c362"},{"key":"author:0","kind":"AUTHOR","evidenceDigest":"7d8008fc37ccbf75dfd0b7e7fe3a942bb78cd7380a89f118c7f07b4e7c587ed7","binding":"5250293e4bd0d385028b9ee82b53ea3f031f615b147039ed79a3b7b304352377"},{"key":"patch:0","kind":"PATCH","evidenceDigest":"23d94baecc798962e9910632128b606e991f3861ce877b78233b86bac59dfcf3","binding":"3edd29edbb8d055c6d8003c8e46c66a74564c04b2569e5f115cc9f24362da9ba"},{"key":"verify:0","kind":"VERIFY","evidenceDigest":"86cb43ca4cc1fecf8d600f80fe6367ee7ddac279604e7a376c079beb48ed1369","binding":"3a1d854b54774c10f6d42dbc5b29cfbe27fc356309a1f5e2d3c6a000e8a97b42"},{"key":"review:full:tool:1","kind":"REVIEW","evidenceDigest":"cae2e52f8c250a3fe1652046b11bd6160792e5ce2594c9958c0120f24b416425","binding":"aee05f3d4655304a1c8d157a0fee32dfa561d5dee0af5c145e6610617d0a3ca2"}],"gates":[{"argv":["/opt/codex/runtimes/codex-primary-runtime/dependencies/node/bin/node","/tmp/hir-unDWsb/verifier.mjs"],"binding":"bf017ad19a7267b6af5303a8ccbdc92d885e9c77b823fbcd6d3c3ae2ccb1c362","cases":[{"actual":false,"id":"value"}],"defectFingerprint":"6b5f2207ba5f6afaa9307776b7c4d360ccd736d88b59e34a29e0a58f16aabb1b","exit":1,"identity":{"artifactDigest":"aa97a8ced1cf0ef5e22c170ef76e234b3a9d58c8a321e79121a8588a81095c68","schemaState":"N/A: offline JSON","version":"fixture"},"inputDigest":"a18e10a97132df0a62a0194d8fcd44b382c7712f43a449ea1faa9589c0cca62f","kind":"RED","result":"RED","sourceManifestDigest":"aa97a8ced1cf0ef5e22c170ef76e234b3a9d58c8a321e79121a8588a81095c68","verifierDigest":"f04f8b722493bbb1085bb26bd4de3f8988043c0f15c41085d0256427af93b6f6","evidenceDigest":"707e852532b93cb0a36d2c41a43980c7ec193652349b4c578f6edecddc61b67a"},{"argv":["/opt/codex/runtimes/codex-primary-runtime/dependencies/node/bin/node","/tmp/hir-unDWsb/verifier.mjs"],"binding":"3a1d854b54774c10f6d42dbc5b29cfbe27fc356309a1f5e2d3c6a000e8a97b42","cases":[{"actual":true,"id":"value"}],"defectFingerprint":null,"exit":0,"identity":{"artifactDigest":"59445670b5af0c2ed13ad77a4ee07416e51600bf9dd945b2c6cff8e53d69b5fa","schemaState":"N/A: offline JSON","version":"fixture"},"inputDigest":"d5b16631b82a1dfb5581c2d26b9b87f95a067aa38e6dd2b56b88506abfcf9918","kind":"VERIFY","result":"GREEN","sourceManifestDigest":"59445670b5af0c2ed13ad77a4ee07416e51600bf9dd945b2c6cff8e53d69b5fa","verifierDigest":"f04f8b722493bbb1085bb26bd4de3f8988043c0f15c41085d0256427af93b6f6","evidenceDigest":"86cb43ca4cc1fecf8d600f80fe6367ee7ddac279604e7a376c079beb48ed1369"}],"authorship":[{"sessionId":"8113fc58-af84-42e6-ad23-eb43475f523e","evidenceDigest":"7d8008fc37ccbf75dfd0b7e7fe3a942bb78cd7380a89f118c7f07b4e7c587ed7"}],"review":{"version":1,"verdict":"FAIL","findings":[{"id":"finding:743c995dc4204413c28d4e9a191327a27f76b7cb6f149caddc5aef0601c4deb7","severity":"High","path":"product.json","line":1,"description":"Semantic regression is false","counterexample":"{\"caseId\":\"semantic\"}"}],"sessionId":"895dfce9-75b5-4882-9d20-5fe41a6aa7c2","evidenceDigest":"cae2e52f8c250a3fe1652046b11bd6160792e5ce2594c9958c0120f24b416425","manifestDigest":"59445670b5af0c2ed13ad77a4ee07416e51600bf9dd945b2c6cff8e53d69b5fa","kind":"REVIEW","originalFullReviewDigest":null},"fullReview":{"version":1,"verdict":"FAIL","findings":[{"id":"finding:743c995dc4204413c28d4e9a191327a27f76b7cb6f149caddc5aef0601c4deb7","severity":"High","path":"product.json","line":1,"description":"Semantic regression is false","counterexample":"{\"caseId\":\"semantic\"}"}],"sessionId":"895dfce9-75b5-4882-9d20-5fe41a6aa7c2","evidenceDigest":"cae2e52f8c250a3fe1652046b11bd6160792e5ce2594c9958c0120f24b416425","manifestDigest":"59445670b5af0c2ed13ad77a4ee07416e51600bf9dd945b2c6cff8e53d69b5fa","kind":"REVIEW","originalFullReviewDigest":null},"findings":[{"finding":{"id":"finding:743c995dc4204413c28d4e9a191327a27f76b7cb6f149caddc5aef0601c4deb7","severity":"High","path":"product.json","line":1,"description":"Semantic regression is false","counterexample":"{\"caseId\":\"semantic\"}"},"firstReviewDigest":"cae2e52f8c250a3fe1652046b11bd6160792e5ce2594c9958c0120f24b416425","status":"OPEN"}],"causalEvidence":[],"resolutions":[],"differences":[],"counters":{"fullReview":1,"fixAttempts":0,"controlOnlyWithoutValue":0,"starts":6},"causalRed":null,"verified_state":"UNKNOWN","desired_state":"Autonomous mechanical recovery","observed_state":"GATES_GREEN","reported_state":{"classification":"REPORTED","value":"No model prose certifies this objective"},"executionAssurance":"FIXTURE","readiness":"NOT_P0_READY","metrics":{"interventionsPerObjective":"UNKNOWN","timeToFirstRED":"UNKNOWN","timeToActualPRReady":"UNKNOWN","duplicateGateMinutesAvoided":"UNKNOWN","findingsAfterFalseReady":"UNKNOWN","highCriticalRegressionRate":"UNKNOWN","autonomousObjectivesCompleted":0,"fixtureObjectivesCompleted":0},"coverage":[{"invariantId":"offline","surface":"CLI","mutationPath":"product.json","principal":"local-user","negativeTestId":"value","applicability":"APPLICABLE","basis":"Actual local product verification","caseId":"value","observedResult":"GREEN","evidenceDigest":"86cb43ca4cc1fecf8d600f80fe6367ee7ddac279604e7a376c079beb48ed1369","sourceManifestDigest":"59445670b5af0c2ed13ad77a4ee07416e51600bf9dd945b2c6cff8e53d69b5fa"},{"invariantId":"offline","surface":"UI","mutationPath":"N/A","principal":"N/A","negativeTestId":null,"applicability":"N/A","basis":"No such surface in the offline synthetic fixture","caseId":null,"observedResult":"N/A","evidenceDigest":null},{"invariantId":"offline","surface":"API_SERVER_ACTION","mutationPath":"N/A","principal":"N/A","negativeTestId":null,"applicability":"N/A","basis":"No such surface in the offline synthetic fixture","caseId":null,"observedResult":"N/A","evidenceDigest":null},{"invariantId":"offline","surface":"RPC","mutationPath":"N/A","principal":"N/A","negativeTestId":null,"applicability":"N/A","basis":"No such surface in the offline synthetic fixture","caseId":null,"observedResult":"N/A","evidenceDigest":null},{"invariantId":"offline","surface":"DIRECT_DML_POSTGREST","mutationPath":"N/A","principal":"N/A","negativeTestId":null,"applicability":"N/A","basis":"No such surface in the offline synthetic fixture","caseId":null,"observedResult":"N/A","evidenceDigest":null},{"invariantId":"offline","surface":"BATCH_SYNC","mutationPath":"N/A","principal":"N/A","negativeTestId":null,"applicability":"N/A","basis":"No such surface in the offline synthetic fixture","caseId":null,"observedResult":"N/A","evidenceDigest":null},{"invariantId":"offline","surface":"STORAGE","mutationPath":"N/A","principal":"N/A","negativeTestId":null,"applicability":"N/A","basis":"No such surface in the offline synthetic fixture","caseId":null,"observedResult":"N/A","evidenceDigest":null},{"invariantId":"offline","surface":"TRIGGERS","mutationPath":"N/A","principal":"N/A","negativeTestId":null,"applicability":"N/A","basis":"No such surface in the offline synthetic fixture","caseId":null,"observedResult":"N/A","evidenceDigest":null},{"invariantId":"offline","surface":"MIGRATIONS","mutationPath":"N/A","principal":"N/A","negativeTestId":null,"applicability":"N/A","basis":"No such surface in the offline synthetic fixture","caseId":null,"observedResult":"N/A","evidenceDigest":null},{"invariantId":"offline","surface":"PRIVILEGED_CLIENTS","mutationPath":"N/A","principal":"N/A","negativeTestId":null,"applicability":"N/A","basis":"No such surface in the offline synthetic fixture","caseId":null,"observedResult":"N/A","evidenceDigest":null}],"pending":null,"claims":[{"classification":"VERIFIED","value":"UNKNOWN","basis":["707e852532b93cb0a36d2c41a43980c7ec193652349b4c578f6edecddc61b67a","7d8008fc37ccbf75dfd0b7e7fe3a942bb78cd7380a89f118c7f07b4e7c587ed7","23d94baecc798962e9910632128b606e991f3861ce877b78233b86bac59dfcf3","86cb43ca4cc1fecf8d600f80fe6367ee7ddac279604e7a376c079beb48ed1369","cae2e52f8c250a3fe1652046b11bd6160792e5ce2594c9958c0120f24b416425"]},{"classification":"OBSERVED","value":"GATES_GREEN"},{"classification":"UNKNOWN","value":"production, external authority acceptance and actual PR"}],"handoff":null}
  + actual - expected
  
  + 'PRODUCT_REPLAYED'
  - 'OPERATIONAL_BLOCKED'
  
      at TestContext.<anonymous> (file:///workspace/scratch/adce1c53b293/harness-human-interruption/packs/autonomy/repo-template/scripts/quality-orchestrator/tests/f27-corrections.test.mjs:38:9)
      at process.processTicksAndRejections (node:internal/process/task_queues:104:5)
      at async Test.run (node:internal/test_runner/test:1389:7)
      at async Test.processPendingSubtests (node:internal/test_runner/test:960:7) {
    generatedMessage: false,
    code: 'ERR_ASSERTION',
    actual: 'PRODUCT_REPLAYED',
    expected: 'OPERATIONAL_BLOCKED',
    operator: 'strictEqual',
    diff: 'simple'
  }

test at packs/autonomy/repo-template/scripts/quality-orchestrator/tests/f27-corrections.test.mjs:36:27
✖ F27 M4 settled rateLimitExceeded remains diagnostic with original charged key and no automatic retry (20264.262482ms)
  AssertionError [ERR_ASSERTION]: {"status":"PRODUCT_REPLAYED","activeRunId":"8ef8f83054a3ccc76c5e4fbb4f273f3d418bd260bf7e7b238d9065d3bb12cb6e","fixProposals":0,"files":{"frozen.txt":{"digest":"3e58bada6a180c0d7f817bdae51fba96a461575b309bfbc17a6918d20c6617c7","lines":1,"mode":"100644"},"product.json":{"digest":"9956fcb386158a20a74f5eff2cd056e3a912672b09e74e06ba9cf89aca0941e9","lines":1,"mode":"100644"}},"rebindings":[],"remediations":[],"remediationPending":null,"normalized":{"review:full:tool:1":{"digest":"c13e401502b3cd10d5f0ea1e9a9381e485ea2b33c141e81be88dbc76427b3ad4","rawDigest":"f2e295ffb742c48a69021296414d585ed27b5ec6e80c49dd87cb42322989ae15"}},"ingestions":[{"key":"review:full:tool:1","normalizedOutputDigest":"c13e401502b3cd10d5f0ea1e9a9381e485ea2b33c141e81be88dbc76427b3ad4","ingestedBytesDigest":"c13e401502b3cd10d5f0ea1e9a9381e485ea2b33c141e81be88dbc76427b3ad4","sessionId":"1e0184f0-ee2a-4b43-bae2-8fc69135f8f3"}],"tooling":{"failures":1,"retries":{"review:full":1},"fingerprints":{"189b4ee93559bd0d543119fdd8fb2d7cefbfb0ee8e9580275638b5079a9ef2f7":1}},"interruption":{"classification":"AUTO_REMEDIABLE","cause":"INFRASTRUCTURE_NORMALIZATION","evidenceDigest":"fdd4e40844a03eef92f7dc02a27f8caee880cb7c487a13161d292b1b4434462b"},"objectiveDigest":"457da6300042674a6ff021d5747b1009770dcc99676a581d4e140cae6760e799","stage":"BOUNDED_REMEDIATION","manifestDigest":"59445670b5af0c2ed13ad77a4ee07416e51600bf9dd945b2c6cff8e53d69b5fa","productDigest":"2423ff0c504ac77f2e1843a561b922afbc5bc98d5ed6a3ab81c05aa1c118d22e","steps":[{"key":"red:0","kind":"RED","evidenceDigest":"865d1ab45dd9e33813229d3bcbd7ec4411f638289e50232589a8c0557f2c87c0","binding":"633f33b9efb9c439166f908243ff9f5e195815fce36ca4461bf114c1575a5a87"},{"key":"author:0","kind":"AUTHOR","evidenceDigest":"987653a722d8d89d3fb05083fde9b57f5f65de33acf106f2d6734b7dee8698ac","binding":"7e94f9a8f96a6f9405812b7552ea35793eb6be2610dedb06f05b6cfa3bfbcf6a"},{"key":"patch:0","kind":"PATCH","evidenceDigest":"40ac1b4d9213809582e40fa79c49a854156d3ae8326ef12978430185959c364d","binding":"9b649d6763ff4bac8ed69c7aa9609216c10ebfa8ed4b10207d4c6fd0b5a7ebc9"},{"key":"verify:0","kind":"VERIFY","evidenceDigest":"67675fb9a4c0c5c529a98112640725d08bb97a33ba0f459109e91299980e273e","binding":"e870119a3370c8a63be55717d8fa28d04d8a40a1b274db9aedc6845599f573d8"},{"key":"review:full:tool:1","kind":"REVIEW","evidenceDigest":"d0cc14e1450de4f6e41736eb880735be1635d04e5d5efae2cff4c3ecabfcce76","binding":"4a80470a015c6134b55f1783494e52110e4e896b1c03ee8408137e6e3665185b"}],"gates":[{"argv":["/opt/codex/runtimes/codex-primary-runtime/dependencies/node/bin/node","/tmp/hir-ssMPMZ/verifier.mjs"],"binding":"633f33b9efb9c439166f908243ff9f5e195815fce36ca4461bf114c1575a5a87","cases":[{"actual":false,"id":"value"}],"defectFingerprint":"6b5f2207ba5f6afaa9307776b7c4d360ccd736d88b59e34a29e0a58f16aabb1b","exit":1,"identity":{"artifactDigest":"aa97a8ced1cf0ef5e22c170ef76e234b3a9d58c8a321e79121a8588a81095c68","schemaState":"N/A: offline JSON","version":"fixture"},"inputDigest":"870ded266ce56233bfeaf5bef674ce20a1f2e728f12a7bd92e66abfed8d20109","kind":"RED","result":"RED","sourceManifestDigest":"aa97a8ced1cf0ef5e22c170ef76e234b3a9d58c8a321e79121a8588a81095c68","verifierDigest":"030698083dd3716011cbbe3c5ed4384021abbb58b5d426c3d9d4091db305a9d4","evidenceDigest":"865d1ab45dd9e33813229d3bcbd7ec4411f638289e50232589a8c0557f2c87c0"},{"argv":["/opt/codex/runtimes/codex-primary-runtime/dependencies/node/bin/node","/tmp/hir-ssMPMZ/verifier.mjs"],"binding":"e870119a3370c8a63be55717d8fa28d04d8a40a1b274db9aedc6845599f573d8","cases":[{"actual":true,"id":"value"}],"defectFingerprint":null,"exit":0,"identity":{"artifactDigest":"59445670b5af0c2ed13ad77a4ee07416e51600bf9dd945b2c6cff8e53d69b5fa","schemaState":"N/A: offline JSON","version":"fixture"},"inputDigest":"997d3f98f331fc97a3fed2ee00b44678aecb600f16563bbc525add63ed29c81b","kind":"VERIFY","result":"GREEN","sourceManifestDigest":"59445670b5af0c2ed13ad77a4ee07416e51600bf9dd945b2c6cff8e53d69b5fa","verifierDigest":"030698083dd3716011cbbe3c5ed4384021abbb58b5d426c3d9d4091db305a9d4","evidenceDigest":"67675fb9a4c0c5c529a98112640725d08bb97a33ba0f459109e91299980e273e"}],"authorship":[{"sessionId":"4e9560f0-cc85-49a1-9378-0073adf9fba3","evidenceDigest":"987653a722d8d89d3fb05083fde9b57f5f65de33acf106f2d6734b7dee8698ac"}],"review":{"version":1,"verdict":"FAIL","findings":[{"id":"finding:d59ed14a60e8bc02114f1b297a06f78919a4503191593a27852564daffeb39a7","severity":"High","path":"product.json","line":1,"description":"Semantic regression is false","counterexample":"{\"caseId\":\"semantic\"}"}],"sessionId":"1e0184f0-ee2a-4b43-bae2-8fc69135f8f3","evidenceDigest":"d0cc14e1450de4f6e41736eb880735be1635d04e5d5efae2cff4c3ecabfcce76","manifestDigest":"59445670b5af0c2ed13ad77a4ee07416e51600bf9dd945b2c6cff8e53d69b5fa","kind":"REVIEW","originalFullReviewDigest":null},"fullReview":{"version":1,"verdict":"FAIL","findings":[{"id":"finding:d59ed14a60e8bc02114f1b297a06f78919a4503191593a27852564daffeb39a7","severity":"High","path":"product.json","line":1,"description":"Semantic regression is false","counterexample":"{\"caseId\":\"semantic\"}"}],"sessionId":"1e0184f0-ee2a-4b43-bae2-8fc69135f8f3","evidenceDigest":"d0cc14e1450de4f6e41736eb880735be1635d04e5d5efae2cff4c3ecabfcce76","manifestDigest":"59445670b5af0c2ed13ad77a4ee07416e51600bf9dd945b2c6cff8e53d69b5fa","kind":"REVIEW","originalFullReviewDigest":null},"findings":[{"finding":{"id":"finding:d59ed14a60e8bc02114f1b297a06f78919a4503191593a27852564daffeb39a7","severity":"High","path":"product.json","line":1,"description":"Semantic regression is false","counterexample":"{\"caseId\":\"semantic\"}"},"firstReviewDigest":"d0cc14e1450de4f6e41736eb880735be1635d04e5d5efae2cff4c3ecabfcce76","status":"OPEN"}],"causalEvidence":[],"resolutions":[],"differences":[],"counters":{"fullReview":1,"fixAttempts":0,"controlOnlyWithoutValue":0,"starts":6},"causalRed":null,"verified_state":"UNKNOWN","desired_state":"Autonomous mechanical recovery","observed_state":"GATES_GREEN","reported_state":{"classification":"REPORTED","value":"No model prose certifies this objective"},"executionAssurance":"FIXTURE","readiness":"NOT_P0_READY","metrics":{"interventionsPerObjective":"UNKNOWN","timeToFirstRED":"UNKNOWN","timeToActualPRReady":"UNKNOWN","duplicateGateMinutesAvoided":"UNKNOWN","findingsAfterFalseReady":"UNKNOWN","highCriticalRegressionRate":"UNKNOWN","autonomousObjectivesCompleted":0,"fixtureObjectivesCompleted":0},"coverage":[{"invariantId":"offline","surface":"CLI","mutationPath":"product.json","principal":"local-user","negativeTestId":"value","applicability":"APPLICABLE","basis":"Actual local product verification","caseId":"value","observedResult":"GREEN","evidenceDigest":"67675fb9a4c0c5c529a98112640725d08bb97a33ba0f459109e91299980e273e","sourceManifestDigest":"59445670b5af0c2ed13ad77a4ee07416e51600bf9dd945b2c6cff8e53d69b5fa"},{"invariantId":"offline","surface":"UI","mutationPath":"N/A","principal":"N/A","negativeTestId":null,"applicability":"N/A","basis":"No such surface in the offline synthetic fixture","caseId":null,"observedResult":"N/A","evidenceDigest":null},{"invariantId":"offline","surface":"API_SERVER_ACTION","mutationPath":"N/A","principal":"N/A","negativeTestId":null,"applicability":"N/A","basis":"No such surface in the offline synthetic fixture","caseId":null,"observedResult":"N/A","evidenceDigest":null},{"invariantId":"offline","surface":"RPC","mutationPath":"N/A","principal":"N/A","negativeTestId":null,"applicability":"N/A","basis":"No such surface in the offline synthetic fixture","caseId":null,"observedResult":"N/A","evidenceDigest":null},{"invariantId":"offline","surface":"DIRECT_DML_POSTGREST","mutationPath":"N/A","principal":"N/A","negativeTestId":null,"applicability":"N/A","basis":"No such surface in the offline synthetic fixture","caseId":null,"observedResult":"N/A","evidenceDigest":null},{"invariantId":"offline","surface":"BATCH_SYNC","mutationPath":"N/A","principal":"N/A","negativeTestId":null,"applicability":"N/A","basis":"No such surface in the offline synthetic fixture","caseId":null,"observedResult":"N/A","evidenceDigest":null},{"invariantId":"offline","surface":"STORAGE","mutationPath":"N/A","principal":"N/A","negativeTestId":null,"applicability":"N/A","basis":"No such surface in the offline synthetic fixture","caseId":null,"observedResult":"N/A","evidenceDigest":null},{"invariantId":"offline","surface":"TRIGGERS","mutationPath":"N/A","principal":"N/A","negativeTestId":null,"applicability":"N/A","basis":"No such surface in the offline synthetic fixture","caseId":null,"observedResult":"N/A","evidenceDigest":null},{"invariantId":"offline","surface":"MIGRATIONS","mutationPath":"N/A","principal":"N/A","negativeTestId":null,"applicability":"N/A","basis":"No such surface in the offline synthetic fixture","caseId":null,"observedResult":"N/A","evidenceDigest":null},{"invariantId":"offline","surface":"PRIVILEGED_CLIENTS","mutationPath":"N/A","principal":"N/A","negativeTestId":null,"applicability":"N/A","basis":"No such surface in the offline synthetic fixture","caseId":null,"observedResult":"N/A","evidenceDigest":null}],"pending":null,"claims":[{"classification":"VERIFIED","value":"UNKNOWN","basis":["865d1ab45dd9e33813229d3bcbd7ec4411f638289e50232589a8c0557f2c87c0","987653a722d8d89d3fb05083fde9b57f5f65de33acf106f2d6734b7dee8698ac","40ac1b4d9213809582e40fa79c49a854156d3ae8326ef12978430185959c364d","67675fb9a4c0c5c529a98112640725d08bb97a33ba0f459109e91299980e273e","d0cc14e1450de4f6e41736eb880735be1635d04e5d5efae2cff4c3ecabfcce76"]},{"classification":"OBSERVED","value":"GATES_GREEN"},{"classification":"UNKNOWN","value":"production, external authority acceptance and actual PR"}],"handoff":null}
  + actual - expected
  
  + 'PRODUCT_REPLAYED'
  - 'OPERATIONAL_BLOCKED'
  
      at TestContext.<anonymous> (file:///workspace/scratch/adce1c53b293/harness-human-interruption/packs/autonomy/repo-template/scripts/quality-orchestrator/tests/f27-corrections.test.mjs:38:9)
      at process.processTicksAndRejections (node:internal/process/task_queues:104:5)
      at async Test.run (node:internal/test_runner/test:1389:7)
      at async Test.processPendingSubtests (node:internal/test_runner/test:960:7) {
    generatedMessage: false,
    code: 'ERR_ASSERTION',
    actual: 'PRODUCT_REPLAYED',
    expected: 'OPERATIONAL_BLOCKED',
    operator: 'strictEqual',
    diff: 'simple'
  }

test at packs/autonomy/repo-template/scripts/quality-orchestrator/tests/f27-corrections.test.mjs:36:27
✖ F27 M4 settled other remains diagnostic with original charged key and no automatic retry (20845.342501ms)
  AssertionError [ERR_ASSERTION]: {"status":"PRODUCT_REPLAYED","activeRunId":"2e61d7f41b8c0b28d7dc2a6e7c78588201991892ed30706ef6c2b0de44fdac51","fixProposals":0,"files":{"frozen.txt":{"digest":"3e58bada6a180c0d7f817bdae51fba96a461575b309bfbc17a6918d20c6617c7","lines":1,"mode":"100644"},"product.json":{"digest":"9956fcb386158a20a74f5eff2cd056e3a912672b09e74e06ba9cf89aca0941e9","lines":1,"mode":"100644"}},"rebindings":[],"remediations":[],"remediationPending":null,"normalized":{"review:full:tool:1":{"digest":"6a349b3938573bfcb1b23e0cdc7fb517e28ac7b76df3609b44f15c0b90877707","rawDigest":"f2e295ffb742c48a69021296414d585ed27b5ec6e80c49dd87cb42322989ae15"}},"ingestions":[{"key":"review:full:tool:1","normalizedOutputDigest":"6a349b3938573bfcb1b23e0cdc7fb517e28ac7b76df3609b44f15c0b90877707","ingestedBytesDigest":"6a349b3938573bfcb1b23e0cdc7fb517e28ac7b76df3609b44f15c0b90877707","sessionId":"15123f13-27a4-435e-a99b-ee50f97d9708"}],"tooling":{"failures":1,"retries":{"review:full":1},"fingerprints":{"189b4ee93559bd0d543119fdd8fb2d7cefbfb0ee8e9580275638b5079a9ef2f7":1}},"interruption":{"classification":"AUTO_REMEDIABLE","cause":"INFRASTRUCTURE_NORMALIZATION","evidenceDigest":"ab76954e23bb2d6fa18e646f81194dd3ecf2eba874ca3da2fe17dbc3b51230fd"},"objectiveDigest":"70542fc918b2177798cfcc35f53234add9bbe25f92f6d42b131438e52ef38732","stage":"BOUNDED_REMEDIATION","manifestDigest":"59445670b5af0c2ed13ad77a4ee07416e51600bf9dd945b2c6cff8e53d69b5fa","productDigest":"4da4ef9134b40c0bd8385badf3d0892d41b08205237cb3553addef3c5c9a1b2d","steps":[{"key":"red:0","kind":"RED","evidenceDigest":"74b100e7d9aa97bddb13a05730c247b371f39a8e7e3ae94de675344146c39a5a","binding":"37d091a34bc1c5062d3850eb73015e42f8e4068cbf93bda5e51bdab8abcbb1ef"},{"key":"author:0","kind":"AUTHOR","evidenceDigest":"d2d9482e30473a576051d81e6a4a6d6b0606f43223206d5531d9cfb7745711e0","binding":"b2ebf51db79766f58c44f0c7d8b678f752b6dd388ca1aacfbd33785a2d18824e"},{"key":"patch:0","kind":"PATCH","evidenceDigest":"c3bd8a5d7714d0974c4465ebf833ff503d9542905937153fcc74f4d381d066fc","binding":"41c1dbb449a84f96267fb9054077d9ac31c92884787f1622e2414acd47d1e770"},{"key":"verify:0","kind":"VERIFY","evidenceDigest":"15b3bfc5b3cbc52fcfaf515628a1aa61eec3f2947bd0c9cff84a0363af6e40f5","binding":"23228e03fc316cc4bbca7c68836bff6babc31fee88cb4047cf9e317ca3685674"},{"key":"review:full:tool:1","kind":"REVIEW","evidenceDigest":"e1a22684b31dc33e16351c4b06604506cedf9546901503590dfaecc42ab07d2d","binding":"516290b2e40ff68ee37808a614c83aa2946676daf7a78aba0967d5f80c32c619"}],"gates":[{"argv":["/opt/codex/runtimes/codex-primary-runtime/dependencies/node/bin/node","/tmp/hir-a70zji/verifier.mjs"],"binding":"37d091a34bc1c5062d3850eb73015e42f8e4068cbf93bda5e51bdab8abcbb1ef","cases":[{"actual":false,"id":"value"}],"defectFingerprint":"6b5f2207ba5f6afaa9307776b7c4d360ccd736d88b59e34a29e0a58f16aabb1b","exit":1,"identity":{"artifactDigest":"aa97a8ced1cf0ef5e22c170ef76e234b3a9d58c8a321e79121a8588a81095c68","schemaState":"N/A: offline JSON","version":"fixture"},"inputDigest":"21b1147a5fb1f988c7f05c32743cc0f3d3555a5dbe710a96c9d01f681eba7cbe","kind":"RED","result":"RED","sourceManifestDigest":"aa97a8ced1cf0ef5e22c170ef76e234b3a9d58c8a321e79121a8588a81095c68","verifierDigest":"71118fae33d4f258be4963a355770c03cab388079d786ce7491aa98e7651f818","evidenceDigest":"74b100e7d9aa97bddb13a05730c247b371f39a8e7e3ae94de675344146c39a5a"},{"argv":["/opt/codex/runtimes/codex-primary-runtime/dependencies/node/bin/node","/tmp/hir-a70zji/verifier.mjs"],"binding":"23228e03fc316cc4bbca7c68836bff6babc31fee88cb4047cf9e317ca3685674","cases":[{"actual":true,"id":"value"}],"defectFingerprint":null,"exit":0,"identity":{"artifactDigest":"59445670b5af0c2ed13ad77a4ee07416e51600bf9dd945b2c6cff8e53d69b5fa","schemaState":"N/A: offline JSON","version":"fixture"},"inputDigest":"3350f90cd1236128fcfcdebe753ab9e053bf74e29a5a6dbd08ecc5b3e79bfac7","kind":"VERIFY","result":"GREEN","sourceManifestDigest":"59445670b5af0c2ed13ad77a4ee07416e51600bf9dd945b2c6cff8e53d69b5fa","verifierDigest":"71118fae33d4f258be4963a355770c03cab388079d786ce7491aa98e7651f818","evidenceDigest":"15b3bfc5b3cbc52fcfaf515628a1aa61eec3f2947bd0c9cff84a0363af6e40f5"}],"authorship":[{"sessionId":"fb1aa268-cba5-4e12-bf70-8c48ca64742a","evidenceDigest":"d2d9482e30473a576051d81e6a4a6d6b0606f43223206d5531d9cfb7745711e0"}],"review":{"version":1,"verdict":"FAIL","findings":[{"id":"finding:c9aea2e02527d3356092549a86a87615659114e0fdabe5f6291819233693625e","severity":"High","path":"product.json","line":1,"description":"Semantic regression is false","counterexample":"{\"caseId\":\"semantic\"}"}],"sessionId":"15123f13-27a4-435e-a99b-ee50f97d9708","evidenceDigest":"e1a22684b31dc33e16351c4b06604506cedf9546901503590dfaecc42ab07d2d","manifestDigest":"59445670b5af0c2ed13ad77a4ee07416e51600bf9dd945b2c6cff8e53d69b5fa","kind":"REVIEW","originalFullReviewDigest":null},"fullReview":{"version":1,"verdict":"FAIL","findings":[{"id":"finding:c9aea2e02527d3356092549a86a87615659114e0fdabe5f6291819233693625e","severity":"High","path":"product.json","line":1,"description":"Semantic regression is false","counterexample":"{\"caseId\":\"semantic\"}"}],"sessionId":"15123f13-27a4-435e-a99b-ee50f97d9708","evidenceDigest":"e1a22684b31dc33e16351c4b06604506cedf9546901503590dfaecc42ab07d2d","manifestDigest":"59445670b5af0c2ed13ad77a4ee07416e51600bf9dd945b2c6cff8e53d69b5fa","kind":"REVIEW","originalFullReviewDigest":null},"findings":[{"finding":{"id":"finding:c9aea2e02527d3356092549a86a87615659114e0fdabe5f6291819233693625e","severity":"High","path":"product.json","line":1,"description":"Semantic regression is false","counterexample":"{\"caseId\":\"semantic\"}"},"firstReviewDigest":"e1a22684b31dc33e16351c4b06604506cedf9546901503590dfaecc42ab07d2d","status":"OPEN"}],"causalEvidence":[],"resolutions":[],"differences":[],"counters":{"fullReview":1,"fixAttempts":0,"controlOnlyWithoutValue":0,"starts":6},"causalRed":null,"verified_state":"UNKNOWN","desired_state":"Autonomous mechanical recovery","observed_state":"GATES_GREEN","reported_state":{"classification":"REPORTED","value":"No model prose certifies this objective"},"executionAssurance":"FIXTURE","readiness":"NOT_P0_READY","metrics":{"interventionsPerObjective":"UNKNOWN","timeToFirstRED":"UNKNOWN","timeToActualPRReady":"UNKNOWN","duplicateGateMinutesAvoided":"UNKNOWN","findingsAfterFalseReady":"UNKNOWN","highCriticalRegressionRate":"UNKNOWN","autonomousObjectivesCompleted":0,"fixtureObjectivesCompleted":0},"coverage":[{"invariantId":"offline","surface":"CLI","mutationPath":"product.json","principal":"local-user","negativeTestId":"value","applicability":"APPLICABLE","basis":"Actual local product verification","caseId":"value","observedResult":"GREEN","evidenceDigest":"15b3bfc5b3cbc52fcfaf515628a1aa61eec3f2947bd0c9cff84a0363af6e40f5","sourceManifestDigest":"59445670b5af0c2ed13ad77a4ee07416e51600bf9dd945b2c6cff8e53d69b5fa"},{"invariantId":"offline","surface":"UI","mutationPath":"N/A","principal":"N/A","negativeTestId":null,"applicability":"N/A","basis":"No such surface in the offline synthetic fixture","caseId":null,"observedResult":"N/A","evidenceDigest":null},{"invariantId":"offline","surface":"API_SERVER_ACTION","mutationPath":"N/A","principal":"N/A","negativeTestId":null,"applicability":"N/A","basis":"No such surface in the offline synthetic fixture","caseId":null,"observedResult":"N/A","evidenceDigest":null},{"invariantId":"offline","surface":"RPC","mutationPath":"N/A","principal":"N/A","negativeTestId":null,"applicability":"N/A","basis":"No such surface in the offline synthetic fixture","caseId":null,"observedResult":"N/A","evidenceDigest":null},{"invariantId":"offline","surface":"DIRECT_DML_POSTGREST","mutationPath":"N/A","principal":"N/A","negativeTestId":null,"applicability":"N/A","basis":"No such surface in the offline synthetic fixture","caseId":null,"observedResult":"N/A","evidenceDigest":null},{"invariantId":"offline","surface":"BATCH_SYNC","mutationPath":"N/A","principal":"N/A","negativeTestId":null,"applicability":"N/A","basis":"No such surface in the offline synthetic fixture","caseId":null,"observedResult":"N/A","evidenceDigest":null},{"invariantId":"offline","surface":"STORAGE","mutationPath":"N/A","principal":"N/A","negativeTestId":null,"applicability":"N/A","basis":"No such surface in the offline synthetic fixture","caseId":null,"observedResult":"N/A","evidenceDigest":null},{"invariantId":"offline","surface":"TRIGGERS","mutationPath":"N/A","principal":"N/A","negativeTestId":null,"applicability":"N/A","basis":"No such surface in the offline synthetic fixture","caseId":null,"observedResult":"N/A","evidenceDigest":null},{"invariantId":"offline","surface":"MIGRATIONS","mutationPath":"N/A","principal":"N/A","negativeTestId":null,"applicability":"N/A","basis":"No such surface in the offline synthetic fixture","caseId":null,"observedResult":"N/A","evidenceDigest":null},{"invariantId":"offline","surface":"PRIVILEGED_CLIENTS","mutationPath":"N/A","principal":"N/A","negativeTestId":null,"applicability":"N/A","basis":"No such surface in the offline synthetic fixture","caseId":null,"observedResult":"N/A","evidenceDigest":null}],"pending":null,"claims":[{"classification":"VERIFIED","value":"UNKNOWN","basis":["74b100e7d9aa97bddb13a05730c247b371f39a8e7e3ae94de675344146c39a5a","d2d9482e30473a576051d81e6a4a6d6b0606f43223206d5531d9cfb7745711e0","c3bd8a5d7714d0974c4465ebf833ff503d9542905937153fcc74f4d381d066fc","15b3bfc5b3cbc52fcfaf515628a1aa61eec3f2947bd0c9cff84a0363af6e40f5","e1a22684b31dc33e16351c4b06604506cedf9546901503590dfaecc42ab07d2d"]},{"classification":"OBSERVED","value":"GATES_GREEN"},{"classification":"UNKNOWN","value":"production, external authority acceptance and actual PR"}],"handoff":null}
  + actual - expected
  
  + 'PRODUCT_REPLAYED'
  - 'OPERATIONAL_BLOCKED'
  
      at TestContext.<anonymous> (file:///workspace/scratch/adce1c53b293/harness-human-interruption/packs/autonomy/repo-template/scripts/quality-orchestrator/tests/f27-corrections.test.mjs:38:9)
      at process.processTicksAndRejections (node:internal/process/task_queues:104:5)
      at async Test.run (node:internal/test_runner/test:1389:7)
      at async Test.processPendingSubtests (node:internal/test_runner/test:960:7) {
    generatedMessage: false,
    code: 'ERR_ASSERTION',
    actual: 'PRODUCT_REPLAYED',
    expected: 'OPERATIONAL_BLOCKED',
    operator: 'strictEqual',
    diff: 'simple'
  }

test at packs/autonomy/repo-template/scripts/quality-orchestrator/tests/f27-corrections.test.mjs:44:1
✖ F27 M5 reverse exact slice wires execute in obligation order under their original keys (1611.026515ms)
  AssertionError [ERR_ASSERTION]: {"status":"POLICY","reason":"supplied release authorization differs from next exact obligation"}
  
  0 !== 3
  
      at TestContext.<anonymous> (file:///workspace/scratch/adce1c53b293/harness-human-interruption/packs/autonomy/repo-template/scripts/quality-orchestrator/tests/f27-corrections.test.mjs:46:156)
      at process.processTicksAndRejections (node:internal/process/task_queues:104:5)
      at async Test.run (node:internal/test_runner/test:1389:7)
      at async Test.processPendingSubtests (node:internal/test_runner/test:960:7) {
    generatedMessage: false,
    code: 'ERR_ASSERTION',
    actual: 0,
    expected: 3,
    operator: 'strictEqual',
    diff: 'simple'
  }

test at packs/autonomy/repo-template/scripts/quality-orchestrator/tests/f27-corrections.test.mjs:48:1
✖ F27 M5 readback-shaped candidate before exact deploy is skipped without an effect (29108.798884ms)
  AssertionError [ERR_ASSERTION]: {"status":"POLICY","reason":"supplied release authorization differs from next exact obligation"}
  + actual - expected
  
  + 'POLICY'
  - 'PRODUCTION_PASS'
  
      at TestContext.<anonymous> (file:///workspace/scratch/adce1c53b293/harness-human-interruption/packs/autonomy/repo-template/scripts/quality-orchestrator/tests/f27-corrections.test.mjs:57:389)
      at process.processTicksAndRejections (node:internal/process/task_queues:104:5)
      at async Test.run (node:internal/test_runner/test:1389:7)
      at async Test.processPendingSubtests (node:internal/test_runner/test:960:7) {
    generatedMessage: false,
    code: 'ERR_ASSERTION',
    actual: 'POLICY',
    expected: 'PRODUCTION_PASS',
    operator: 'strictEqual',
    diff: 'simple'
  }

test at packs/autonomy/repo-template/scripts/quality-orchestrator/tests/f27-corrections.test.mjs:59:1
✖ F27 M5 fresh deploy candidate before exact authorized readback preserves original deployment identity (34539.841646ms)
  AssertionError [ERR_ASSERTION]: {"status":"OPERATIONAL_BLOCKED","reason":"required release obligations remain","certification":"NOT_EXECUTED","productionPass":false,"execution":"NOT_EXECUTED","nextObligation":{"kind":"revalidate-deployment","operationKey":"deploy"},"unsatisfied":["revalidate-deployment","smoke","observability"],"historyLength":7,"journalAssurance":"LOCAL_UNWITNESSED","headDigest":"2bdf2e4393d1f7e529c63bc1bc90646c452158a7ec8a087b4e035f51d80ee80b","interruption":{"classification":"OPERATIONAL_DIAGNOSIS","cause":"EXACT_AUTHORIZED_INPUT_UNAVAILABLE","evidenceDigest":"bee5b5bba01f12b582d4a54d2d740f581cd8cf48d43f015daeebb947184db05c"}}
  
  7 !== 8
  
      at TestContext.<anonymous> (file:///workspace/scratch/adce1c53b293/harness-human-interruption/packs/autonomy/repo-template/scripts/quality-orchestrator/tests/f27-corrections.test.mjs:69:290)
      at process.processTicksAndRejections (node:internal/process/task_queues:104:5)
      at async Test.run (node:internal/test_runner/test:1389:7)
      at async Test.processPendingSubtests (node:internal/test_runner/test:960:7) {
    generatedMessage: false,
    code: 'ERR_ASSERTION',
    actual: 7,
    expected: 8,
    operator: 'strictEqual',
    diff: 'simple'
  }
