2026-09-07T02:56:14.9917653Z Current runner version: '2.337.0'
2026-09-07T02:56:14.9953676Z ##[group]Runner Image Provisioner
2026-09-07T02:56:14.9955078Z Hosted Compute Agent
2026-09-07T02:56:14.9955951Z Version: 20260828.587
2026-09-07T02:56:14.9956965Z Commit: abac92662cab4cc7352de4f9f9d2e2419aad9c29
2026-09-07T02:56:14.9958033Z Build Date: 2026-08-28T16:44:25Z
2026-09-07T02:56:14.9959016Z Worker ID: {db0c61fe-b92f-4f30-aa66-353ce3cec756}
2026-09-07T02:56:14.9960018Z Azure Region: northcentralus
2026-09-07T02:56:14.9960842Z ##[endgroup]
2026-09-07T02:56:14.9962667Z ##[group]Operating System
2026-09-07T02:56:14.9963547Z Ubuntu
2026-09-07T02:56:14.9964321Z 24.04.4
2026-09-07T02:56:14.9965349Z LTS
2026-09-07T02:56:14.9966080Z ##[endgroup]
2026-09-07T02:56:14.9966934Z ##[group]Runner Image
2026-09-07T02:56:14.9967827Z Image: ubuntu-24.04
2026-09-07T02:56:14.9968624Z Version: 20260831.293.1
2026-09-07T02:56:14.9970383Z Included Software: https://github.com/actions/runner-images/blob/ubuntu24/20260831.293/images/ubuntu/Ubuntu2404-Readme.md
2026-09-07T02:56:14.9972506Z Image Release: https://github.com/actions/runner-images/releases/tag/ubuntu24%2F20260831.293
2026-09-07T02:56:14.9973820Z ##[endgroup]
2026-09-07T02:56:14.9975666Z ##[group]GITHUB_TOKEN Permissions
2026-09-07T02:56:14.9979051Z Contents: read
2026-09-07T02:56:14.9979947Z Metadata: read
2026-09-07T02:56:14.9980741Z ##[endgroup]
2026-09-07T02:56:14.9983769Z Secret source: Actions
2026-09-07T02:56:14.9985859Z Prepare workflow directory
2026-09-07T02:56:15.0382385Z Prepare all required actions
2026-09-07T02:56:15.0452596Z Getting action download info
2026-09-07T02:56:15.2580804Z Download action repository 'actions/checkout@3d3c42e5aac5ba805825da76410c181273ba90b1' (SHA:3d3c42e5aac5ba805825da76410c181273ba90b1)
2026-09-07T02:56:15.5561772Z Download action repository 'actions/setup-node@820762786026740c76f36085b0efc47a31fe5020' (SHA:820762786026740c76f36085b0efc47a31fe5020)
2026-09-07T02:56:15.8764494Z Complete job name: Required quality
2026-09-07T02:56:15.9413288Z ##[group]Run set -euo pipefail
2026-09-07T02:56:15.9414227Z [36;1mset -euo pipefail[0m
2026-09-07T02:56:15.9415129Z [36;1mcase "$EVENT_NAME" in[0m
2026-09-07T02:56:15.9416042Z [36;1m  pull_request) head_sha=$PR_HEAD_SHA; base_sha=$PR_BASE_SHA ;;[0m
2026-09-07T02:56:15.9417057Z [36;1m  merge_group)  head_sha=$MG_HEAD_SHA; base_sha=$MG_BASE_SHA ;;[0m
2026-09-07T02:56:15.9418142Z [36;1m  *) printf 'UNKNOWN: unsupported event: %s\n' "$EVENT_NAME" >&2; exit 1 ;;[0m
2026-09-07T02:56:15.9419037Z [36;1mesac[0m
2026-09-07T02:56:15.9419689Z [36;1mif [[ ! "$head_sha" =~ ^[0-9a-f]{40}$ ]]; then[0m
2026-09-07T02:56:15.9420628Z [36;1m  printf 'UNKNOWN: invalid head SHA: %s\n' "$head_sha" >&2; exit 1[0m
2026-09-07T02:56:15.9421465Z [36;1mfi[0m
2026-09-07T02:56:15.9422083Z [36;1mif [[ ! "$base_sha" =~ ^[0-9a-f]{40}$ ]]; then[0m
2026-09-07T02:56:15.9422984Z [36;1m  printf 'UNKNOWN: invalid base SHA: %s\n' "$base_sha" >&2; exit 1[0m
2026-09-07T02:56:15.9423808Z [36;1mfi[0m
2026-09-07T02:56:15.9424510Z [36;1m{[0m
2026-09-07T02:56:15.9425196Z [36;1m  printf 'head_sha=%s\n' "$head_sha"[0m
2026-09-07T02:56:15.9425983Z [36;1m  printf 'base_sha=%s\n' "$base_sha"[0m
2026-09-07T02:56:15.9426694Z [36;1m} >> "$GITHUB_OUTPUT"[0m
2026-09-07T02:56:15.9456034Z shell: /usr/bin/bash --noprofile --norc -e -o pipefail {0}
2026-09-07T02:56:15.9457239Z env:
2026-09-07T02:56:15.9457842Z   EVENT_NAME: pull_request
2026-09-07T02:56:15.9458571Z   PR_HEAD_SHA: b567669fcd41c40caa8235e758a0f1fdca9a00a5
2026-09-07T02:56:15.9459424Z   PR_BASE_SHA: e5bfa5343d064e376086e2b13e45203b4ad4a481
2026-09-07T02:56:15.9460148Z   MG_HEAD_SHA: 
2026-09-07T02:56:15.9460676Z   MG_BASE_SHA: 
2026-09-07T02:56:15.9461248Z ##[endgroup]
2026-09-07T02:56:15.9878756Z ##[group]Run actions/checkout@3d3c42e5aac5ba805825da76410c181273ba90b1
2026-09-07T02:56:15.9879669Z with:
2026-09-07T02:56:15.9880277Z   ref: b567669fcd41c40caa8235e758a0f1fdca9a00a5
2026-09-07T02:56:15.9881042Z   path: head
2026-09-07T02:56:15.9881609Z   fetch-depth: 0
2026-09-07T02:56:15.9882205Z   persist-credentials: false
2026-09-07T02:56:15.9883065Z   repository: gonzalezulises/harness-kit
2026-09-07T02:56:15.9887726Z   token: ***
2026-09-07T02:56:15.9888360Z   ssh-strict: true
2026-09-07T02:56:15.9888920Z   ssh-user: git
2026-09-07T02:56:15.9889488Z   clean: true
2026-09-07T02:56:15.9890049Z   sparse-checkout-cone-mode: true
2026-09-07T02:56:15.9890674Z   fetch-tags: false
2026-09-07T02:56:15.9891290Z   show-progress: true
2026-09-07T02:56:15.9891879Z   lfs: false
2026-09-07T02:56:15.9892417Z   submodules: false
2026-09-07T02:56:15.9892982Z   set-safe-directory: true
2026-09-07T02:56:15.9893615Z   allow-unsafe-pr-checkout: false
2026-09-07T02:56:15.9894264Z ##[endgroup]
2026-09-07T02:56:16.1287590Z Syncing repository: gonzalezulises/harness-kit
2026-09-07T02:56:16.1291039Z ##[group]Getting Git version info
2026-09-07T02:56:16.1292495Z Working directory is '/home/runner/work/harness-kit/harness-kit/head'
2026-09-07T02:56:16.1319597Z [command]/usr/bin/git version
2026-09-07T02:56:16.1448009Z git version 2.55.0
2026-09-07T02:56:16.1463818Z ##[endgroup]
2026-09-07T02:56:16.1474130Z Temporarily overriding HOME='/home/runner/work/_temp/3e3fa88a-3af5-40a8-a6b9-6abfc4c7dce7' before making global git config changes
2026-09-07T02:56:16.1476430Z Adding repository directory to the temporary git global config as a safe directory
2026-09-07T02:56:16.1483913Z [command]/usr/bin/git config --global --add safe.directory /home/runner/work/harness-kit/harness-kit/head
2026-09-07T02:56:16.1603303Z ##[group]Determining repository object format
2026-09-07T02:56:16.1606443Z ##[endgroup]
2026-09-07T02:56:16.1608977Z ##[group]Initializing the repository
2026-09-07T02:56:16.1611093Z [command]/usr/bin/git init /home/runner/work/harness-kit/harness-kit/head
2026-09-07T02:56:16.1684299Z hint: Using 'master' as the name for the initial branch. This default branch name
2026-09-07T02:56:16.1688081Z hint: will change to "main" in Git 3.0. To configure the initial branch name
2026-09-07T02:56:16.1690016Z hint: to use in all of your new repositories, which will suppress this warning,
2026-09-07T02:56:16.1692476Z hint: call:
2026-09-07T02:56:16.1698851Z hint:
2026-09-07T02:56:16.1700411Z hint: 	git config --global init.defaultBranch <name>
2026-09-07T02:56:16.1701776Z hint:
2026-09-07T02:56:16.1702835Z hint: Names commonly chosen instead of 'master' are 'main', 'trunk' and
2026-09-07T02:56:16.1707765Z hint: 'development'. The just-created branch can be renamed via this command:
2026-09-07T02:56:16.1709241Z hint:
2026-09-07T02:56:16.1709994Z hint: 	git branch -m <name>
2026-09-07T02:56:16.1710892Z hint:
2026-09-07T02:56:16.1711991Z hint: Disable this message with "git config set advice.defaultBranchName false"
2026-09-07T02:56:16.1713661Z Initialized empty Git repository in /home/runner/work/harness-kit/harness-kit/head/.git/
2026-09-07T02:56:16.1721499Z [command]/usr/bin/git remote add origin https://github.com/gonzalezulises/harness-kit
2026-09-07T02:56:16.1818039Z ##[endgroup]
2026-09-07T02:56:16.1819547Z ##[group]Disabling automatic garbage collection
2026-09-07T02:56:16.1820733Z [command]/usr/bin/git config --local gc.auto 0
2026-09-07T02:56:16.1948825Z ##[endgroup]
2026-09-07T02:56:16.1965878Z ##[group]Setting up auth
2026-09-07T02:56:16.1967214Z Removing SSH command configuration
2026-09-07T02:56:16.1968716Z [command]/usr/bin/git config --local --name-only --get-regexp core\.sshCommand
2026-09-07T02:56:16.1985973Z [command]/usr/bin/git submodule foreach --recursive sh -c "git config --local --name-only --get-regexp 'core\.sshCommand' && git config --local --unset-all 'core.sshCommand' || :"
2026-09-07T02:56:16.2662792Z Removing HTTP extra header
2026-09-07T02:56:16.2664809Z [command]/usr/bin/git config --local --name-only --get-regexp http\.https\:\/\/github\.com\/\.extraheader
2026-09-07T02:56:16.2669142Z [command]/usr/bin/git submodule foreach --recursive sh -c "git config --local --name-only --get-regexp 'http\.https\:\/\/github\.com\/\.extraheader' && git config --local --unset-all 'http.https://github.com/.extraheader' || :"
2026-09-07T02:56:16.2811518Z Removing includeIf entries pointing to credentials config files
2026-09-07T02:56:16.2815250Z [command]/usr/bin/git config --local --name-only --get-regexp ^includeIf\.gitdir:
2026-09-07T02:56:16.2858459Z [command]/usr/bin/git submodule foreach --recursive git config --local --show-origin --name-only --get-regexp remote.origin.url
2026-09-07T02:56:16.3052581Z [command]/usr/bin/git config --file /home/runner/work/_temp/git-credentials-fd56025e-3602-4514-b2aa-b9dd578bb73d.config http.https://github.com/.extraheader AUTHORIZATION: basic ***
2026-09-07T02:56:16.3093036Z [command]/usr/bin/git config --local includeIf.gitdir:/home/runner/work/harness-kit/harness-kit/head/.git.path /home/runner/work/_temp/git-credentials-fd56025e-3602-4514-b2aa-b9dd578bb73d.config
2026-09-07T02:56:16.3123502Z [command]/usr/bin/git config --local includeIf.gitdir:/home/runner/work/harness-kit/harness-kit/head/.git/worktrees/*.path /home/runner/work/_temp/git-credentials-fd56025e-3602-4514-b2aa-b9dd578bb73d.config
2026-09-07T02:56:16.3155879Z [command]/usr/bin/git config --local includeIf.gitdir:/github/workspace/head/.git.path /github/runner_temp/git-credentials-fd56025e-3602-4514-b2aa-b9dd578bb73d.config
2026-09-07T02:56:16.3190460Z [command]/usr/bin/git config --local includeIf.gitdir:/github/workspace/head/.git/worktrees/*.path /github/runner_temp/git-credentials-fd56025e-3602-4514-b2aa-b9dd578bb73d.config
2026-09-07T02:56:16.3220429Z ##[endgroup]
2026-09-07T02:56:16.3221745Z ##[group]Fetching the repository
2026-09-07T02:56:16.3235576Z [command]/usr/bin/git -c protocol.version=2 fetch --no-tags --prune --no-recurse-submodules origin +refs/heads/*:refs/remotes/origin/* +refs/tags/*:refs/tags/*
2026-09-07T02:56:18.3536675Z From https://github.com/gonzalezulises/harness-kit
2026-09-07T02:56:18.3538628Z  * [new branch]      chore/release-please   -> origin/chore/release-please
2026-09-07T02:56:18.3540023Z  * [new branch]      chore/ship-env-example -> origin/chore/ship-env-example
2026-09-07T02:56:18.3541341Z  * [new branch]      dependabot/github_actions/actions/checkout-7 -> origin/dependabot/github_actions/actions/checkout-7
2026-09-07T02:56:18.3543195Z  * [new branch]      dependabot/github_actions/googleapis/release-please-action-5 -> origin/dependabot/github_actions/googleapis/release-please-action-5
2026-09-07T02:56:18.3545168Z  * [new branch]      docs/release-please-blocker -> origin/docs/release-please-blocker
2026-09-07T02:56:18.3546432Z  * [new branch]      feat/consumer-distribution -> origin/feat/consumer-distribution
2026-09-07T02:56:18.3547543Z  * [new branch]      feat/human-interruption-reduction -> origin/feat/human-interruption-reduction
2026-09-07T02:56:18.3548711Z  * [new branch]      feat/p0-product-loop   -> origin/feat/p0-product-loop
2026-09-07T02:56:18.3549713Z  * [new branch]      feat/sentry-full-surface -> origin/feat/sentry-full-surface
2026-09-07T02:56:18.3551025Z  * [new branch]      feat/sentry-observability-pack -> origin/feat/sentry-observability-pack
2026-09-07T02:56:18.3552146Z  * [new branch]      feat/sentry-to-github-issues -> origin/feat/sentry-to-github-issues
2026-09-07T02:56:18.3553385Z  * [new branch]      fix/secret-fixture-scanner-noise -> origin/fix/secret-fixture-scanner-noise
2026-09-07T02:56:18.3554521Z  * [new branch]      fix/sentry-pack-security-hardening -> origin/fix/sentry-pack-security-hardening
2026-09-07T02:56:18.3555995Z  * [new branch]      fix/status-version-stamp -> origin/fix/status-version-stamp
2026-09-07T02:56:18.3557088Z  * [new branch]      main                   -> origin/main
2026-09-07T02:56:18.3558803Z  * [new branch]      release-please--branches--main--components--harness-kit -> origin/release-please--branches--main--components--harness-kit
2026-09-07T02:56:18.3560423Z  * [new branch]      review/harness-hardening-autonomy -> origin/review/harness-hardening-autonomy
2026-09-07T02:56:18.3561641Z  * [new branch]      review/protected-judge-adoption -> origin/review/protected-judge-adoption
2026-09-07T02:56:18.3562573Z  * [new tag]         v2.2.0                 -> v2.2.0
2026-09-07T02:56:18.3563530Z  * [new tag]         v2.2.1                 -> v2.2.1
2026-09-07T02:56:18.3564299Z  * [new tag]         v2.2.2                 -> v2.2.2
2026-09-07T02:56:18.3565229Z  * [new tag]         v2.2.3                 -> v2.2.3
2026-09-07T02:56:18.3566000Z  * [new tag]         v2.2.4                 -> v2.2.4
2026-09-07T02:56:18.3566748Z  * [new tag]         v2.2.5                 -> v2.2.5
2026-09-07T02:56:18.3569328Z [command]/usr/bin/git rev-parse --verify --quiet b567669fcd41c40caa8235e758a0f1fdca9a00a5^{object}
2026-09-07T02:56:18.3570879Z b567669fcd41c40caa8235e758a0f1fdca9a00a5
2026-09-07T02:56:18.3583980Z ##[endgroup]
2026-09-07T02:56:18.3585265Z ##[group]Determining the checkout info
2026-09-07T02:56:18.3587216Z ##[endgroup]
2026-09-07T02:56:18.3588204Z [command]/usr/bin/git sparse-checkout disable
2026-09-07T02:56:18.3631914Z [command]/usr/bin/git config --local --unset-all extensions.worktreeConfig
2026-09-07T02:56:18.3664318Z ##[group]Checking out the ref
2026-09-07T02:56:18.3668837Z [command]/usr/bin/git checkout --progress --force b567669fcd41c40caa8235e758a0f1fdca9a00a5
2026-09-07T02:56:18.4418942Z Note: switching to 'b567669fcd41c40caa8235e758a0f1fdca9a00a5'.
2026-09-07T02:56:18.4420366Z 
2026-09-07T02:56:18.4420995Z You are in 'detached HEAD' state. You can look around, make experimental
2026-09-07T02:56:18.4422213Z changes and commit them, and you can discard any commits you make in this
2026-09-07T02:56:18.4423202Z state without impacting any branches by switching back to a branch.
2026-09-07T02:56:18.4423799Z 
2026-09-07T02:56:18.4424270Z If you want to create a new branch to retain commits you create, you may
2026-09-07T02:56:18.4425815Z do so (now or later) by using -c with the switch command. Example:
2026-09-07T02:56:18.4426367Z 
2026-09-07T02:56:18.4426733Z   git switch -c <new-branch-name>
2026-09-07T02:56:18.4427172Z 
2026-09-07T02:56:18.4427464Z Or undo this operation with:
2026-09-07T02:56:18.4427858Z 
2026-09-07T02:56:18.4428127Z   git switch -
2026-09-07T02:56:18.4428695Z 
2026-09-07T02:56:18.4429291Z Turn off this advice by setting config variable advice.detachedHead to false
2026-09-07T02:56:18.4429978Z 
2026-09-07T02:56:18.4430635Z HEAD is now at b567669 fix(distribution): include exact production modules and integrate reviewed base
2026-09-07T02:56:18.4433228Z ##[endgroup]
2026-09-07T02:56:18.4479393Z [command]/usr/bin/git log -1 --format=%H
2026-09-07T02:56:18.4508618Z b567669fcd41c40caa8235e758a0f1fdca9a00a5
2026-09-07T02:56:18.4519317Z ##[group]Removing auth
2026-09-07T02:56:18.4520248Z Removing SSH command configuration
2026-09-07T02:56:18.4523831Z [command]/usr/bin/git config --local --name-only --get-regexp core\.sshCommand
2026-09-07T02:56:18.4558297Z [command]/usr/bin/git submodule foreach --recursive sh -c "git config --local --name-only --get-regexp 'core\.sshCommand' && git config --local --unset-all 'core.sshCommand' || :"
2026-09-07T02:56:18.4778501Z Removing HTTP extra header
2026-09-07T02:56:18.4779750Z [command]/usr/bin/git config --local --name-only --get-regexp http\.https\:\/\/github\.com\/\.extraheader
2026-09-07T02:56:18.4811507Z [command]/usr/bin/git submodule foreach --recursive sh -c "git config --local --name-only --get-regexp 'http\.https\:\/\/github\.com\/\.extraheader' && git config --local --unset-all 'http.https://github.com/.extraheader' || :"
2026-09-07T02:56:18.5003353Z Removing includeIf entries pointing to credentials config files
2026-09-07T02:56:18.5007071Z [command]/usr/bin/git config --local --name-only --get-regexp ^includeIf\.gitdir:
2026-09-07T02:56:18.5035298Z includeif.gitdir:/home/runner/work/harness-kit/harness-kit/head/.git.path
2026-09-07T02:56:18.5037378Z includeif.gitdir:/home/runner/work/harness-kit/harness-kit/head/.git/worktrees/*.path
2026-09-07T02:56:18.5039157Z includeif.gitdir:/github/workspace/head/.git.path
2026-09-07T02:56:18.5040483Z includeif.gitdir:/github/workspace/head/.git/worktrees/*.path
2026-09-07T02:56:18.5045673Z [command]/usr/bin/git config --local --get-all includeif.gitdir:/home/runner/work/harness-kit/harness-kit/head/.git.path
2026-09-07T02:56:18.5066674Z /home/runner/work/_temp/git-credentials-fd56025e-3602-4514-b2aa-b9dd578bb73d.config
2026-09-07T02:56:18.5079257Z [command]/usr/bin/git config --local --unset includeif.gitdir:/home/runner/work/harness-kit/harness-kit/head/.git.path \/home\/runner\/work\/_temp\/git\-credentials\-fd56025e\-3602\-4514\-b2aa\-b9dd578bb73d\.config
2026-09-07T02:56:18.5119963Z [command]/usr/bin/git config --local --get-all includeif.gitdir:/home/runner/work/harness-kit/harness-kit/head/.git/worktrees/*.path
2026-09-07T02:56:18.5149180Z /home/runner/work/_temp/git-credentials-fd56025e-3602-4514-b2aa-b9dd578bb73d.config
2026-09-07T02:56:18.5153236Z [command]/usr/bin/git config --local --unset includeif.gitdir:/home/runner/work/harness-kit/harness-kit/head/.git/worktrees/*.path \/home\/runner\/work\/_temp\/git\-credentials\-fd56025e\-3602\-4514\-b2aa\-b9dd578bb73d\.config
2026-09-07T02:56:18.5183044Z [command]/usr/bin/git config --local --get-all includeif.gitdir:/github/workspace/head/.git.path
2026-09-07T02:56:18.5216344Z /github/runner_temp/git-credentials-fd56025e-3602-4514-b2aa-b9dd578bb73d.config
2026-09-07T02:56:18.5227146Z [command]/usr/bin/git config --local --unset includeif.gitdir:/github/workspace/head/.git.path \/github\/runner_temp\/git\-credentials\-fd56025e\-3602\-4514\-b2aa\-b9dd578bb73d\.config
2026-09-07T02:56:18.5264668Z [command]/usr/bin/git config --local --get-all includeif.gitdir:/github/workspace/head/.git/worktrees/*.path
2026-09-07T02:56:18.5285042Z /github/runner_temp/git-credentials-fd56025e-3602-4514-b2aa-b9dd578bb73d.config
2026-09-07T02:56:18.5292335Z [command]/usr/bin/git config --local --unset includeif.gitdir:/github/workspace/head/.git/worktrees/*.path \/github\/runner_temp\/git\-credentials\-fd56025e\-3602\-4514\-b2aa\-b9dd578bb73d\.config
2026-09-07T02:56:18.5322615Z [command]/usr/bin/git submodule foreach --recursive git config --local --show-origin --name-only --get-regexp remote.origin.url
2026-09-07T02:56:18.5512451Z Removing credentials config '/home/runner/work/_temp/git-credentials-fd56025e-3602-4514-b2aa-b9dd578bb73d.config'
2026-09-07T02:56:18.5524222Z ##[endgroup]
2026-09-07T02:56:18.5714590Z ##[group]Run actions/checkout@3d3c42e5aac5ba805825da76410c181273ba90b1
2026-09-07T02:56:18.5715307Z with:
2026-09-07T02:56:18.5715714Z   ref: e5bfa5343d064e376086e2b13e45203b4ad4a481
2026-09-07T02:56:18.5716177Z   path: base
2026-09-07T02:56:18.5716511Z   fetch-depth: 0
2026-09-07T02:56:18.5716876Z   persist-credentials: false
2026-09-07T02:56:18.5717275Z   repository: gonzalezulises/harness-kit
2026-09-07T02:56:18.5719975Z   token: ***
2026-09-07T02:56:18.5720328Z   ssh-strict: true
2026-09-07T02:56:18.5720703Z   ssh-user: git
2026-09-07T02:56:18.5721042Z   clean: true
2026-09-07T02:56:18.5721394Z   sparse-checkout-cone-mode: true
2026-09-07T02:56:18.5721797Z   fetch-tags: false
2026-09-07T02:56:18.5722163Z   show-progress: true
2026-09-07T02:56:18.5722494Z   lfs: false
2026-09-07T02:56:18.5722861Z   submodules: false
2026-09-07T02:56:18.5723223Z   set-safe-directory: true
2026-09-07T02:56:18.5723604Z   allow-unsafe-pr-checkout: false
2026-09-07T02:56:18.5724019Z ##[endgroup]
2026-09-07T02:56:18.6600157Z Syncing repository: gonzalezulises/harness-kit
2026-09-07T02:56:18.6602208Z ##[group]Getting Git version info
2026-09-07T02:56:18.6603621Z Working directory is '/home/runner/work/harness-kit/harness-kit/base'
2026-09-07T02:56:18.6663086Z [command]/usr/bin/git version
2026-09-07T02:56:18.6796534Z git version 2.55.0
2026-09-07T02:56:18.6830034Z ##[endgroup]
2026-09-07T02:56:18.6844272Z Temporarily overriding HOME='/home/runner/work/_temp/021d3d11-c8fb-4bb8-a5a0-ccf452f5f0b1' before making global git config changes
2026-09-07T02:56:18.6854311Z Adding repository directory to the temporary git global config as a safe directory
2026-09-07T02:56:18.6856491Z [command]/usr/bin/git config --global --add safe.directory /home/runner/work/harness-kit/harness-kit/base
2026-09-07T02:56:18.6859677Z ##[group]Determining repository object format
2026-09-07T02:56:18.6866942Z ##[endgroup]
2026-09-07T02:56:18.6868200Z ##[group]Initializing the repository
2026-09-07T02:56:18.6869502Z [command]/usr/bin/git init /home/runner/work/harness-kit/harness-kit/base
2026-09-07T02:56:18.6940550Z hint: Using 'master' as the name for the initial branch. This default branch name
2026-09-07T02:56:18.6942312Z hint: will change to "main" in Git 3.0. To configure the initial branch name
2026-09-07T02:56:18.6944046Z hint: to use in all of your new repositories, which will suppress this warning,
2026-09-07T02:56:18.6945180Z hint: call:
2026-09-07T02:56:18.6946254Z hint:
2026-09-07T02:56:18.6947121Z hint: 	git config --global init.defaultBranch <name>
2026-09-07T02:56:18.6948131Z hint:
2026-09-07T02:56:18.6949032Z hint: Names commonly chosen instead of 'master' are 'main', 'trunk' and
2026-09-07T02:56:18.6950307Z hint: 'development'. The just-created branch can be renamed via this command:
2026-09-07T02:56:18.6951560Z hint:
2026-09-07T02:56:18.6952511Z hint: 	git branch -m <name>
2026-09-07T02:56:18.6953317Z hint:
2026-09-07T02:56:18.6954403Z hint: Disable this message with "git config set advice.defaultBranchName false"
2026-09-07T02:56:18.6956100Z Initialized empty Git repository in /home/runner/work/harness-kit/harness-kit/base/.git/
2026-09-07T02:56:18.6958924Z [command]/usr/bin/git remote add origin https://github.com/gonzalezulises/harness-kit
2026-09-07T02:56:18.7002169Z ##[endgroup]
2026-09-07T02:56:18.7003436Z ##[group]Disabling automatic garbage collection
2026-09-07T02:56:18.7004656Z [command]/usr/bin/git config --local gc.auto 0
2026-09-07T02:56:18.7057160Z ##[endgroup]
2026-09-07T02:56:18.7058167Z ##[group]Setting up auth
2026-09-07T02:56:18.7059198Z Removing SSH command configuration
2026-09-07T02:56:18.7061204Z [command]/usr/bin/git config --local --name-only --get-regexp core\.sshCommand
2026-09-07T02:56:18.7397860Z [command]/usr/bin/git submodule foreach --recursive sh -c "git config --local --name-only --get-regexp 'core\.sshCommand' && git config --local --unset-all 'core.sshCommand' || :"
2026-09-07T02:56:18.7448563Z Removing HTTP extra header
2026-09-07T02:56:18.7450200Z [command]/usr/bin/git config --local --name-only --get-regexp http\.https\:\/\/github\.com\/\.extraheader
2026-09-07T02:56:18.7511715Z [command]/usr/bin/git submodule foreach --recursive sh -c "git config --local --name-only --get-regexp 'http\.https\:\/\/github\.com\/\.extraheader' && git config --local --unset-all 'http.https://github.com/.extraheader' || :"
2026-09-07T02:56:18.7847187Z Removing includeIf entries pointing to credentials config files
2026-09-07T02:56:18.7848695Z [command]/usr/bin/git config --local --name-only --get-regexp ^includeIf\.gitdir:
2026-09-07T02:56:18.7910036Z [command]/usr/bin/git submodule foreach --recursive git config --local --show-origin --name-only --get-regexp remote.origin.url
2026-09-07T02:56:18.8209339Z [command]/usr/bin/git config --file /home/runner/work/_temp/git-credentials-d8cf4c83-dbee-4096-917d-637f206f9bca.config http.https://github.com/.extraheader AUTHORIZATION: basic ***
2026-09-07T02:56:18.8237447Z [command]/usr/bin/git config --local includeIf.gitdir:/home/runner/work/harness-kit/harness-kit/base/.git.path /home/runner/work/_temp/git-credentials-d8cf4c83-dbee-4096-917d-637f206f9bca.config
2026-09-07T02:56:18.8288946Z [command]/usr/bin/git config --local includeIf.gitdir:/home/runner/work/harness-kit/harness-kit/base/.git/worktrees/*.path /home/runner/work/_temp/git-credentials-d8cf4c83-dbee-4096-917d-637f206f9bca.config
2026-09-07T02:56:18.8347984Z [command]/usr/bin/git config --local includeIf.gitdir:/github/workspace/base/.git.path /github/runner_temp/git-credentials-d8cf4c83-dbee-4096-917d-637f206f9bca.config
2026-09-07T02:56:18.8417642Z [command]/usr/bin/git config --local includeIf.gitdir:/github/workspace/base/.git/worktrees/*.path /github/runner_temp/git-credentials-d8cf4c83-dbee-4096-917d-637f206f9bca.config
2026-09-07T02:56:18.8486272Z ##[endgroup]
2026-09-07T02:56:18.8487404Z ##[group]Fetching the repository
2026-09-07T02:56:18.8488969Z [command]/usr/bin/git -c protocol.version=2 fetch --no-tags --prune --no-recurse-submodules origin +refs/heads/*:refs/remotes/origin/* +refs/tags/*:refs/tags/*
2026-09-07T02:56:20.1498349Z From https://github.com/gonzalezulises/harness-kit
2026-09-07T02:56:20.1506515Z  * [new branch]      chore/release-please   -> origin/chore/release-please
2026-09-07T02:56:20.1507507Z  * [new branch]      chore/ship-env-example -> origin/chore/ship-env-example
2026-09-07T02:56:20.1508836Z  * [new branch]      dependabot/github_actions/actions/checkout-7 -> origin/dependabot/github_actions/actions/checkout-7
2026-09-07T02:56:20.1510412Z  * [new branch]      dependabot/github_actions/googleapis/release-please-action-5 -> origin/dependabot/github_actions/googleapis/release-please-action-5
2026-09-07T02:56:20.1511716Z  * [new branch]      docs/release-please-blocker -> origin/docs/release-please-blocker
2026-09-07T02:56:20.1512711Z  * [new branch]      feat/consumer-distribution -> origin/feat/consumer-distribution
2026-09-07T02:56:20.1513837Z  * [new branch]      feat/human-interruption-reduction -> origin/feat/human-interruption-reduction
2026-09-07T02:56:20.1515277Z  * [new branch]      feat/p0-product-loop   -> origin/feat/p0-product-loop
2026-09-07T02:56:20.1516195Z  * [new branch]      feat/sentry-full-surface -> origin/feat/sentry-full-surface
2026-09-07T02:56:20.1517323Z  * [new branch]      feat/sentry-observability-pack -> origin/feat/sentry-observability-pack
2026-09-07T02:56:20.1544245Z  * [new branch]      feat/sentry-to-github-issues -> origin/feat/sentry-to-github-issues
2026-09-07T02:56:20.1545802Z  * [new branch]      fix/secret-fixture-scanner-noise -> origin/fix/secret-fixture-scanner-noise
2026-09-07T02:56:20.1546923Z  * [new branch]      fix/sentry-pack-security-hardening -> origin/fix/sentry-pack-security-hardening
2026-09-07T02:56:20.1548232Z  * [new branch]      fix/status-version-stamp -> origin/fix/status-version-stamp
2026-09-07T02:56:20.1549089Z  * [new branch]      main                   -> origin/main
2026-09-07T02:56:20.1550774Z  * [new branch]      release-please--branches--main--components--harness-kit -> origin/release-please--branches--main--components--harness-kit
2026-09-07T02:56:20.1552176Z  * [new branch]      review/harness-hardening-autonomy -> origin/review/harness-hardening-autonomy
2026-09-07T02:56:20.1553271Z  * [new branch]      review/protected-judge-adoption -> origin/review/protected-judge-adoption
2026-09-07T02:56:20.1554753Z  * [new tag]         v2.2.0                 -> v2.2.0
2026-09-07T02:56:20.1555827Z  * [new tag]         v2.2.1                 -> v2.2.1
2026-09-07T02:56:20.1556796Z  * [new tag]         v2.2.2                 -> v2.2.2
2026-09-07T02:56:20.1557640Z  * [new tag]         v2.2.3                 -> v2.2.3
2026-09-07T02:56:20.1558416Z  * [new tag]         v2.2.4                 -> v2.2.4
2026-09-07T02:56:20.1559069Z  * [new tag]         v2.2.5                 -> v2.2.5
2026-09-07T02:56:20.1561240Z [command]/usr/bin/git rev-parse --verify --quiet e5bfa5343d064e376086e2b13e45203b4ad4a481^{object}
2026-09-07T02:56:20.1562135Z e5bfa5343d064e376086e2b13e45203b4ad4a481
2026-09-07T02:56:20.1564049Z ##[endgroup]
2026-09-07T02:56:20.1565088Z ##[group]Determining the checkout info
2026-09-07T02:56:20.1565928Z ##[endgroup]
2026-09-07T02:56:20.1566506Z [command]/usr/bin/git sparse-checkout disable
2026-09-07T02:56:20.1636954Z [command]/usr/bin/git config --local --unset-all extensions.worktreeConfig
2026-09-07T02:56:20.1688046Z ##[group]Checking out the ref
2026-09-07T02:56:20.1689539Z [command]/usr/bin/git checkout --progress --force e5bfa5343d064e376086e2b13e45203b4ad4a481
2026-09-07T02:56:20.2402383Z Note: switching to 'e5bfa5343d064e376086e2b13e45203b4ad4a481'.
2026-09-07T02:56:20.2404587Z 
2026-09-07T02:56:20.2405368Z You are in 'detached HEAD' state. You can look around, make experimental
2026-09-07T02:56:20.2415487Z changes and commit them, and you can discard any commits you make in this
2026-09-07T02:56:20.2417482Z state without impacting any branches by switching back to a branch.
2026-09-07T02:56:20.2424755Z 
2026-09-07T02:56:20.2425750Z If you want to create a new branch to retain commits you create, you may
2026-09-07T02:56:20.2426705Z do so (now or later) by using -c with the switch command. Example:
2026-09-07T02:56:20.2427256Z 
2026-09-07T02:56:20.2427527Z   git switch -c <new-branch-name>
2026-09-07T02:56:20.2427918Z 
2026-09-07T02:56:20.2428202Z Or undo this operation with:
2026-09-07T02:56:20.2428605Z 
2026-09-07T02:56:20.2428895Z   git switch -
2026-09-07T02:56:20.2429206Z 
2026-09-07T02:56:20.2429680Z Turn off this advice by setting config variable advice.detachedHead to false
2026-09-07T02:56:20.2430321Z 
2026-09-07T02:56:20.2430833Z HEAD is now at e5bfa53 fix(ci): isolate fixture comparison refs from the protected source base
2026-09-07T02:56:20.2433010Z ##[endgroup]
2026-09-07T02:56:20.2457488Z [command]/usr/bin/git log -1 --format=%H
2026-09-07T02:56:20.2486081Z e5bfa5343d064e376086e2b13e45203b4ad4a481
2026-09-07T02:56:20.2494406Z ##[group]Removing auth
2026-09-07T02:56:20.2495394Z Removing SSH command configuration
2026-09-07T02:56:20.2499932Z [command]/usr/bin/git config --local --name-only --get-regexp core\.sshCommand
2026-09-07T02:56:20.2531080Z [command]/usr/bin/git submodule foreach --recursive sh -c "git config --local --name-only --get-regexp 'core\.sshCommand' && git config --local --unset-all 'core.sshCommand' || :"
2026-09-07T02:56:20.2744534Z Removing HTTP extra header
2026-09-07T02:56:20.2746059Z [command]/usr/bin/git config --local --name-only --get-regexp http\.https\:\/\/github\.com\/\.extraheader
2026-09-07T02:56:20.2770886Z [command]/usr/bin/git submodule foreach --recursive sh -c "git config --local --name-only --get-regexp 'http\.https\:\/\/github\.com\/\.extraheader' && git config --local --unset-all 'http.https://github.com/.extraheader' || :"
2026-09-07T02:56:20.2969493Z Removing includeIf entries pointing to credentials config files
2026-09-07T02:56:20.2972659Z [command]/usr/bin/git config --local --name-only --get-regexp ^includeIf\.gitdir:
2026-09-07T02:56:20.2996049Z includeif.gitdir:/home/runner/work/harness-kit/harness-kit/base/.git.path
2026-09-07T02:56:20.2999053Z includeif.gitdir:/home/runner/work/harness-kit/harness-kit/base/.git/worktrees/*.path
2026-09-07T02:56:20.3000094Z includeif.gitdir:/github/workspace/base/.git.path
2026-09-07T02:56:20.3001057Z includeif.gitdir:/github/workspace/base/.git/worktrees/*.path
2026-09-07T02:56:20.3008437Z [command]/usr/bin/git config --local --get-all includeif.gitdir:/home/runner/work/harness-kit/harness-kit/base/.git.path
2026-09-07T02:56:20.3046030Z /home/runner/work/_temp/git-credentials-d8cf4c83-dbee-4096-917d-637f206f9bca.config
2026-09-07T02:56:20.3099484Z [command]/usr/bin/git config --local --unset includeif.gitdir:/home/runner/work/harness-kit/harness-kit/base/.git.path \/home\/runner\/work\/_temp\/git\-credentials\-d8cf4c83\-dbee\-4096\-917d\-637f206f9bca\.config
2026-09-07T02:56:20.3129694Z [command]/usr/bin/git config --local --get-all includeif.gitdir:/home/runner/work/harness-kit/harness-kit/base/.git/worktrees/*.path
2026-09-07T02:56:20.3148673Z /home/runner/work/_temp/git-credentials-d8cf4c83-dbee-4096-917d-637f206f9bca.config
2026-09-07T02:56:20.3152106Z [command]/usr/bin/git config --local --unset includeif.gitdir:/home/runner/work/harness-kit/harness-kit/base/.git/worktrees/*.path \/home\/runner\/work\/_temp\/git\-credentials\-d8cf4c83\-dbee\-4096\-917d\-637f206f9bca\.config
2026-09-07T02:56:20.3183075Z [command]/usr/bin/git config --local --get-all includeif.gitdir:/github/workspace/base/.git.path
2026-09-07T02:56:20.3228961Z /github/runner_temp/git-credentials-d8cf4c83-dbee-4096-917d-637f206f9bca.config
2026-09-07T02:56:20.3232139Z [command]/usr/bin/git config --local --unset includeif.gitdir:/github/workspace/base/.git.path \/github\/runner_temp\/git\-credentials\-d8cf4c83\-dbee\-4096\-917d\-637f206f9bca\.config
2026-09-07T02:56:20.3271794Z [command]/usr/bin/git config --local --get-all includeif.gitdir:/github/workspace/base/.git/worktrees/*.path
2026-09-07T02:56:20.3365855Z /github/runner_temp/git-credentials-d8cf4c83-dbee-4096-917d-637f206f9bca.config
2026-09-07T02:56:20.3402304Z [command]/usr/bin/git config --local --unset includeif.gitdir:/github/workspace/base/.git/worktrees/*.path \/github\/runner_temp\/git\-credentials\-d8cf4c83\-dbee\-4096\-917d\-637f206f9bca\.config
2026-09-07T02:56:20.3436945Z [command]/usr/bin/git submodule foreach --recursive git config --local --show-origin --name-only --get-regexp remote.origin.url
2026-09-07T02:56:20.3637858Z Removing credentials config '/home/runner/work/_temp/git-credentials-d8cf4c83-dbee-4096-917d-637f206f9bca.config'
2026-09-07T02:56:20.3656275Z ##[endgroup]
2026-09-07T02:56:20.3737198Z ##[group]Run set -uo pipefail
2026-09-07T02:56:20.3737652Z [36;1mset -uo pipefail[0m
2026-09-07T02:56:20.3738129Z [36;1m# A project that is entirely shell without a shell linter is a project[0m
2026-09-07T02:56:20.3738723Z [36;1m# without a compiler. -S warning is the level the repo is clean at.[0m
2026-09-07T02:56:20.3739169Z [36;1m#[0m
2026-09-07T02:56:20.3739559Z [36;1m# The version is pinned because the runner's preinstalled shellcheck is[0m
2026-09-07T02:56:20.3740123Z [36;1m# older than the one developers have locally, and the two disagree: a[0m
2026-09-07T02:56:20.3740669Z [36;1m# lint that passes on your machine and fails in CI teaches people to[0m
2026-09-07T02:56:20.3741107Z [36;1m# stop reading lint output.[0m
2026-09-07T02:56:20.3741453Z [36;1mSC_VERSION=v0.11.0[0m
2026-09-07T02:56:20.3742104Z [36;1mcurl -fsSL "https://github.com/koalaman/shellcheck/releases/download/${SC_VERSION}/shellcheck-${SC_VERSION}.linux.x86_64.tar.xz" \[0m
2026-09-07T02:56:20.3742888Z [36;1m  | tar -xJf - -C "$RUNNER_TEMP"[0m
2026-09-07T02:56:20.3743302Z [36;1mSHELLCHECK="$RUNNER_TEMP/shellcheck-${SC_VERSION}/shellcheck"[0m
2026-09-07T02:56:20.3743782Z [36;1m"$SHELLCHECK" --version | grep version:[0m
2026-09-07T02:56:20.3744132Z [36;1mset +e[0m
2026-09-07T02:56:20.3744487Z [36;1m"$SHELLCHECK" -S warning bin/*.sh scripts/*.sh tests/*.sh \[0m
2026-09-07T02:56:20.3745197Z [36;1m  templates/full/scripts/*.sh packs/*/verify-pack.sh[0m
2026-09-07T02:56:20.3745596Z [36;1mlint_exit=$?[0m
2026-09-07T02:56:20.3745902Z [36;1mset -e[0m
2026-09-07T02:56:20.3746292Z [36;1mprintf 'lint_exit=%s\n' "$lint_exit" >> "$GITHUB_OUTPUT"[0m
2026-09-07T02:56:20.3746717Z [36;1m[ "$lint_exit" -eq 0 ] || exit "$lint_exit"[0m
2026-09-07T02:56:20.3747147Z [36;1m: > "$RUNNER_TEMP/lint-observed-zero"[0m
2026-09-07T02:56:20.3773394Z shell: /usr/bin/bash --noprofile --norc -e -o pipefail {0}
2026-09-07T02:56:20.3773815Z ##[endgroup]
2026-09-07T02:56:20.7273727Z version: 0.11.0
2026-09-07T02:56:24.5073130Z ##[group]Run set -uo pipefail
2026-09-07T02:56:24.5073518Z [36;1mset -uo pipefail[0m
2026-09-07T02:56:24.5073868Z [36;1mset +e[0m
2026-09-07T02:56:24.5074229Z [36;1mbash packs/gherkin/verify-pack.sh[0m
2026-09-07T02:56:24.5074610Z [36;1mgherkin_exit=$?[0m
2026-09-07T02:56:24.5075187Z [36;1mset -e[0m
2026-09-07T02:56:24.5075606Z [36;1mprintf 'gherkin_exit=%s\n' "$gherkin_exit" >> "$GITHUB_OUTPUT"[0m
2026-09-07T02:56:24.5076164Z [36;1m[ "$gherkin_exit" -eq 0 ] || exit "$gherkin_exit"[0m
2026-09-07T02:56:24.5076611Z [36;1m: > "$RUNNER_TEMP/gherkin-observed-zero"[0m
2026-09-07T02:56:24.5100624Z shell: /usr/bin/bash --noprofile --norc -e -o pipefail {0}
2026-09-07T02:56:24.5101021Z ##[endgroup]
2026-09-07T02:56:24.5186832Z Gherkin pack — failure matrix
2026-09-07T02:56:24.5187399Z 
2026-09-07T02:56:24.7116429Z   ok   valid run passes (exit 0)
2026-09-07T02:56:24.7407478Z   ok   valid run passes with a matching --expect (exit 0)
2026-09-07T02:56:24.7742933Z   ok   zero execution blocks (exit 2)
2026-09-07T02:56:24.8041739Z   ok   executing fewer scenarios than declared blocks (exit 2)
2026-09-07T02:56:24.8320333Z   ok   FAILED blocks (exit 1)
2026-09-07T02:56:24.8573142Z   ok   UNDEFINED blocks (exit 1)
2026-09-07T02:56:24.8837362Z   ok   AMBIGUOUS blocks (exit 1)
2026-09-07T02:56:24.9123724Z   ok   PENDING blocks (exit 1)
2026-09-07T02:56:24.9395069Z   ok   SKIPPED blocks (exit 1)
2026-09-07T02:56:24.9705502Z   ok   duplicate scenario id blocks (exit 1)
2026-09-07T02:56:25.0083564Z   ok   malformed report blocks (exit 3)
2026-09-07T02:56:25.0399000Z   ok   truncated report blocks (exit 3)
2026-09-07T02:56:25.0647064Z   ok   missing report blocks (exit 3)
2026-09-07T02:56:25.0922769Z   ok   --expect rejects a non-numeric argument (exit 64)
2026-09-07T02:56:25.1242448Z   ok   validator runs inside a "type": "module" repo
2026-09-07T02:56:25.1243479Z 
2026-09-07T02:56:25.1244484Z ────────────────────────────────────────
2026-09-07T02:56:25.1245444Z 15 passed, 0 failed
2026-09-07T02:56:25.1246215Z Every failure mode blocks.
2026-09-07T02:56:25.1309510Z ##[group]Run set -euo pipefail
2026-09-07T02:56:25.1309900Z [36;1mset -euo pipefail[0m
2026-09-07T02:56:25.1310326Z [36;1m# Same version the pack's documented findings were measured against.[0m
2026-09-07T02:56:25.1310798Z [36;1mK6_VERSION=v2.1.0[0m
2026-09-07T02:56:25.1311383Z [36;1mcurl -fsSL "https://github.com/grafana/k6/releases/download/${K6_VERSION}/k6-${K6_VERSION}-linux-amd64.tar.gz" \[0m
2026-09-07T02:56:25.1312015Z [36;1m  | tar -xzf - -C "$RUNNER_TEMP"[0m
2026-09-07T02:56:25.1312524Z [36;1msudo install "$RUNNER_TEMP/k6-${K6_VERSION}-linux-amd64/k6" /usr/local/bin/k6[0m
2026-09-07T02:56:25.1312979Z [36;1mk6 version[0m
2026-09-07T02:56:25.1336446Z shell: /usr/bin/bash --noprofile --norc -e -o pipefail {0}
2026-09-07T02:56:25.1337009Z ##[endgroup]
2026-09-07T02:56:25.9363018Z k6 v2.1.0 (commit/83a87a41e2, go1.26.4, linux/amd64)
2026-09-07T02:56:25.9410494Z ##[group]Run set -euo pipefail
2026-09-07T02:56:25.9410950Z [36;1mset -euo pipefail[0m
2026-09-07T02:56:25.9411425Z [36;1m# An old protected judge cannot certify a new contract. Adoption is explicit.[0m
2026-09-07T02:56:25.9412195Z [36;1mpython3 - "$GITHUB_WORKSPACE/base/.harness/protected-judge/v1/.harness/judge-contract.json" <<'PYCONTRACT'[0m
2026-09-07T02:56:25.9412763Z [36;1mimport json,sys[0m
2026-09-07T02:56:25.9413317Z [36;1mexpected={"schema_version":1,"interfaces":["target-root-v1","installation-profile-v1","match-argv-v1"]}[0m
2026-09-07T02:56:25.9413911Z [36;1mtry:[0m
2026-09-07T02:56:25.9414323Z [36;1m    with open(sys.argv[1]) as stream: actual=json.load(stream)[0m
2026-09-07T02:56:25.9414770Z [36;1m    assert actual == expected[0m
2026-09-07T02:56:25.9415425Z [36;1mexcept (OSError,ValueError,AssertionError):[0m
2026-09-07T02:56:25.9416134Z [36;1m    sys.exit("ADOPTION_REQUIRED: protected base lacks the required judge contract; no head fallback")[0m
2026-09-07T02:56:25.9416648Z [36;1mPYCONTRACT[0m
2026-09-07T02:56:25.9417154Z [36;1mbash "$GITHUB_WORKSPACE/base/.harness/protected-judge/v1/scripts/setup-oracles.sh"[0m
2026-09-07T02:56:25.9417835Z [36;1mecho "$GITHUB_WORKSPACE/base/.harness/protected-judge/v1/.harness/tools/oracles-venv/bin" >> "$GITHUB_PATH"[0m
2026-09-07T02:56:25.9418617Z [36;1mexport PATH="$GITHUB_WORKSPACE/base/.harness/protected-judge/v1/.harness/tools/oracles-venv/bin:$PATH"[0m
2026-09-07T02:56:25.9419379Z [36;1mbash "$GITHUB_WORKSPACE/base/.harness/protected-judge/v1/scripts/run-gates.sh" quick --target "$GITHUB_WORKSPACE/head"[0m
2026-09-07T02:56:25.9419973Z [36;1m: > "$RUNNER_TEMP/gates-observed-zero"[0m
2026-09-07T02:56:25.9443263Z shell: /usr/bin/bash --noprofile --norc -e -o pipefail {0}
2026-09-07T02:56:25.9444211Z env:
2026-09-07T02:56:25.9444553Z   ROUTES_BASE: e5bfa5343d064e376086e2b13e45203b4ad4a481
2026-09-07T02:56:25.9445176Z   DELIVERY_BASE: e5bfa5343d064e376086e2b13e45203b4ad4a481
2026-09-07T02:56:25.9445645Z ##[endgroup]
2026-09-07T02:56:29.4015676Z Collecting PyYAML==6.0.3 (from -r /home/runner/work/harness-kit/harness-kit/base/.harness/protected-judge/v1/requirements-harness.txt (line 1))
2026-09-07T02:56:29.4343139Z   Downloading pyyaml-6.0.3-cp312-cp312-manylinux2014_x86_64.manylinux_2_17_x86_64.manylinux_2_28_x86_64.whl.metadata (2.4 kB)
2026-09-07T02:56:29.4436619Z Downloading pyyaml-6.0.3-cp312-cp312-manylinux2014_x86_64.manylinux_2_17_x86_64.manylinux_2_28_x86_64.whl (807 kB)
2026-09-07T02:56:29.4995503Z    ━━━━━━━━━━━━━━━━━━━━━━━━━━━━━━━━━━━━━━━━ 807.9/807.9 kB 20.4 MB/s eta 0:00:00
2026-09-07T02:56:29.5062327Z Installing collected packages: PyYAML
2026-09-07T02:56:29.5699367Z Successfully installed PyYAML-6.0.3
2026-09-07T02:56:29.6859891Z ── gates · aggregate quick · profile v1/kit
2026-09-07T02:56:29.7185409Z judge/base: e5bfa5343d064e376086e2b13e45203b4ad4a481
2026-09-07T02:56:29.7186779Z target/head: b567669fcd41c40caa8235e758a0f1fdca9a00a5
2026-09-07T02:56:29.7187774Z   decisions-append-only    PASS (0.0s, exit 0)
2026-09-07T02:56:29.8180324Z   agent-notes-tree         PASS (0.1s, exit 0)
2026-09-07T02:56:30.3437449Z   arch-boundaries          PASS (0.5s, exit 0)
2026-09-07T02:56:30.3844302Z   makefile-gates           PASS (0.0s, exit 0)
2026-09-07T02:56:30.4100160Z   version-sync             PASS (0.0s, exit 0)
2026-09-07T02:56:30.4145309Z   delivery-doc             PASS (0.0s, exit 0)
2026-09-07T02:56:30.5037352Z   context-routes           PASS (0.1s, exit 0)
2026-09-07T02:56:30.6366854Z   oracles-falsifiable      PASS (0.1s, exit 0)
2026-09-07T02:56:30.6367912Z ── 8 pass · 0 blocking · 0 not applicable
2026-09-07T02:56:30.6503790Z ##[group]Run actions/setup-node@820762786026740c76f36085b0efc47a31fe5020
2026-09-07T02:56:30.6504214Z with:
2026-09-07T02:56:30.6504564Z   node-version: 22
2026-09-07T02:56:30.6505111Z   package-manager-cache: false
2026-09-07T02:56:30.6505432Z   check-latest: false
2026-09-07T02:56:30.6508241Z   token: ***
2026-09-07T02:56:30.6508548Z ##[endgroup]
2026-09-07T02:56:30.7988633Z Found in cache @ /opt/hostedtoolcache/node/22.23.2/x64
2026-09-07T02:56:30.7989942Z ##[group]Environment details
2026-09-07T02:56:31.2969725Z node: v22.23.2
2026-09-07T02:56:31.2983760Z npm: 10.9.8
2026-09-07T02:56:31.2984644Z yarn: 1.22.22
2026-09-07T02:56:31.2985940Z ##[endgroup]
2026-09-07T02:56:31.3072477Z ##[group]Run npm ci --prefix packs/autonomy/repo-template/scripts/quality-orchestrator --ignore-scripts --no-audit --no-fund
2026-09-07T02:56:31.3073351Z [36;1mnpm ci --prefix packs/autonomy/repo-template/scripts/quality-orchestrator --ignore-scripts --no-audit --no-fund[0m
2026-09-07T02:56:31.3103843Z shell: /usr/bin/bash --noprofile --norc -e -o pipefail {0}
2026-09-07T02:56:31.3104275Z ##[endgroup]
2026-09-07T02:56:32.3757315Z 
2026-09-07T02:56:32.3766928Z added 2 packages in 1s
2026-09-07T02:56:32.3994681Z ##[group]Run set -uo pipefail
2026-09-07T02:56:32.3995303Z [36;1mset -uo pipefail[0m
2026-09-07T02:56:32.3995627Z [36;1mset +e[0m
2026-09-07T02:56:32.3995950Z [36;1mmake check[0m
2026-09-07T02:56:32.3996249Z [36;1mcommand_exit=$?[0m
2026-09-07T02:56:32.3996562Z [36;1mset -e[0m
2026-09-07T02:56:32.3996927Z [36;1mprintf 'command_exit=%s\n' "$command_exit" >> "$GITHUB_OUTPUT"[0m
2026-09-07T02:56:32.3997384Z [36;1m[ "$command_exit" -eq 0 ] || exit "$command_exit"[0m
2026-09-07T02:56:32.3997845Z [36;1m: > "$RUNNER_TEMP/check-observed-zero"[0m
2026-09-07T02:56:32.4021641Z shell: /usr/bin/bash --noprofile --norc -e -o pipefail {0}
2026-09-07T02:56:32.4022059Z env:
2026-09-07T02:56:32.4022446Z   ROUTES_BASE: e5bfa5343d064e376086e2b13e45203b4ad4a481
2026-09-07T02:56:32.4022888Z   DELIVERY_BASE: e5bfa5343d064e376086e2b13e45203b4ad4a481
2026-09-07T02:56:32.4023259Z ##[endgroup]
2026-09-07T02:56:32.4095245Z bash scripts/run-gates.sh quick
2026-09-07T02:56:32.4388961Z ── gates · aggregate quick · profile v1/kit
2026-09-07T02:56:32.4783088Z   decisions-append-only    PASS (0.0s, exit 0)
2026-09-07T02:56:32.5768547Z   agent-notes-tree         PASS (0.1s, exit 0)
2026-09-07T02:56:33.1616607Z   arch-boundaries          PASS (0.6s, exit 0)
2026-09-07T02:56:33.1972807Z   makefile-gates           PASS (0.0s, exit 0)
2026-09-07T02:56:33.2232094Z   version-sync             PASS (0.0s, exit 0)
2026-09-07T02:56:33.2275981Z   delivery-doc             PASS (0.0s, exit 0)
2026-09-07T02:56:33.3174373Z   context-routes           PASS (0.1s, exit 0)
2026-09-07T02:56:33.4610603Z   oracles-falsifiable      PASS (0.1s, exit 0)
2026-09-07T02:56:33.4612554Z ── 8 pass · 0 blocking · 0 not applicable
2026-09-07T02:56:33.4663000Z make check-core
2026-09-07T02:56:33.4691247Z make[1]: Entering directory '/home/runner/work/harness-kit/harness-kit/head'
2026-09-07T02:56:33.4692627Z bash scripts/check-prerequisites.sh full
2026-09-07T02:56:33.5020618Z Prerequisites verified for full scope; no verification tests ran in this step.
2026-09-07T02:56:33.5021695Z bash tests/run-tests.sh
2026-09-07T02:56:33.5074240Z harness-kit test suite
2026-09-07T02:56:35.8560634Z   ok   H01 verifier hardening regressions
2026-09-07T02:56:35.8565098Z 
2026-09-07T02:56:35.8565745Z 1. Syntax
2026-09-07T02:56:35.8602071Z   ok   syntax harness-activate.sh
2026-09-07T02:56:35.8652880Z   ok   syntax harness-audit.sh
2026-09-07T02:56:35.8682331Z   ok   syntax harness-init.sh
2026-09-07T02:56:35.8709933Z   ok   syntax harness-protect.sh
2026-09-07T02:56:35.8734628Z   ok   syntax harness-status.sh
2026-09-07T02:56:35.8760127Z   ok   syntax check-arch.sh
2026-09-07T02:56:35.8786933Z   ok   syntax clean-state-check.sh
2026-09-07T02:56:35.8812448Z   ok   syntax install-githooks.sh
2026-09-07T02:56:35.8835981Z   ok   syntax pre-commit-staged.sh
2026-09-07T02:56:35.8860777Z   ok   syntax run-gates.sh
2026-09-07T02:56:35.8887102Z   ok   syntax session-trace.sh
2026-09-07T02:56:35.8910351Z   ok   syntax setup-oracles.sh
2026-09-07T02:56:35.8935644Z   ok   syntax verify-agent-notes.sh
2026-09-07T02:56:35.8962606Z   ok   syntax verify-claims.sh
2026-09-07T02:56:35.8993176Z   ok   syntax verify-context-routes.sh
2026-09-07T02:56:35.9017512Z   ok   syntax verify-decisions.sh
2026-09-07T02:56:35.9045252Z   ok   syntax verify-delivery-doc.sh
2026-09-07T02:56:35.9071771Z   ok   syntax verify-feature.sh
2026-09-07T02:56:35.9097762Z   ok   syntax verify-makefile-gates.sh
2026-09-07T02:56:35.9122988Z   ok   syntax verify-oracles.sh
2026-09-07T02:56:35.9165777Z   ok   syntax run-tests.sh
2026-09-07T02:56:35.9214598Z   ok   in sync: scripts/check-arch.sh
2026-09-07T02:56:35.9250389Z   ok   in sync: scripts/clean-state-check.sh
2026-09-07T02:56:35.9287525Z   ok   in sync: scripts/install-githooks.sh
2026-09-07T02:56:35.9324536Z   ok   in sync: scripts/pre-commit-staged.sh
2026-09-07T02:56:35.9360486Z   ok   in sync: scripts/run-gates.sh
2026-09-07T02:56:35.9395550Z   ok   in sync: scripts/session-trace.sh
2026-09-07T02:56:35.9432621Z   ok   in sync: scripts/setup-oracles.sh
2026-09-07T02:56:35.9468366Z   ok   in sync: scripts/verify-agent-notes.sh
2026-09-07T02:56:35.9503692Z   ok   in sync: scripts/verify-claims.sh
2026-09-07T02:56:35.9541148Z   ok   in sync: scripts/verify-context-routes.sh
2026-09-07T02:56:35.9587836Z   ok   in sync: scripts/verify-decisions.sh
2026-09-07T02:56:35.9626128Z   ok   in sync: scripts/verify-delivery-doc.sh
2026-09-07T02:56:35.9661923Z   ok   in sync: scripts/verify-feature.sh
2026-09-07T02:56:35.9697537Z   ok   in sync: scripts/verify-makefile-gates.sh
2026-09-07T02:56:35.9733729Z   ok   in sync: scripts/verify-oracles.sh
2026-09-07T02:56:35.9930298Z   ok   valid json feature_list.json
2026-09-07T02:56:36.0120871Z   ok   valid json arch-rules.json
2026-09-07T02:56:36.0121695Z 
2026-09-07T02:56:36.0122574Z 2. Audit on a bare repo
2026-09-07T02:56:36.7007653Z   ok   bare repo fails critical checks (1/7)
2026-09-07T02:56:36.7803450Z   ok   audit exits 1 when critical checks fail
2026-09-07T02:56:36.7804371Z 
2026-09-07T02:56:36.7805026Z 3. Stable denominator
2026-09-07T02:56:37.4206742Z   ok   same total for empty and bare repo (comparable scores)
2026-09-07T02:56:37.4207415Z 
2026-09-07T02:56:37.4207817Z 4. init --dry-run writes nothing
2026-09-07T02:56:37.4420029Z   ok   dry run left no AGENTS.md
2026-09-07T02:56:37.4420869Z 
2026-09-07T02:56:37.4421412Z 5. init --level minimal
2026-09-07T02:56:37.5892413Z   ok   minimal wrote AGENTS.md
2026-09-07T02:56:37.5893603Z   ok   minimal wrote CLAUDE.md
2026-09-07T02:56:37.5895323Z   ok   minimal wrote init.sh
2026-09-07T02:56:37.5896146Z   ok   minimal wrote PROGRESS.md
2026-09-07T02:56:37.5902744Z   ok   minimal wrote feature_list.json
2026-09-07T02:56:37.5904741Z   ok   minimal wrote clean-state-checklist.md
2026-09-07T02:56:37.5906423Z   ok   minimal wrote DECISIONS.md
2026-09-07T02:56:37.5907076Z   ok   minimal wrote docs/decisions/README.md
2026-09-07T02:56:37.5907601Z   ok   init.sh is executable
2026-09-07T02:56:37.5909085Z   ok   all placeholders substituted in AGENTS.md
2026-09-07T02:56:37.5922042Z   ok   detected the real verify command
2026-09-07T02:56:38.3245144Z   ok   minimal harness passes all 7 critical checks
2026-09-07T02:56:38.3246130Z 
2026-09-07T02:56:38.3246536Z 6. init --level full
2026-09-07T02:56:38.8800256Z   ok   full wrote Makefile
2026-09-07T02:56:38.8801256Z   ok   full wrote scripts/verify-feature.sh
2026-09-07T02:56:38.8802231Z   ok   full wrote scripts/check-arch.sh
2026-09-07T02:56:38.8803293Z   ok   full wrote scripts/clean-state-check.sh
2026-09-07T02:56:38.8804074Z   ok   full wrote scripts/session-trace.sh
2026-09-07T02:56:38.8804789Z   ok   full wrote .harness/arch-rules.json
2026-09-07T02:56:38.8805786Z   ok   full wrote templates/sprint-contract.md
2026-09-07T02:56:38.8806674Z   ok   full wrote templates/evaluator-rubric.md
2026-09-07T02:56:38.8807411Z   ok   full wrote docs/quality-document.md
2026-09-07T02:56:39.6260902Z   ok   full harness scores >= 70/84 (got 81)
2026-09-07T02:56:39.6276092Z   ok   gitignored the trace artifact
2026-09-07T02:56:39.6285748Z 
2026-09-07T02:56:39.6291803Z 7. init never clobbers without --force
2026-09-07T02:56:39.6474211Z   ok   existing AGENTS.md preserved
2026-09-07T02:56:40.1965764Z   ok   --force does overwrite
2026-09-07T02:56:40.1966992Z 
2026-09-07T02:56:40.1967473Z 8. verify-feature gate
2026-09-07T02:56:40.3002066Z   ok   passing layers promote the feature
2026-09-07T02:56:40.3179410Z   ok   evidence recorded on promotion
2026-09-07T02:56:40.4036865Z   ok   failing layer exits non-zero
2026-09-07T02:56:40.4038246Z   ok   failure prints repair guidance
2026-09-07T02:56:40.4039173Z   ok   failure names the layer
2026-09-07T02:56:40.4218456Z   ok   budgeted failure is blocked pending recovery authority
2026-09-07T02:56:40.5140119Z   ok   layer calling exit still prints repair
2026-09-07T02:56:40.5488782Z   ok   unknown feature id exits 66
2026-09-07T02:56:40.6375302Z   ok   multiline layer command passes
2026-09-07T02:56:40.6388029Z   ok   multiline layer keeps both commands
2026-09-07T02:56:40.6389632Z   ok   repair prose never enters the execution channel
2026-09-07T02:56:40.6401976Z 
2026-09-07T02:56:40.6402741Z 9. clean-state-check
2026-09-07T02:56:40.7982702Z   ok   clean tree passes the clock-out gate
2026-09-07T02:56:40.9351629Z   ok   stray .orig file fails the gate
2026-09-07T02:56:41.0693626Z   ok   .DS_Store alone does not fail the gate
2026-09-07T02:56:41.2065515Z   ok   .DS_Store is reported as a note
2026-09-07T02:56:41.2502033Z   ok   verify command that cd's does not leak the working directory
2026-09-07T02:56:41.4101005Z   ok   passing-without-evidence is caught
2026-09-07T02:56:41.5619897Z   ok   WIP=1 violation is caught
2026-09-07T02:56:41.5625878Z 
2026-09-07T02:56:41.5626454Z 10. check-arch
2026-09-07T02:56:41.8925908Z   ok   clean repo passes arch rules
2026-09-07T02:56:42.2426813Z   ok   committed secret trips a rule
2026-09-07T02:56:42.2435916Z   ok   violation reports WHAT
2026-09-07T02:56:42.5840147Z   ok   env-var reference and function call are not flagged
2026-09-07T02:56:42.5869146Z   ok   violation reports WHY
2026-09-07T02:56:42.5869901Z   ok   violation reports FIX
2026-09-07T02:56:42.5870689Z   ok   violation names the offending file
2026-09-07T02:56:42.9238657Z   ok   conflict markers trip a rule
2026-09-07T02:56:42.9270953Z 
2026-09-07T02:56:42.9271991Z 11. session-trace
2026-09-07T02:56:42.9657089Z   ok   trace file written
2026-09-07T02:56:42.9677008Z   ok   three events recorded
2026-09-07T02:56:42.9861038Z   ok   every trace line is valid JSON
2026-09-07T02:56:42.9862067Z 
2026-09-07T02:56:42.9862812Z 12. NO_COLOR and JSON hygiene
2026-09-07T02:56:43.1471705Z   ok   NO_COLOR suppresses ANSI codes
2026-09-07T02:56:43.8806941Z   ok   --json emits parseable JSON
2026-09-07T02:56:43.8808641Z 
2026-09-07T02:56:45.1054756Z   ok   fixture has no budget_defaults (the case that used to break)
2026-09-07T02:56:45.8437544Z   ok   complete budgets pass enf.stopcond without budget_defaults
2026-09-07T02:56:45.8439401Z 13. budgets — the anti-loop gate
2026-09-07T02:56:45.8963617Z   ok   missing stop_condition exits 67
2026-09-07T02:56:45.9842536Z   ok   first failure still exits 1
2026-09-07T02:56:46.0022490Z   ok   first failure consumes one round
2026-09-07T02:56:46.0023587Z   ok   first failure still prints repair
2026-09-07T02:56:46.0024409Z   ok   first failure reports budget spent
2026-09-07T02:56:46.0372879Z   ok   ungranted retry exits policy code 5
2026-09-07T02:56:46.0374014Z   ok   recovery authority requirement is named
2026-09-07T02:56:46.0375171Z   ok   remaining budget is not relabelled exhausted
2026-09-07T02:56:46.0556012Z   ok   failed feature remains blocked
2026-09-07T02:56:46.1087403Z   ok   state edit and raised maximum do not grant recovery
2026-09-07T02:56:46.1089759Z   ok   ungranted recovery rejects before layer effects
2026-09-07T02:56:46.1269108Z   ok   failed ledger restores blocked state
2026-09-07T02:56:46.1446501Z   ok   rejected recovery preserves spent rounds
2026-09-07T02:56:46.2305381Z   ok   repeated blocker exits 4
2026-09-07T02:56:46.2306566Z   ok   repeated blocker is named
2026-09-07T02:56:46.3338928Z   ok   ledger accumulated before attempted recovery
2026-09-07T02:56:46.3882561Z   ok   edited command still needs recovery authority
2026-09-07T02:56:46.3887168Z   ok   edited command reports recovery requirement
2026-09-07T02:56:46.3888343Z   ok   edited command does not execute without recovery authority
2026-09-07T02:56:46.4068612Z   ok   rejected recovery preserves prior review rounds
2026-09-07T02:56:46.4675886Z   ok   no budgets means unchanged exit 1
2026-09-07T02:56:46.4676934Z   ok   no budgets still prints repair
2026-09-07T02:56:46.4685427Z 
2026-09-07T02:56:46.4687042Z 14. verify-claims — re-check what the repo claims is passing
2026-09-07T02:56:47.0779311Z   ok   honest passing claim exits 0
2026-09-07T02:56:47.0797354Z   ok   reports how many claims were re-verified
2026-09-07T02:56:47.1448298Z   ok   false claim exits 1
2026-09-07T02:56:47.1449526Z   ok   false claim is named FALSE_CLAIM
2026-09-07T02:56:47.1451302Z   ok   false claim names the feature
2026-09-07T02:56:47.2034497Z   ok   unverifiable claim exits 2
2026-09-07T02:56:47.2625741Z   ok   claim without evidence exits 2
2026-09-07T02:56:47.2636711Z   ok   missing evidence is named
2026-09-07T02:56:47.3182681Z   ok   unclaimed features do not block
2026-09-07T02:56:47.3744663Z   ok   no claims still exits 0
2026-09-07T02:56:47.3746409Z   ok   no claims is stated, not silent
2026-09-07T02:56:47.3747455Z   ok   required-quality workflow is scaffolded
2026-09-07T02:56:47.4600859Z   ok   weakened verification exits 5
2026-09-07T02:56:47.4602435Z   ok   the weakening is named
2026-09-07T02:56:47.4604069Z   ok   it names the feature
2026-09-07T02:56:47.4605392Z   ok   it shows the command that was there before
2026-09-07T02:56:47.5286419Z   ok   changing the command while going back to active is allowed
2026-09-07T02:56:47.6221011Z   ok   unchanged layers pass against a base
2026-09-07T02:56:47.7151925Z   ok   a new feature is not a weakening
2026-09-07T02:56:47.7787940Z   ok   no base still falls back to FALSE_CLAIM
2026-09-07T02:56:47.7788711Z 
2026-09-07T02:56:47.7790618Z 15. workflow integrity — the gate must protect its own definition
2026-09-07T02:56:47.7813525Z   ok   every action is pinned to a 40-hex SHA
2026-09-07T02:56:47.7815325Z   ok   integrity ruleset payload is scaffolded
2026-09-07T02:56:47.8001353Z   ok   integrity ruleset targets push
2026-09-07T02:56:47.8002079Z   ok   integrity ruleset is active
2026-09-07T02:56:47.8002676Z   ok   integrity ruleset has no bypass actors
2026-09-07T02:56:47.8005952Z   ok   integrity ruleset restricts the workflow path
2026-09-07T02:56:47.8007508Z   ok   required-check ruleset payload is scaffolded
2026-09-07T02:56:47.8008417Z   ok   harness-protect.sh exists
2026-09-07T02:56:47.8026414Z   ok   harness-protect.sh parses
2026-09-07T02:56:47.8039364Z   ok   AGENTS.md documents the skipped-job bypass
2026-09-07T02:56:47.8040100Z 
2026-09-07T02:56:47.8041686Z 16. audit rubric v2 — the score measures what is now enforced
2026-09-07T02:56:49.1118640Z   ok   json declares the rubric version
2026-09-07T02:56:49.2753212Z   ok   text output names the rubric
2026-09-07T02:56:49.2949838Z   ok   rubric adds enforcement checks (10)
2026-09-07T02:56:49.2951255Z   ok   full scaffold passes every enforcement check
2026-09-07T02:56:50.0295570Z   ok   missing verify-claims.sh is caught
2026-09-07T02:56:50.7717509Z   ok   unpinned action is caught
2026-09-07T02:56:51.5163619Z   ok   budgets without stop_condition is caught
2026-09-07T02:56:51.5164485Z 
2026-09-07T02:56:51.5165879Z 17. verify-decisions — the record of WHY cannot be rewritten
2026-09-07T02:56:52.1279523Z   ok   unchanged ledger passes
2026-09-07T02:56:52.1688292Z   ok   appending a decision is allowed
2026-09-07T02:56:52.2197905Z   ok   rewriting an earlier decision exits 1
2026-09-07T02:56:52.2199600Z   ok   the rewrite is named
2026-09-07T02:56:52.2200678Z   ok   the altered decision is identified
2026-09-07T02:56:52.2741361Z   ok   deleting an earlier decision exits 1
2026-09-07T02:56:52.2742941Z   ok   the deleted decision is identified
2026-09-07T02:56:52.3052918Z   ok   DECISIONS_BASE_FILE path catches the rewrite too
2026-09-07T02:56:52.3370496Z   ok   DECISIONS_BASE_FILE path passes an intact ledger
2026-09-07T02:56:52.3645191Z   ok   absent ledger in base is not an error
2026-09-07T02:56:52.3646040Z 
2026-09-07T02:56:52.3646960Z 18. activate / status — one command, and an honest answer
2026-09-07T02:56:52.4097042Z   ok   status reports NOT_ACTIVATED before anything exists
2026-09-07T02:56:52.4098270Z   ok   status exits non-zero when not activated
2026-09-07T02:56:52.4178663Z   ok   activate --dry-run wrote nothing
2026-09-07T02:56:53.6065272Z   ok   activate exits 0 on a local repo
2026-09-07T02:56:53.6066585Z   ok   activate installed AGENTS.md
2026-09-07T02:56:53.6067520Z   ok   activate installed feature_list.json
2026-09-07T02:56:53.6068420Z   ok   activate installed Makefile
2026-09-07T02:56:53.6069280Z   ok   activate installed scripts/verify-claims.sh
2026-09-07T02:56:53.6070843Z   ok   activate installed scripts/verify-decisions.sh
2026-09-07T02:56:53.6071824Z   ok   activate installed .github/workflows/required-quality.yml
2026-09-07T02:56:53.6072838Z   ok   activate names the detected verify command
2026-09-07T02:56:53.6073567Z   ok   activate reports READY_LOCAL without a remote
2026-09-07T02:56:54.2598961Z   ok   status agrees after activation
2026-09-07T02:56:54.2599915Z   ok   status exits 0 when activated
2026-09-07T02:56:54.9895785Z   ok   activate is idempotent and never clobbers
2026-09-07T02:56:56.1826014Z   ok   --with gherkin installs the runner
2026-09-07T02:56:56.1830385Z   ok   --with gherkin installs the validator
2026-09-07T02:56:56.1831625Z   ok   gherkin stays opt-in when not requested
2026-09-07T02:56:56.1965198Z   ok   an unknown pack is a usage error (exit 64)
2026-09-07T02:56:56.2003302Z   ok   the unknown pack is named in the error
2026-09-07T02:56:56.2006625Z   ok   a rejected --with installs nothing
2026-09-07T02:56:56.2007139Z 
2026-09-07T02:56:56.2008389Z 19. version and fleet drift
2026-09-07T02:56:56.2009054Z   ok   VERSION file exists
2026-09-07T02:56:56.2018518Z   ok   VERSION is semver (2.2.5)
2026-09-07T02:56:56.9771631Z   ok   audit reports the VERSION file
2026-09-07T02:56:56.9775930Z   ok   target records the kit version
2026-09-07T02:56:56.9785802Z   ok   recorded version matches the kit
2026-09-07T02:56:57.6108696Z   ok   status shows the kit version
2026-09-07T02:56:57.6110094Z   ok   an up-to-date repo is not reported as stale
2026-09-07T02:56:58.2501339Z   ok   a stale repo is reported
2026-09-07T02:56:58.2502965Z   ok   the stale report names both versions
2026-09-07T02:56:58.2807984Z   ok   version-sync passes when every copy agrees
2026-09-07T02:56:58.3096420Z   ok   version-sync rejects a stale .harness/kit-version
2026-09-07T02:56:58.3370722Z   ok   version-sync rejects a manifest that disagrees with VERSION
2026-09-07T02:56:58.3703136Z   ok   sync-version.sh repairs the drift its own error message points at
2026-09-07T02:56:58.3705110Z 
2026-09-07T02:56:58.3705598Z 20. Declared gates must do real work
2026-09-07T02:56:58.9201677Z   ok   scaffolded e2e without a command fails closed
2026-09-07T02:56:58.9239567Z   ok   the empty e2e explains itself
2026-09-07T02:56:58.9334542Z   ok   a placeholder target is rejected
2026-09-07T02:56:58.9347738Z   ok   the offending target is named
2026-09-07T02:56:58.9393724Z   ok   a Makefile whose targets all work is accepted
2026-09-07T02:56:58.9426110Z   ok   installed: scripts/check-arch.sh
2026-09-07T02:56:58.9577081Z   ok   installed: scripts/verify-agent-notes.sh
2026-09-07T02:56:58.9601285Z   ok   installed: scripts/verify-claims.sh
2026-09-07T02:56:58.9624433Z   ok   installed: scripts/verify-context-routes.sh
2026-09-07T02:56:58.9648566Z   ok   installed: scripts/verify-decisions.sh
2026-09-07T02:56:58.9672472Z   ok   installed: scripts/verify-delivery-doc.sh
2026-09-07T02:56:58.9718401Z   ok   installed: scripts/verify-makefile-gates.sh
2026-09-07T02:56:58.9740834Z   ok   installed: scripts/verify-oracles.sh
2026-09-07T02:56:58.9755953Z   ok   makefile-gates is a registered gate
2026-09-07T02:56:58.9757011Z 
2026-09-07T02:56:58.9757622Z 21. verify-claims observes every declared execution
2026-09-07T02:56:59.7353160Z   ok   shared-layer claims still exit 0
2026-09-07T02:56:59.7380280Z   ok   an identical command runs for every declaration
2026-09-07T02:56:59.7386109Z   ok   every feature is still reported
2026-09-07T02:56:59.8119599Z   ok   two distinct commands both run
2026-09-07T02:56:59.8835872Z   ok   a shared failing command still fails
2026-09-07T02:56:59.8837624Z   ok   it fails once per feature that declares it
2026-09-07T02:56:59.8838103Z 
2026-09-07T02:56:59.8838719Z 15 — verify-delivery-doc
2026-09-07T02:57:00.1601032Z   ok   a runbook describing the previous release fails
2026-09-07T02:57:00.1602204Z   ok   it names the stale deploy tag
2026-09-07T02:57:00.1603046Z   ok   it names the unmentioned migration
2026-09-07T02:57:00.1603935Z   ok   it flags the section about an older version
2026-09-07T02:57:00.1605286Z   ok   it flags the dead relative link
2026-09-07T02:57:00.1925450Z   ok   an unresolvable DELIVERY_BASE is NOT_CONFIGURED, not a pass
2026-09-07T02:57:00.5579684Z   ok   the corrected runbook passes
2026-09-07T02:57:00.5594533Z   ok   and says which release it describes
2026-09-07T02:57:00.8090994Z   ok   a changelog's own tags are not flagged
2026-09-07T02:57:01.0893249Z   ok   no runbook heading is a skip, not a failure
2026-09-07T02:57:01.0894374Z   ok   and the skip says why
2026-09-07T02:57:01.0938781Z   ok   a delivering repo cannot lose its runbook silently
2026-09-07T02:57:01.0940079Z 
2026-09-07T02:57:01.0940958Z 16 — run-gates state machine
2026-09-07T02:57:01.2112342Z   ok   a passing gate exits 0
2026-09-07T02:57:01.2114378Z   ok   and reports PASS
2026-09-07T02:57:01.4404191Z   ok   FAIL blocks the run
2026-09-07T02:57:01.4405786Z   ok   FAIL is reported by name
2026-09-07T02:57:01.5000551Z   ok   NOT_CONFIGURED blocks the run
2026-09-07T02:57:01.5017336Z   ok   NOT_CONFIGURED is reported by name
2026-09-07T02:57:01.5666218Z   ok   TOOL_FAILURE blocks the run
2026-09-07T02:57:01.5667619Z   ok   TOOL_FAILURE is reported by name
2026-09-07T02:57:01.6255548Z   ok   INCOMPLETE blocks the run
2026-09-07T02:57:01.6266908Z   ok   INCOMPLETE is reported by name
2026-09-07T02:57:01.6842910Z   ok   POLICY blocks the run
2026-09-07T02:57:01.6844129Z   ok   POLICY is reported by name
2026-09-07T02:57:01.7425926Z   ok   UNKNOWN blocks the run
2026-09-07T02:57:01.7436554Z   ok   UNKNOWN is reported by name
2026-09-07T02:57:01.8005352Z   ok   an unknown state says nothing was verified
2026-09-07T02:57:01.8571765Z   ok   a missing REQUIRED gate blocks
2026-09-07T02:57:01.8573213Z   ok   and is named NOT_EXECUTED
2026-09-07T02:57:01.9142306Z   ok   a declared inapplicable kit-only gate does not block
2026-09-07T02:57:01.9145838Z   ok   and states explicit applicability
2026-09-07T02:57:01.9740581Z   ok   a passing gate does not offset a blocking one
2026-09-07T02:57:01.9743981Z 
2026-09-07T02:57:01.9744754Z 17 — verify-context-routes
2026-09-07T02:57:02.0444406Z   ok   a governed change citing nothing fails
2026-09-07T02:57:02.0445950Z   ok   it names the documents that govern it
2026-09-07T02:57:02.0446842Z   ok   and says why they govern
2026-09-07T02:57:02.0927205Z   ok   the same change, citing its source, passes
2026-09-07T02:57:02.1487777Z   ok   a citation inside an Agent Note counts
2026-09-07T02:57:02.2023039Z   ok   an ungoverned change is not nagged
2026-09-07T02:57:02.2568640Z   ok   --list advises without blocking
2026-09-07T02:57:02.2576544Z   ok   and prints the reading list
2026-09-07T02:57:02.2931695Z   ok   an unresolvable base never passes
2026-09-07T02:57:02.3242716Z   ok   a missing route map is NOT_CONFIGURED
2026-09-07T02:57:02.3554009Z   ok   a malformed route map is NOT_CONFIGURED
2026-09-07T02:57:02.3555572Z 
2026-09-07T02:57:02.3556379Z 18 — verify-oracles
2026-09-07T02:57:02.4069130Z   ok   no oracles is a pass, stated out loud
2026-09-07T02:57:02.4896388Z   ok   an unanswered question blocks TEST_READY
2026-09-07T02:57:02.4897422Z   ok   and the message quotes the question
2026-09-07T02:57:02.4898519Z   ok   «TBD» does not count as answered
2026-09-07T02:57:02.5726050Z   ok   a critical criterion with no falsification blocks
2026-09-07T02:57:02.5727471Z   ok   and says what a test only seen passing proves
2026-09-07T02:57:02.7075218Z   ok   a proved criterion passes
2026-09-07T02:57:02.7984069Z   ok   editing the test after the proof goes stale
2026-09-07T02:57:02.7985960Z   ok   and names the test that moved
2026-09-07T02:57:02.7986972Z   ok   and says the proof no longer covers it
2026-09-07T02:57:02.8841718Z   ok   a SHA outside this history blocks
2026-09-07T02:57:02.8856706Z   ok   and says so plainly
2026-09-07T02:57:02.9724706Z   ok   a test that does not exist blocks
2026-09-07T02:57:03.0564358Z   ok   a critical DRAFT blocks
2026-09-07T02:57:03.0566104Z   ok   and says no code should rely on it yet
2026-09-07T02:57:03.1410857Z   ok   a retired criterion is not enforced
2026-09-07T02:57:03.2224412Z   ok   --list never blocks
2026-09-07T02:57:03.2225816Z   ok   and shows the status
2026-09-07T02:57:27.4308539Z   ok   H02 live gates, profile, hook, oracle and status regression matrix
2026-09-07T02:57:27.4309901Z 
2026-09-07T02:57:27.4310694Z ────────────────────────────────────────
2026-09-07T02:57:27.4311386Z 286 passed, 0 failed
2026-09-07T02:57:27.4312037Z All tests passed.
2026-09-07T02:57:27.4517260Z python3 tests/protected-workflow-regression.py
2026-09-07T02:57:29.3217582Z PASS: protected workflow uses only the relocated base judge bundle
2026-09-07T02:57:29.3278467Z python3 tests/consumer-distribution.test.py
2026-09-07T02:57:31.9373398Z test_fresh_clone_executes_real_runtime_offline_with_vendored_yaml_and_zod (__main__.ConsumerEndToEnd.test_fresh_clone_executes_real_runtime_offline_with_vendored_yaml_and_zod) ... ok
2026-09-07T02:57:37.1937375Z test_verify_and_plan_accept_fresh_git_modes_without_writing (__main__.ConsumerEndToEnd.test_verify_and_plan_accept_fresh_git_modes_without_writing) ... ok
2026-09-07T02:57:37.7154639Z test_archive_traversal_symlink_hardlink_and_bundle_hardlink_are_rejected (__main__.ConsumerRuntime.test_archive_traversal_symlink_hardlink_and_bundle_hardlink_are_rejected) ... ok
2026-09-07T02:57:38.5006783Z test_candidate_and_exact_local_tag_have_distinct_nonpublished_status (__main__.ConsumerRuntime.test_candidate_and_exact_local_tag_have_distinct_nonpublished_status) ... ok
2026-09-07T02:57:39.0121231Z test_changed_plan_and_adulterated_bundle_block_before_writes (__main__.ConsumerRuntime.test_changed_plan_and_adulterated_bundle_block_before_writes) ... ok
2026-09-07T02:57:39.0123750Z test_ci_documentation_uses_an_external_protected_checker (__main__.ConsumerRuntime.test_ci_documentation_uses_an_external_protected_checker) ... ok
2026-09-07T02:57:40.0821444Z test_clean_install_plan_is_read_only_and_repeat_is_idempotent (__main__.ConsumerRuntime.test_clean_install_plan_is_read_only_and_repeat_is_idempotent) ... ok
2026-09-07T02:57:40.1557211Z test_cli_and_schema_contract (__main__.ConsumerRuntime.test_cli_and_schema_contract) ... ok
2026-09-07T02:57:41.6401328Z test_concurrent_apply_cannot_execute_plan_twice (__main__.ConsumerRuntime.test_concurrent_apply_cannot_execute_plan_twice) ... ok
2026-09-07T02:57:42.1235747Z test_consumer_lock_rejects_links_without_changing_sentinel (__main__.ConsumerRuntime.test_consumer_lock_rejects_links_without_changing_sentinel) ... ok
2026-09-07T02:57:42.1985115Z test_consumer_managed_ancestors_cannot_escape_through_symlinks (__main__.ConsumerRuntime.test_consumer_managed_ancestors_cannot_escape_through_symlinks) ... ok
2026-09-07T02:57:43.8025747Z test_consumer_managed_descriptor_rejects_symlink_and_hardlink_leaves (__main__.ConsumerRuntime.test_consumer_managed_descriptor_rejects_symlink_and_hardlink_leaves) ... ok
2026-09-07T02:57:44.4299698Z test_head_change_after_prepare_blocks_selector_effect (__main__.ConsumerRuntime.test_head_change_after_prepare_blocks_selector_effect) ... ok
2026-09-07T02:57:45.5970593Z test_interrupted_apply_resumes_same_plan_and_incomplete_bootstrap_fails (__main__.ConsumerRuntime.test_interrupted_apply_resumes_same_plan_and_incomplete_bootstrap_fails) ... ok
2026-09-07T02:57:46.3230812Z test_legacy_runtime_and_custom_consumer_state_are_preserved (__main__.ConsumerRuntime.test_legacy_runtime_and_custom_consumer_state_are_preserved) ... ok
2026-09-07T02:57:47.1241248Z test_linked_worktree_plan_declares_and_uses_real_git_lock (__main__.ConsumerRuntime.test_linked_worktree_plan_declares_and_uses_real_git_lock) ... ok
2026-09-07T02:57:48.4669705Z test_live_drift_blocks_idempotent_apply_and_approved_upgrade (__main__.ConsumerRuntime.test_live_drift_blocks_idempotent_apply_and_approved_upgrade) ... ok
2026-09-07T02:57:49.3506981Z test_managed_file_drift_blocks_verify_and_upgrade (__main__.ConsumerRuntime.test_managed_file_drift_blocks_verify_and_upgrade) ... ok
2026-09-07T02:57:49.6463492Z test_manifest_requires_unique_complete_stable_inventory (__main__.ConsumerRuntime.test_manifest_requires_unique_complete_stable_inventory) ... ok
2026-09-07T02:57:50.0178655Z test_missing_approval_cannot_create_managed_effects (__main__.ConsumerRuntime.test_missing_approval_cannot_create_managed_effects) ... ok
2026-09-07T02:57:52.0144024Z test_plan_and_descriptor_schemas_reject_unknown_fields (__main__.ConsumerRuntime.test_plan_and_descriptor_schemas_reject_unknown_fields) ... ok
2026-09-07T02:57:52.1877448Z test_plan_git_queries_do_not_refresh_index_metadata (__main__.ConsumerRuntime.test_plan_git_queries_do_not_refresh_index_metadata) ... ok
2026-09-07T02:57:52.4387209Z test_plan_is_bound_to_exact_target_root (__main__.ConsumerRuntime.test_plan_is_bound_to_exact_target_root) ... ok
2026-09-07T02:57:54.4046215Z test_postverify_failure_restores_prior_selection_and_records_failure (__main__.ConsumerRuntime.test_postverify_failure_restores_prior_selection_and_records_failure) ... ok
2026-09-07T02:57:56.0128146Z test_sigkill_after_manifest_reconciles_own_attempt_and_rejects_drift (__main__.ConsumerRuntime.test_sigkill_after_manifest_reconciles_own_attempt_and_rejects_drift) ... ok
2026-09-07T02:57:57.0438675Z test_sigkill_after_selection_resumes_without_repeating_generation (__main__.ConsumerRuntime.test_sigkill_after_selection_resumes_without_repeating_generation) ... ok
2026-09-07T02:57:57.8528246Z test_sigkill_before_selection_releases_lock_and_resumes (__main__.ConsumerRuntime.test_sigkill_before_selection_releases_lock_and_resumes) ... ok
2026-09-07T02:57:59.3406853Z test_sigkill_during_started_copy_recovers_only_safe_partial_staging (__main__.ConsumerRuntime.test_sigkill_during_started_copy_recovers_only_safe_partial_staging) ... ok
2026-09-07T02:58:00.9019633Z test_unknown_schema_missing_bindings_and_unsuitable_tree_fail_closed (__main__.ConsumerRuntime.test_unknown_schema_missing_bindings_and_unsuitable_tree_fail_closed) ... ok
2026-09-07T02:58:03.9286892Z test_upgrade_and_rollback_preserve_newer_journal_and_configuration (__main__.ConsumerRuntime.test_upgrade_and_rollback_preserve_newer_journal_and_configuration) ... ok
2026-09-07T02:58:04.8993360Z test_upgrade_cannot_target_product_or_unsafe_bundle_paths (__main__.ConsumerRuntime.test_upgrade_cannot_target_product_or_unsafe_bundle_paths) ... ok
2026-09-07T02:58:05.9461603Z test_upgrade_plan_rejects_changed_nonbootstrap_stable_payload (__main__.ConsumerRuntime.test_upgrade_plan_rejects_changed_nonbootstrap_stable_payload) ... ok
2026-09-07T02:58:07.2467384Z test_verify_distinguishes_local_integrity_from_external_authority (__main__.ConsumerRuntime.test_verify_distinguishes_local_integrity_from_external_authority) ... ok
2026-09-07T02:58:07.2468328Z 
2026-09-07T02:58:07.2468798Z ----------------------------------------------------------------------
2026-09-07T02:58:07.2469239Z Ran 33 tests in 37.861s
2026-09-07T02:58:07.2469447Z 
2026-09-07T02:58:07.2469629Z OK
2026-09-07T02:58:07.3074377Z 
2026-09-07T02:58:07.3826561Z TAP version 13
2026-09-07T02:58:39.5588955Z # Subtest: H04 maximum accepted key reconciles without widening candidate keys
2026-09-07T02:58:39.5606519Z ok 1 - H04 maximum accepted key reconciles without widening candidate keys
2026-09-07T02:58:39.5646868Z   ---
2026-09-07T02:58:39.5675839Z   duration_ms: 541.072747
2026-09-07T02:58:39.5695611Z   type: 'test'
2026-09-07T02:58:39.5745960Z   ...
2026-09-07T02:58:39.5747220Z # Subtest: H04 publication retains verified intermediate B before successor C
2026-09-07T02:58:39.5748769Z ok 2 - H04 publication retains verified intermediate B before successor C
2026-09-07T02:58:39.5749697Z   ---
2026-09-07T02:58:39.5750321Z   duration_ms: 428.799295
2026-09-07T02:58:39.5751082Z   type: 'test'
2026-09-07T02:58:39.5751688Z   ...
2026-09-07T02:58:39.5752868Z # Subtest: e2e: public capability writes canonical source and derived digest with persistent exact receipt
2026-09-07T02:58:39.5754736Z ok 3 - e2e: public capability writes canonical source and derived digest with persistent exact receipt
2026-09-07T02:58:39.5755869Z   ---
2026-09-07T02:58:39.5756430Z   duration_ms: 2981.948721
2026-09-07T02:58:39.5757011Z   type: 'test'
2026-09-07T02:58:39.5757976Z   ...
2026-09-07T02:58:39.5786443Z # Subtest: canonical write uses exact numeric lexemes and preserves accepted semantics
2026-09-07T02:58:39.5787759Z ok 4 - canonical write uses exact numeric lexemes and preserves accepted semantics
2026-09-07T02:58:39.5788717Z   ---
2026-09-07T02:58:39.5789255Z   duration_ms: 1623.757786
2026-09-07T02:58:39.5789842Z   type: 'test'
2026-09-07T02:58:39.5790403Z   ...
2026-09-07T02:58:39.5791268Z # Subtest: capability rejects traversal before mutation
2026-09-07T02:58:39.5792117Z ok 5 - capability rejects traversal before mutation
2026-09-07T02:58:39.5792785Z   ---
2026-09-07T02:58:39.5793465Z   duration_ms: 398.964284
2026-09-07T02:58:39.5794066Z   type: 'test'
2026-09-07T02:58:39.5794589Z   ...
2026-09-07T02:58:39.5795436Z # Subtest: capability rejects deny before mutation
2026-09-07T02:58:39.5796076Z ok 6 - capability rejects deny before mutation
2026-09-07T02:58:39.5796549Z   ---
2026-09-07T02:58:39.5816033Z   duration_ms: 613.239598
2026-09-07T02:58:39.5816652Z   type: 'test'
2026-09-07T02:58:39.5817068Z   ...
2026-09-07T02:58:39.5817716Z # Subtest: capability rejects symlink before mutation
2026-09-07T02:58:39.5818540Z ok 7 - capability rejects symlink before mutation
2026-09-07T02:58:39.5819154Z   ---
2026-09-07T02:58:39.5819608Z   duration_ms: 497.006774
2026-09-07T02:58:39.5820065Z   type: 'test'
2026-09-07T02:58:39.5820556Z   ...
2026-09-07T02:58:39.5826390Z # Subtest: capability rejects hardlink before mutation
2026-09-07T02:58:39.5833716Z ok 8 - capability rejects hardlink before mutation
2026-09-07T02:58:39.5834125Z   ---
2026-09-07T02:58:39.5834407Z   duration_ms: 473.813328
2026-09-07T02:58:39.5834761Z   type: 'test'
2026-09-07T02:58:39.5835431Z   ...
2026-09-07T02:58:39.5836474Z # Subtest: capability rejects extra before mutation
2026-09-07T02:58:39.5837365Z ok 9 - capability rejects extra before mutation
2026-09-07T02:58:39.5837965Z   ---
2026-09-07T02:58:39.5838492Z   duration_ms: 315.898084
2026-09-07T02:58:39.5838996Z   type: 'test'
2026-09-07T02:58:39.5839475Z   ...
2026-09-07T02:58:39.5840140Z # Subtest: capability rejects callback before mutation
2026-09-07T02:58:39.5840963Z ok 10 - capability rejects callback before mutation
2026-09-07T02:58:39.5841596Z   ---
2026-09-07T02:58:39.5842011Z   duration_ms: 317.094487
2026-09-07T02:58:39.5842525Z   type: 'test'
2026-09-07T02:58:39.5842955Z   ...
2026-09-07T02:58:39.5843509Z # Subtest: deny wins even when host allowlist overlaps
2026-09-07T02:58:39.5844333Z ok 11 - deny wins even when host allowlist overlaps
2026-09-07T02:58:39.5849409Z   ---
2026-09-07T02:58:39.5850054Z   duration_ms: 459.594771
2026-09-07T02:58:39.5850575Z   type: 'test'
2026-09-07T02:58:39.5851007Z   ...
2026-09-07T02:58:39.5853821Z # Subtest: forged context, grant, permit and lease never confer execution authority
2026-09-07T02:58:39.5855272Z ok 12 - forged context, grant, permit and lease never confer execution authority
2026-09-07T02:58:39.5856067Z   ---
2026-09-07T02:58:39.5856511Z   duration_ms: 912.808193
2026-09-07T02:58:39.5856993Z   type: 'test'
2026-09-07T02:58:39.5857456Z   ...
2026-09-07T02:58:39.5858024Z # Subtest: execute rechecks source after prepare
2026-09-07T02:58:39.5858699Z ok 13 - execute rechecks source after prepare
2026-09-07T02:58:39.5859231Z   ---
2026-09-07T02:58:39.5859654Z   duration_ms: 1080.876675
2026-09-07T02:58:39.5860143Z   type: 'test'
2026-09-07T02:58:39.5860490Z   ...
2026-09-07T02:58:39.5860981Z # Subtest: execute rechecks frozen after prepare
2026-09-07T02:58:39.5861601Z ok 14 - execute rechecks frozen after prepare
2026-09-07T02:58:39.5862033Z   ---
2026-09-07T02:58:39.6028336Z   duration_ms: 1066.774332
2026-09-07T02:58:39.6029169Z   type: 'test'
2026-09-07T02:58:39.6029472Z   ...
2026-09-07T02:58:39.6029985Z # Subtest: execute rechecks commit after prepare
2026-09-07T02:58:39.6030622Z ok 15 - execute rechecks commit after prepare
2026-09-07T02:58:39.6031016Z   ---
2026-09-07T02:58:39.6031334Z   duration_ms: 1083.497561
2026-09-07T02:58:39.6031751Z   type: 'test'
2026-09-07T02:58:39.6032043Z   ...
2026-09-07T02:58:39.6032862Z # Subtest: execute rechecks alias after prepare
2026-09-07T02:58:39.6033432Z ok 16 - execute rechecks alias after prepare
2026-09-07T02:58:39.6033870Z   ---
2026-09-07T02:58:39.6034204Z   duration_ms: 1100.989573
2026-09-07T02:58:39.6034582Z   type: 'test'
2026-09-07T02:58:39.6035055Z   ...
2026-09-07T02:58:39.6035534Z # Subtest: execute rechecks mode after prepare
2026-09-07T02:58:39.6036137Z ok 17 - execute rechecks mode after prepare
2026-09-07T02:58:39.6036581Z   ---
2026-09-07T02:58:39.6036864Z   duration_ms: 1077.982914
2026-09-07T02:58:39.6037211Z   type: 'test'
2026-09-07T02:58:39.6037520Z   ...
2026-09-07T02:58:39.6037987Z # Subtest: exclusive leases reject second owner and stale handles after release
2026-09-07T02:58:39.6038866Z ok 18 - exclusive leases reject second owner and stale handles after release
2026-09-07T02:58:39.6039473Z   ---
2026-09-07T02:58:39.6039748Z   duration_ms: 2131.285778
2026-09-07T02:58:39.6040023Z   type: 'test'
2026-09-07T02:58:39.6040392Z   ...
2026-09-07T02:58:39.6040991Z # Subtest: untrusted subprocess capability refuses missing real containment before spawn
2026-09-07T02:58:39.6041827Z ok 19 - untrusted subprocess capability refuses missing real containment before spawn
2026-09-07T02:58:39.6042331Z   ---
2026-09-07T02:58:39.6042623Z   duration_ms: 309.089584
2026-09-07T02:58:39.6042958Z   type: 'test'
2026-09-07T02:58:39.6043234Z   ...
2026-09-07T02:58:39.6043869Z # Subtest: canonical preparation validates dependent frozen documents before any effect
2026-09-07T02:58:39.6045166Z ok 20 - canonical preparation validates dependent frozen documents before any effect
2026-09-07T02:58:39.6045703Z   ---
2026-09-07T02:58:39.6045979Z   duration_ms: 491.929323
2026-09-07T02:58:39.6046622Z   type: 'test'
2026-09-07T02:58:39.6046937Z   ...
2026-09-07T02:58:39.6047757Z # Subtest: e2e: actual postcondition mismatch retains pending intent and never repeats a partial write
2026-09-07T02:58:39.6049012Z ok 21 - e2e: actual postcondition mismatch retains pending intent and never repeats a partial write
2026-09-07T02:58:39.6049633Z   ---
2026-09-07T02:58:39.6049947Z   duration_ms: 1898.596835
2026-09-07T02:58:39.6050325Z   type: 'test'
2026-09-07T02:58:39.6050624Z   ...
2026-09-07T02:58:39.6051222Z # Subtest: e2e: crash after complete publication reconciles exact bytes without republishing
2026-09-07T02:58:39.6052176Z ok 22 - e2e: crash after complete publication reconciles exact bytes without republishing
2026-09-07T02:58:39.6052793Z   ---
2026-09-07T02:58:39.6053134Z   duration_ms: 2087.549858
2026-09-07T02:58:39.6053494Z   type: 'test'
2026-09-07T02:58:39.6053823Z   ...
2026-09-07T02:58:39.6054368Z # Subtest: expired grant stops a previously prepared effect before spend
2026-09-07T02:58:39.6055433Z ok 23 - expired grant stops a previously prepared effect before spend
2026-09-07T02:58:39.6056005Z   ---
2026-09-07T02:58:39.6056296Z   duration_ms: 763.342542
2026-09-07T02:58:39.6056624Z   type: 'test'
2026-09-07T02:58:39.6056888Z   ...
2026-09-07T02:58:39.6057440Z # Subtest: runtime and transitive dependency bundle changes block prepared effects
2026-09-07T02:58:39.6058164Z ok 24 - runtime and transitive dependency bundle changes block prepared effects
2026-09-07T02:58:39.6058657Z   ---
2026-09-07T02:58:39.6058922Z   duration_ms: 979.193205
2026-09-07T02:58:39.6059221Z   type: 'test'
2026-09-07T02:58:39.6059479Z   ...
2026-09-07T02:58:39.6060016Z # Subtest: host must pin installed implementation and claim only supported local mode
2026-09-07T02:58:39.6060834Z ok 25 - host must pin installed implementation and claim only supported local mode
2026-09-07T02:58:39.6061374Z   ---
2026-09-07T02:58:39.6061661Z   duration_ms: 310.784959
2026-09-07T02:58:39.6061989Z   type: 'test'
2026-09-07T02:58:39.6062277Z   ...
2026-09-07T02:58:39.6062793Z # Subtest: oversized source and symlink ancestors are refused before write
2026-09-07T02:58:39.6063559Z ok 26 - oversized source and symlink ancestors are refused before write
2026-09-07T02:58:39.6064043Z   ---
2026-09-07T02:58:39.6064598Z   duration_ms: 460.927266
2026-09-07T02:58:39.6065154Z   type: 'test'
2026-09-07T02:58:39.6065425Z   ...
2026-09-07T02:58:39.6066037Z # Subtest: supervisor rejects unexpected frozen delta after last output publication
2026-09-07T02:58:39.6066913Z ok 27 - supervisor rejects unexpected frozen delta after last output publication
2026-09-07T02:58:39.6067478Z   ---
2026-09-07T02:58:39.6067773Z   duration_ms: 1552.632745
2026-09-07T02:58:39.6068077Z   type: 'test'
2026-09-07T02:58:39.6068357Z   ...
2026-09-07T02:58:39.6069093Z # Subtest: generic target reconciliation cannot substitute a supervised capability receipt (reopen=false)
2026-09-07T02:58:39.6070154Z ok 28 - generic target reconciliation cannot substitute a supervised capability receipt (reopen=false)
2026-09-07T02:58:39.6070755Z   ---
2026-09-07T02:58:39.6071031Z   duration_ms: 1728.719048
2026-09-07T02:58:39.6071362Z   type: 'test'
2026-09-07T02:58:39.6071636Z   ...
2026-09-07T02:58:39.6072371Z # Subtest: generic target reconciliation cannot substitute a supervised capability receipt (reopen=true)
2026-09-07T02:58:39.6073490Z ok 29 - generic target reconciliation cannot substitute a supervised capability receipt (reopen=true)
2026-09-07T02:58:39.6074167Z   ---
2026-09-07T02:58:39.6074471Z   duration_ms: 1758.101251
2026-09-07T02:58:39.6074806Z   type: 'test'
2026-09-07T02:58:39.6075264Z   ...
2026-09-07T02:58:39.6075896Z # Subtest: H05-R1 rejects canonical output missing accepted-before identity before permit, spend or effects
2026-09-07T02:58:39.6076984Z ok 30 - H05-R1 rejects canonical output missing accepted-before identity before permit, spend or effects
2026-09-07T02:58:39.6077627Z   ---
2026-09-07T02:58:39.6077905Z   duration_ms: 605.449841
2026-09-07T02:58:39.6078487Z   type: 'test'
2026-09-07T02:58:39.6078766Z   ...
2026-09-07T02:58:39.6079415Z # Subtest: H05-R1 rejects canonical output outside adopted scope before permit, spend or effects
2026-09-07T02:58:39.6080496Z ok 31 - H05-R1 rejects canonical output outside adopted scope before permit, spend or effects
2026-09-07T02:58:39.6081168Z   ---
2026-09-07T02:58:39.6081484Z   duration_ms: 595.717413
2026-09-07T02:58:39.6081828Z   type: 'test'
2026-09-07T02:58:39.6082106Z   ...
2026-09-07T02:58:39.6082930Z # Subtest: H05-R1 rejects derived target omitted from accepted context before permit, spend or effects
2026-09-07T02:58:39.6084007Z ok 32 - H05-R1 rejects derived target omitted from accepted context before permit, spend or effects
2026-09-07T02:58:39.6084669Z   ---
2026-09-07T02:58:39.6085109Z   duration_ms: 607.790338
2026-09-07T02:58:39.6085423Z   type: 'test'
2026-09-07T02:58:39.6085711Z   ...
2026-09-07T02:58:39.6086439Z # Subtest: H05-R1 rejects derived source and target outside adopted context before permit, spend or effects
2026-09-07T02:58:39.6087504Z ok 33 - H05-R1 rejects derived source and target outside adopted context before permit, spend or effects
2026-09-07T02:58:39.6088095Z   ---
2026-09-07T02:58:39.6088363Z   duration_ms: 611.625329
2026-09-07T02:58:39.6088659Z   type: 'test'
2026-09-07T02:58:39.6089020Z   ...
2026-09-07T02:58:39.6089321Z 1..33
2026-09-07T02:58:39.6089591Z # tests 33
2026-09-07T02:58:39.6089868Z # suites 0
2026-09-07T02:58:39.6090188Z # pass 33
2026-09-07T02:58:39.6090483Z # fail 0
2026-09-07T02:58:39.6090853Z # cancelled 0
2026-09-07T02:58:39.6093156Z # skipped 0
2026-09-07T02:58:39.6093735Z # todo 0
2026-09-07T02:58:39.6094210Z # duration_ms 32236.952128
2026-09-07T02:58:39.6632234Z TAP version 13
2026-09-07T02:58:40.0446861Z # Subtest: valid pinned adoption and accepted baseline yield opaque instance handles
2026-09-07T02:58:40.0486186Z ok 1 - valid pinned adoption and accepted baseline yield opaque instance handles
2026-09-07T02:58:40.0495853Z   ---
2026-09-07T02:58:40.0510002Z   duration_ms: 20.989842
2026-09-07T02:58:40.0510607Z   type: 'test'
2026-09-07T02:58:40.0511040Z   ...
2026-09-07T02:58:40.0511625Z # Subtest: receipt repo blocks even when signed
2026-09-07T02:58:40.0512295Z ok 2 - receipt repo blocks even when signed
2026-09-07T02:58:40.0512800Z   ---
2026-09-07T02:58:40.0513646Z   duration_ms: 3.722133
2026-09-07T02:58:40.0514117Z   type: 'test'
2026-09-07T02:58:40.0514507Z   ...
2026-09-07T02:58:40.0515136Z # Subtest: receipt subject blocks even when signed
2026-09-07T02:58:40.0515824Z ok 3 - receipt subject blocks even when signed
2026-09-07T02:58:40.0516341Z   ---
2026-09-07T02:58:40.0516709Z   duration_ms: 1.642981
2026-09-07T02:58:40.0517132Z   type: 'test'
2026-09-07T02:58:40.0517527Z   ...
2026-09-07T02:58:40.0518040Z # Subtest: receipt scope blocks even when signed
2026-09-07T02:58:40.0532997Z ok 4 - receipt scope blocks even when signed
2026-09-07T02:58:40.0533483Z   ---
2026-09-07T02:58:40.0533830Z   duration_ms: 2.881073
2026-09-07T02:58:40.0534208Z   type: 'test'
2026-09-07T02:58:40.0534550Z   ...
2026-09-07T02:58:40.0535219Z # Subtest: receipt kind blocks even when signed
2026-09-07T02:58:40.0535859Z ok 5 - receipt kind blocks even when signed
2026-09-07T02:58:40.0536305Z   ---
2026-09-07T02:58:40.0536646Z   duration_ms: 1.90676
2026-09-07T02:58:40.0537051Z   type: 'test'
2026-09-07T02:58:40.0537318Z   ...
2026-09-07T02:58:40.0537662Z # Subtest: receipt role blocks even when signed
2026-09-07T02:58:40.0538073Z ok 6 - receipt role blocks even when signed
2026-09-07T02:58:40.0538363Z   ---
2026-09-07T02:58:40.0538595Z   duration_ms: 2.131578
2026-09-07T02:58:40.0538836Z   type: 'test'
2026-09-07T02:58:40.0539050Z   ...
2026-09-07T02:58:40.0539385Z # Subtest: receipt issuer blocks even when signed
2026-09-07T02:58:40.0539817Z ok 7 - receipt issuer blocks even when signed
2026-09-07T02:58:40.0540195Z   ---
2026-09-07T02:58:40.0540419Z   duration_ms: 2.120862
2026-09-07T02:58:40.0540687Z   type: 'test'
2026-09-07T02:58:40.0540923Z   ...
2026-09-07T02:58:40.0541454Z # Subtest: receipt key blocks even when signed
2026-09-07T02:58:40.0541799Z ok 8 - receipt key blocks even when signed
2026-09-07T02:58:40.0542072Z   ---
2026-09-07T02:58:40.0542283Z   duration_ms: 1.477691
2026-09-07T02:58:40.0542521Z   type: 'test'
2026-09-07T02:58:40.0542725Z   ...
2026-09-07T02:58:40.0543010Z # Subtest: receipt expired blocks even when signed
2026-09-07T02:58:40.0543383Z ok 9 - receipt expired blocks even when signed
2026-09-07T02:58:40.0543660Z   ---
2026-09-07T02:58:40.0543857Z   duration_ms: 2.018091
2026-09-07T02:58:40.0544099Z   type: 'test'
2026-09-07T02:58:40.0544305Z   ...
2026-09-07T02:58:40.0578972Z # Subtest: receipt future blocks even when signed
2026-09-07T02:58:40.0595817Z ok 10 - receipt future blocks even when signed
2026-09-07T02:58:40.0615468Z   ---
2026-09-07T02:58:40.0616119Z   duration_ms: 1.875187
2026-09-07T02:58:40.0635529Z   type: 'test'
2026-09-07T02:58:40.0645500Z   ...
2026-09-07T02:58:40.0646369Z # Subtest: receipt epoch blocks even when signed
2026-09-07T02:58:40.0647116Z ok 11 - receipt epoch blocks even when signed
2026-09-07T02:58:40.0648270Z   ---
2026-09-07T02:58:40.0650271Z   duration_ms: 1.549715
2026-09-07T02:58:40.0650854Z   type: 'test'
2026-09-07T02:58:40.0651272Z   ...
2026-09-07T02:58:40.0651911Z # Subtest: receipt decision blocks even when signed
2026-09-07T02:58:40.0653333Z ok 12 - receipt decision blocks even when signed
2026-09-07T02:58:40.0653814Z   ---
2026-09-07T02:58:40.0654167Z   duration_ms: 2.315431
2026-09-07T02:58:40.0654569Z   type: 'test'
2026-09-07T02:58:40.0655057Z   ...
2026-09-07T02:58:40.0655646Z # Subtest: altered receipt signature and unknown fields block
2026-09-07T02:58:40.0656343Z ok 13 - altered receipt signature and unknown fields block
2026-09-07T02:58:40.0656847Z   ---
2026-09-07T02:58:40.0657210Z   duration_ms: 2.842105
2026-09-07T02:58:40.0657600Z   type: 'test'
2026-09-07T02:58:40.0657948Z   ...
2026-09-07T02:58:40.0658712Z # Subtest: missing time/revocation authority stops and revocation invalidates existing handles
2026-09-07T02:58:40.0659796Z ok 14 - missing time/revocation authority stops and revocation invalidates existing handles
2026-09-07T02:58:40.0660501Z   ---
2026-09-07T02:58:40.0660855Z   duration_ms: 4.650796
2026-09-07T02:58:40.0661295Z   type: 'test'
2026-09-07T02:58:40.0661632Z   ...
2026-09-07T02:58:40.0662643Z # Subtest: trusted inputs are copied and time/checkpoint freshness is checked repeatedly
2026-09-07T02:58:40.0663685Z ok 15 - trusted inputs are copied and time/checkpoint freshness is checked repeatedly
2026-09-07T02:58:40.0664282Z   ---
2026-09-07T02:58:40.0664610Z   duration_ms: 6.406779
2026-09-07T02:58:40.0665197Z   type: 'test'
2026-09-07T02:58:40.0665543Z   ...
2026-09-07T02:58:40.0666219Z # Subtest: authority bytes reject duplicate keys, unknown policy and noncanonical serialization
2026-09-07T02:58:40.0667167Z ok 16 - authority bytes reject duplicate keys, unknown policy and noncanonical serialization
2026-09-07T02:58:40.0667793Z   ---
2026-09-07T02:58:40.0668126Z   duration_ms: 1.424308
2026-09-07T02:58:40.0668522Z   type: 'test'
2026-09-07T02:58:40.0668886Z   ...
2026-09-07T02:58:40.0669530Z # Subtest: signature domain separation prevents signatures over ordinary JSON from authorizing
2026-09-07T02:58:40.0670426Z ok 17 - signature domain separation prevents signatures over ordinary JSON from authorizing
2026-09-07T02:58:40.0671005Z   ---
2026-09-07T02:58:40.0671323Z   duration_ms: 2.339271
2026-09-07T02:58:40.0671689Z   type: 'test'
2026-09-07T02:58:40.0672009Z   ...
2026-09-07T02:58:40.0672672Z # Subtest: adoption rejects even host-pinned signed authority for a different runtime/schema contract
2026-09-07T02:58:40.0673679Z ok 18 - adoption rejects even host-pinned signed authority for a different runtime/schema contract
2026-09-07T02:58:40.0674308Z   ---
2026-09-07T02:58:40.0674637Z   duration_ms: 1.080071
2026-09-07T02:58:40.0675687Z   type: 'test'
2026-09-07T02:58:40.0676051Z   ...
2026-09-07T02:58:40.0676638Z # Subtest: unavailable trusted clock is a structured stop on existing handles
2026-09-07T02:58:40.0677752Z ok 19 - unavailable trusted clock is a structured stop on existing handles
2026-09-07T02:58:40.0678370Z   ---
2026-09-07T02:58:40.0678735Z   duration_ms: 4.622156
2026-09-07T02:58:40.0679148Z   type: 'test'
2026-09-07T02:58:40.0679481Z   ...
2026-09-07T02:58:40.0680092Z # Subtest: loadAuthority preserves the expired stop at constructor reinspection
2026-09-07T02:58:40.0680960Z ok 20 - loadAuthority preserves the expired stop at constructor reinspection
2026-09-07T02:58:40.0681522Z   ---
2026-09-07T02:58:40.0681848Z   duration_ms: 3.19798
2026-09-07T02:58:40.0682212Z   type: 'test'
2026-09-07T02:58:40.0682544Z   ...
2026-09-07T02:58:40.0683165Z # Subtest: loadAuthority preserves the unavailable stop at constructor reinspection
2026-09-07T02:58:40.0684063Z ok 21 - loadAuthority preserves the unavailable stop at constructor reinspection
2026-09-07T02:58:40.0684643Z   ---
2026-09-07T02:58:40.0685237Z   duration_ms: 2.181035
2026-09-07T02:58:40.0685644Z   type: 'test'
2026-09-07T02:58:40.0686033Z   ...
2026-09-07T02:58:40.0686673Z # Subtest: loadAuthority preserves an original verifyApproval signature stop
2026-09-07T02:58:40.0687806Z ok 22 - loadAuthority preserves an original verifyApproval signature stop
2026-09-07T02:58:40.0688425Z   ---
2026-09-07T02:58:40.0688785Z   duration_ms: 2.46323
2026-09-07T02:58:40.0689203Z   type: 'test'
2026-09-07T02:58:40.0689569Z   ...
2026-09-07T02:58:40.0690305Z # Subtest: verifyContext preserves the expired stop at constructor reinspection
2026-09-07T02:58:40.0691191Z ok 23 - verifyContext preserves the expired stop at constructor reinspection
2026-09-07T02:58:40.0695464Z   ---
2026-09-07T02:58:40.0695901Z   duration_ms: 2.4983
2026-09-07T02:58:40.0696364Z   type: 'test'
2026-09-07T02:58:40.0696754Z   ...
2026-09-07T02:58:40.0697495Z # Subtest: verifyContext preserves the unavailable stop at constructor reinspection
2026-09-07T02:58:40.0698509Z ok 24 - verifyContext preserves the unavailable stop at constructor reinspection
2026-09-07T02:58:40.0699230Z   ---
2026-09-07T02:58:40.0699584Z   duration_ms: 2.359688
2026-09-07T02:58:40.0700020Z   type: 'test'
2026-09-07T02:58:40.0700423Z   ...
2026-09-07T02:58:40.0701129Z # Subtest: verifyContext preserves an original verifyApproval signature stop
2026-09-07T02:58:40.0702439Z ok 25 - verifyContext preserves an original verifyApproval signature stop
2026-09-07T02:58:40.0703105Z   ---
2026-09-07T02:58:40.0703492Z   duration_ms: 2.117342
2026-09-07T02:58:40.0703943Z   type: 'test'
2026-09-07T02:58:40.0704321Z   ...
2026-09-07T02:58:40.4513363Z # Subtest: recomputes canonical reorder and returns assessment without execution permission
2026-09-07T02:58:40.4540772Z ok 26 - recomputes canonical reorder and returns assessment without execution permission
2026-09-07T02:58:40.4561340Z   ---
2026-09-07T02:58:40.4561973Z   duration_ms: 20.095253
2026-09-07T02:58:40.4562392Z   type: 'test'
2026-09-07T02:58:40.4562711Z   ...
2026-09-07T02:58:40.4563499Z # Subtest: closed derived content digest update is recomputed from accepted/canonical source
2026-09-07T02:58:40.4564579Z ok 27 - closed derived content digest update is recomputed from accepted/canonical source
2026-09-07T02:58:40.4576155Z   ---
2026-09-07T02:58:40.4576711Z   duration_ms: 11.255769
2026-09-07T02:58:40.4577277Z   type: 'test'
2026-09-07T02:58:40.4577781Z   ...
2026-09-07T02:58:40.4578690Z # Subtest: semantic change, docs extension and arbitrary proof names cannot become mechanical
2026-09-07T02:58:40.4583439Z ok 28 - semantic change, docs extension and arbitrary proof names cannot become mechanical
2026-09-07T02:58:40.4584249Z   ---
2026-09-07T02:58:40.4584676Z   duration_ms: 4.692437
2026-09-07T02:58:40.4585350Z   type: 'test'
2026-09-07T02:58:40.4585777Z   ...
2026-09-07T02:58:40.4586483Z # Subtest: before substitution and unsigned/substituted baseline cannot be accepted
2026-09-07T02:58:40.4587508Z ok 29 - before substitution and unsigned/substituted baseline cannot be accepted
2026-09-07T02:58:40.4588227Z   ---
2026-09-07T02:58:40.4588653Z   duration_ms: 6.00833
2026-09-07T02:58:40.4589586Z   type: 'test'
2026-09-07T02:58:40.4590004Z   ...
2026-09-07T02:58:40.4590599Z # Subtest: forged, copied, foreign and stale contexts block
2026-09-07T02:58:40.4591373Z ok 30 - forged, copied, foreign and stale contexts block
2026-09-07T02:58:40.4591955Z   ---
2026-09-07T02:58:40.4592355Z   duration_ms: 7.89974
2026-09-07T02:58:40.4592809Z   type: 'test'
2026-09-07T02:58:40.4593206Z   ...
2026-09-07T02:58:40.4593962Z # Subtest: known normative changes require a human; mixed batches never partially authorize
2026-09-07T02:58:40.4597595Z ok 31 - known normative changes require a human; mixed batches never partially authorize
2026-09-07T02:58:40.4598389Z   ---
2026-09-07T02:58:40.4598826Z   duration_ms: 6.129173
2026-09-07T02:58:40.4599323Z   type: 'test'
2026-09-07T02:58:40.4599725Z   ...
2026-09-07T02:58:40.4600469Z # Subtest: empty batches, duplicate paths and missing before bindings are unknown
2026-09-07T02:58:40.4601351Z ok 32 - empty batches, duplicate paths and missing before bindings are unknown
2026-09-07T02:58:40.4601956Z   ---
2026-09-07T02:58:40.4602336Z   duration_ms: 5.307923
2026-09-07T02:58:40.4602750Z   type: 'test'
2026-09-07T02:58:40.4603084Z   ...
2026-09-07T02:58:40.4603720Z # Subtest: derived source substitution, recursive source and nonmechanical batch source block
2026-09-07T02:58:40.4604994Z ok 33 - derived source substitution, recursive source and nonmechanical batch source block
2026-09-07T02:58:40.4605689Z   ---
2026-09-07T02:58:40.4606140Z   duration_ms: 6.947483
2026-09-07T02:58:40.4606647Z   type: 'test'
2026-09-07T02:58:40.4607120Z   ...
2026-09-07T02:58:40.4607907Z # Subtest: candidate cannot replace schema, trust roots, policy or execution adapter
2026-09-07T02:58:40.4609051Z ok 34 - candidate cannot replace schema, trust roots, policy or execution adapter
2026-09-07T02:58:40.4609808Z   ---
2026-09-07T02:58:40.4610274Z   duration_ms: 5.493058
2026-09-07T02:58:40.4610797Z   type: 'test'
2026-09-07T02:58:40.4611261Z   ...
2026-09-07T02:58:40.4612030Z # Subtest: copied source bytes cannot mutate an already accepted context
2026-09-07T02:58:40.4612987Z ok 35 - copied source bytes cannot mutate an already accepted context
2026-09-07T02:58:40.4613647Z   ---
2026-09-07T02:58:40.4614135Z   duration_ms: 3.00463
2026-09-07T02:58:40.4614654Z   type: 'test'
2026-09-07T02:58:40.4615687Z   ...
2026-09-07T02:58:40.4616429Z # Subtest: baseline order is code-unit deterministic across case and locale
2026-09-07T02:58:40.4617460Z ok 36 - baseline order is code-unit deterministic across case and locale
2026-09-07T02:58:40.4618116Z   ---
2026-09-07T02:58:40.4618589Z   duration_ms: 2.481134
2026-09-07T02:58:40.4619099Z   type: 'test'
2026-09-07T02:58:40.4619599Z   ...
2026-09-07T02:58:40.4620531Z # Subtest: adding an explicit default TAG directive cannot earn canonical reorder eligibility
2026-09-07T02:58:40.4621748Z ok 37 - adding an explicit default TAG directive cannot earn canonical reorder eligibility
2026-09-07T02:58:40.4622577Z   ---
2026-09-07T02:58:40.4623112Z   duration_ms: 2.832842
2026-09-07T02:58:40.4623633Z   type: 'test'
2026-09-07T02:58:40.4624105Z   ...
2026-09-07T02:58:45.4766822Z # Subtest: GR01 separate controllers that both saw absence may issue exactly one dispatch
2026-09-07T02:58:45.4768243Z ok 38 - GR01 separate controllers that both saw absence may issue exactly one dispatch
2026-09-07T02:58:45.4785853Z   ---
2026-09-07T02:58:45.4799884Z   duration_ms: 4102.03001
2026-09-07T02:58:45.4801417Z   type: 'test'
2026-09-07T02:58:45.4802046Z   ...
2026-09-07T02:58:50.2289287Z # Subtest: GR01 owner death after durable intent before POST stays uncertain on original-key resume
2026-09-07T02:58:50.2306580Z ok 39 - GR01 owner death after durable intent before POST stays uncertain on original-key resume
2026-09-07T02:58:50.2425803Z   ---
2026-09-07T02:58:50.2485789Z   duration_ms: 3856.849576
2026-09-07T02:58:50.2492749Z   type: 'test'
2026-09-07T02:58:50.2495507Z   ...
2026-09-07T02:59:13.7753023Z # Subtest: GR02 deploy approval expiring in asynchronous preflight blocks reservation
2026-09-07T02:59:13.7836928Z ok 40 - GR02 deploy approval expiring in asynchronous preflight blocks reservation
2026-09-07T02:59:13.7855814Z   ---
2026-09-07T02:59:13.7958910Z   duration_ms: 23513.230784
2026-09-07T02:59:13.7966676Z   type: 'test'
2026-09-07T02:59:13.7967393Z   ...
2026-09-07T02:59:40.6679187Z # Subtest: GR02 rollback approval expiring in asynchronous preflight blocks reservation
2026-09-07T02:59:40.6685680Z ok 41 - GR02 rollback approval expiring in asynchronous preflight blocks reservation
2026-09-07T02:59:40.6687574Z   ---
2026-09-07T02:59:40.6688144Z   duration_ms: 26864.526396
2026-09-07T02:59:40.6688660Z   type: 'test'
2026-09-07T02:59:40.6689088Z   ...
2026-09-07T03:00:00.5202224Z # Subtest: GR02 accept-artifact approval expiring in asynchronous preflight blocks reservation
2026-09-07T03:00:00.5208313Z ok 42 - GR02 accept-artifact approval expiring in asynchronous preflight blocks reservation
2026-09-07T03:00:00.5265836Z   ---
2026-09-07T03:00:00.5305853Z   duration_ms: 19891.247989
2026-09-07T03:00:00.5329257Z   type: 'test'
2026-09-07T03:00:00.5331766Z   ...
2026-09-07T03:00:28.8548089Z # Subtest: GR02 readback approval expiring in asynchronous preflight blocks reservation
2026-09-07T03:00:28.8599351Z ok 43 - GR02 readback approval expiring in asynchronous preflight blocks reservation
2026-09-07T03:00:28.8615775Z   ---
2026-09-07T03:00:28.8631915Z   duration_ms: 28482.419694
2026-09-07T03:00:28.8632672Z   type: 'test'
2026-09-07T03:00:28.8633137Z   ...
2026-09-07T03:00:30.4124362Z # Subtest: GR02 release objective expiry alone during preflight blocks reservation
2026-09-07T03:00:30.8739137Z ok 44 - GR02 release objective expiry alone during preflight blocks reservation
2026-09-07T03:00:30.8739812Z   ---
2026-09-07T03:00:30.8740365Z   duration_ms: 1694.145974
2026-09-07T03:00:30.8740795Z   type: 'test'
2026-09-07T03:00:30.8741783Z   ...
2026-09-07T03:00:36.4108202Z # Subtest: GR02 standalone review policy expiry alone during preflight blocks reservation
2026-09-07T03:00:36.4109506Z ok 45 - GR02 standalone review policy expiry alone during preflight blocks reservation
2026-09-07T03:00:36.4110166Z   ---
2026-09-07T03:00:36.4110555Z   duration_ms: 5695.370029
2026-09-07T03:00:36.4110981Z   type: 'test'
2026-09-07T03:00:36.4111637Z   ...
2026-09-07T03:00:50.7693572Z # Subtest: GR02 release review policy expiry alone during preflight blocks reservation
2026-09-07T03:00:50.7775541Z ok 46 - GR02 release review policy expiry alone during preflight blocks reservation
2026-09-07T03:00:50.7816167Z   ---
2026-09-07T03:00:50.7855965Z   duration_ms: 14552.252647
2026-09-07T03:00:50.7915947Z   type: 'test'
2026-09-07T03:00:50.7926792Z   ...
2026-09-07T03:00:57.2610883Z # Subtest: GR02 prerequisite slice evidence expires in preflight while objective and budgets remain current
2026-09-07T03:00:57.2612602Z ok 47 - GR02 prerequisite slice evidence expires in preflight while objective and budgets remain current
2026-09-07T03:00:57.2613508Z   ---
2026-09-07T03:00:57.2613962Z   duration_ms: 4740.942528
2026-09-07T03:00:57.2614501Z   type: 'test'
2026-09-07T03:00:57.2615115Z   ...
2026-09-07T03:00:57.2616134Z # Subtest: GR04 canonical-write.v1 preserves literal output keys and verifies changed bytes, exact scope and one debit
2026-09-07T03:00:57.2617569Z ok 48 - GR04 canonical-write.v1 preserves literal output keys and verifies changed bytes, exact scope and one debit
2026-09-07T03:00:57.2618467Z   ---
2026-09-07T03:00:57.2618893Z   duration_ms: 1469.397769
2026-09-07T03:00:57.2619356Z   type: 'test'
2026-09-07T03:00:57.2619757Z   ...
2026-09-07T03:00:57.2670959Z # Subtest: GR04 derived-write.v1 preserves literal output keys and verifies changed bytes, exact scope and one debit
2026-09-07T03:00:57.2673165Z ok 49 - GR04 derived-write.v1 preserves literal output keys and verifies changed bytes, exact scope and one debit
2026-09-07T03:00:57.2674609Z   ---
2026-09-07T03:00:57.2675363Z   duration_ms: 1632.640333
2026-09-07T03:00:57.2675929Z   type: 'test'
2026-09-07T03:00:57.2676399Z   ...
2026-09-07T03:01:04.1743964Z # Subtest: GR02 immutable dispatch input cannot borrow a replacement request current after preflight
2026-09-07T03:01:04.1745715Z ok 50 - GR02 immutable dispatch input cannot borrow a replacement request current after preflight
2026-09-07T03:01:04.1927509Z   ---
2026-09-07T03:01:04.1928175Z   duration_ms: 5237.841956
2026-09-07T03:01:04.1928757Z   type: 'test'
2026-09-07T03:01:04.1929234Z   ...
2026-09-07T03:01:04.8415714Z # Subtest: GR02 unchanged current dispatch input retains one reservation and the exact request
2026-09-07T03:01:04.8420329Z ok 51 - GR02 unchanged current dispatch input retains one reservation and the exact request
2026-09-07T03:01:04.8422190Z   ---
2026-09-07T03:01:04.8422511Z   duration_ms: 2026.694095
2026-09-07T03:01:04.8422868Z   type: 'test'
2026-09-07T03:01:04.8423166Z   ...
2026-09-07T03:01:05.3799795Z # Subtest: C1 current verifier rejects fabricated signatures for every approval kind
2026-09-07T03:01:05.3801226Z ok 52 - C1 current verifier rejects fabricated signatures for every approval kind
2026-09-07T03:01:05.3817061Z   ---
2026-09-07T03:01:05.3817423Z   duration_ms: 14.947506
2026-09-07T03:01:05.3817816Z   type: 'test'
2026-09-07T03:01:05.3818112Z   ...
2026-09-07T03:01:05.3818785Z # Subtest: C1 recorded verifier rejects fabricated signatures for every approval kind
2026-09-07T03:01:05.3819788Z ok 53 - C1 recorded verifier rejects fabricated signatures for every approval kind
2026-09-07T03:01:05.3820348Z   ---
2026-09-07T03:01:05.3820623Z   duration_ms: 8.291474
2026-09-07T03:01:05.3820931Z   type: 'test'
2026-09-07T03:01:05.3821200Z   ...
2026-09-07T03:01:05.3821914Z # Subtest: C1 current and recorded verifiers accept genuine signatures and reject altered signed fields
2026-09-07T03:01:05.3823019Z ok 54 - C1 current and recorded verifiers accept genuine signatures and reject altered signed fields
2026-09-07T03:01:05.3823630Z   ---
2026-09-07T03:01:05.3823910Z   duration_ms: 14.505325
2026-09-07T03:01:05.3824247Z   type: 'test'
2026-09-07T03:01:05.3824531Z   ...
2026-09-07T03:01:05.3825477Z # Subtest: C1 valid historical signatures preserve event-time semantics without current authority
2026-09-07T03:01:05.3826534Z ok 55 - C1 valid historical signatures preserve event-time semantics without current authority
2026-09-07T03:01:05.3827136Z   ---
2026-09-07T03:01:05.3827762Z   duration_ms: 4.474795
2026-09-07T03:01:05.3828121Z   type: 'test'
2026-09-07T03:01:05.3828378Z   ...
2026-09-07T03:01:05.3828996Z # Subtest: M1 public evaluation rejects undefined observation before registration
2026-09-07T03:01:05.3829919Z ok 56 - M1 public evaluation rejects undefined observation before registration
2026-09-07T03:01:05.3830488Z   ---
2026-09-07T03:01:05.3830796Z   duration_ms: 63.179281
2026-09-07T03:01:05.3831166Z   type: 'test'
2026-09-07T03:01:05.3831446Z   ...
2026-09-07T03:01:05.3831937Z # Subtest: M1 public evaluation rejects null observation before registration
2026-09-07T03:01:05.3832736Z ok 57 - M1 public evaluation rejects null observation before registration
2026-09-07T03:01:05.3833257Z   ---
2026-09-07T03:01:05.3833528Z   duration_ms: 46.675199
2026-09-07T03:01:05.3833858Z   type: 'test'
2026-09-07T03:01:05.3834136Z   ...
2026-09-07T03:01:05.3834718Z # Subtest: e2e: C1 public continuation rejects a forged grant before registration
2026-09-07T03:01:05.3838003Z ok 58 - e2e: C1 public continuation rejects a forged grant before registration
2026-09-07T03:01:05.3838576Z   ---
2026-09-07T03:01:05.3838884Z   duration_ms: 51.581204
2026-09-07T03:01:05.3839236Z   type: 'test'
2026-09-07T03:01:05.3839523Z   ...
2026-09-07T03:01:05.3840174Z # Subtest: e2e: C1 replay rejects forged recorded grant even with recomputed journal hashes
2026-09-07T03:01:05.3841144Z ok 59 - e2e: C1 replay rejects forged recorded grant even with recomputed journal hashes
2026-09-07T03:01:05.3841704Z   ---
2026-09-07T03:01:05.3842002Z   duration_ms: 25.606712
2026-09-07T03:01:05.3842324Z   type: 'test'
2026-09-07T03:01:05.3842560Z   ...
2026-09-07T03:01:17.7753234Z # Subtest: e2e: one signed grant permits two mechanical runs and keeps original artifact acceptance
2026-09-07T03:01:17.7776158Z ok 60 - e2e: one signed grant permits two mechanical runs and keeps original artifact acceptance
2026-09-07T03:01:17.7792078Z   ---
2026-09-07T03:01:17.7792711Z   duration_ms: 2322.312913
2026-09-07T03:01:17.7793375Z   type: 'test'
2026-09-07T03:01:17.7793893Z   ...
2026-09-07T03:01:17.7794717Z # Subtest: durable regression bytes and signed gate bind actual accepted semantics
2026-09-07T03:01:17.7796076Z ok 61 - durable regression bytes and signed gate bind actual accepted semantics
2026-09-07T03:01:17.7796781Z   ---
2026-09-07T03:01:17.7797229Z   duration_ms: 512.474573
2026-09-07T03:01:17.7797729Z   type: 'test'
2026-09-07T03:01:17.7798150Z   ...
2026-09-07T03:01:17.7798696Z # Subtest: closed regressions refuse missing
2026-09-07T03:01:17.7799385Z ok 62 - closed regressions refuse missing
2026-09-07T03:01:17.7799864Z   ---
2026-09-07T03:01:17.7807355Z   duration_ms: 309.741962
2026-09-07T03:01:17.7807927Z   type: 'test'
2026-09-07T03:01:17.7808376Z   ...
2026-09-07T03:01:17.7809012Z # Subtest: closed regressions refuse false-expectation
2026-09-07T03:01:17.7809732Z ok 63 - closed regressions refuse false-expectation
2026-09-07T03:01:17.7810276Z   ---
2026-09-07T03:01:17.7810700Z   duration_ms: 304.647697
2026-09-07T03:01:17.7811182Z   type: 'test'
2026-09-07T03:01:17.7811589Z   ...
2026-09-07T03:01:17.7812126Z # Subtest: closed regressions refuse lost-coverage
2026-09-07T03:01:17.7812816Z ok 64 - closed regressions refuse lost-coverage
2026-09-07T03:01:17.7813356Z   ---
2026-09-07T03:01:17.7813743Z   duration_ms: 301.999876
2026-09-07T03:01:17.7814217Z   type: 'test'
2026-09-07T03:01:17.7814616Z   ...
2026-09-07T03:01:17.7815334Z # Subtest: closed regressions refuse callback
2026-09-07T03:01:17.7815996Z ok 65 - closed regressions refuse callback
2026-09-07T03:01:17.7816529Z   ---
2026-09-07T03:01:17.7816960Z   duration_ms: 303.267044
2026-09-07T03:01:17.7817431Z   type: 'test'
2026-09-07T03:01:17.7817839Z   ...
2026-09-07T03:01:17.7818537Z # Subtest: signed unsupported product proof stops without simulated PASS
2026-09-07T03:01:17.7819426Z ok 66 - signed unsupported product proof stops without simulated PASS
2026-09-07T03:01:17.7835797Z   ---
2026-09-07T03:01:17.7836289Z   duration_ms: 303.0403
2026-09-07T03:01:17.7836868Z   type: 'test'
2026-09-07T03:01:17.7840287Z   ...
2026-09-07T03:01:17.7841485Z # Subtest: H06 expiry is rechecked at effect use
2026-09-07T03:01:17.7842294Z ok 67 - H06 expiry is rechecked at effect use
2026-09-07T03:01:17.7842910Z   ---
2026-09-07T03:01:17.7843368Z   duration_ms: 782.534771
2026-09-07T03:01:17.7843872Z   type: 'test'
2026-09-07T03:01:17.7844307Z   ...
2026-09-07T03:01:17.7845194Z # Subtest: H06 revocation survives reopen and blocks an already prepared effect
2026-09-07T03:01:17.7846314Z ok 68 - H06 revocation survives reopen and blocks an already prepared effect
2026-09-07T03:01:17.7846987Z   ---
2026-09-07T03:01:17.7847373Z   duration_ms: 973.453063
2026-09-07T03:01:17.7847828Z   type: 'test'
2026-09-07T03:01:17.7848243Z   ...
2026-09-07T03:01:17.7848972Z # Subtest: H06 category exhaustion survives fresh run, retry and replacement grant
2026-09-07T03:01:17.7850004Z ok 69 - H06 category exhaustion survives fresh run, retry and replacement grant
2026-09-07T03:01:17.7850696Z   ---
2026-09-07T03:01:17.7851119Z   duration_ms: 427.060898
2026-09-07T03:01:17.7851587Z   type: 'test'
2026-09-07T03:01:17.7851965Z   ...
2026-09-07T03:01:17.7852563Z # Subtest: H06 all three categories share the signed total cap
2026-09-07T03:01:17.7853315Z ok 70 - H06 all three categories share the signed total cap
2026-09-07T03:01:17.7855744Z   ---
2026-09-07T03:01:17.7856196Z   duration_ms: 360.824535
2026-09-07T03:01:17.7856633Z   type: 'test'
2026-09-07T03:01:17.7857039Z   ...
2026-09-07T03:01:17.7857831Z # Subtest: H06 budget is rechecked between prepare and use without creating effect intent
2026-09-07T03:01:17.7858912Z ok 71 - H06 budget is rechecked between prepare and use without creating effect intent
2026-09-07T03:01:17.7859928Z   ---
2026-09-07T03:01:17.7860332Z   duration_ms: 796.466189
2026-09-07T03:01:17.7860782Z   type: 'test'
2026-09-07T03:01:17.7861171Z   ...
2026-09-07T03:01:17.7861845Z # Subtest: older bounded approvals do not become reusable continuation and foreign handles fail
2026-09-07T03:01:17.7862889Z ok 72 - older bounded approvals do not become reusable continuation and foreign handles fail
2026-09-07T03:01:17.7863491Z   ---
2026-09-07T03:01:17.7863908Z   duration_ms: 786.49936
2026-09-07T03:01:17.7864274Z   type: 'test'
2026-09-07T03:01:17.7864594Z   ...
2026-09-07T03:01:17.7865447Z # Subtest: H06 changed accepted authority, file classes and workspace semantics block continuation
2026-09-07T03:01:17.7866395Z ok 73 - H06 changed accepted authority, file classes and workspace semantics block continuation
2026-09-07T03:01:17.7866983Z   ---
2026-09-07T03:01:17.7867300Z   duration_ms: 632.622918
2026-09-07T03:01:17.7867656Z   type: 'test'
2026-09-07T03:01:17.7867980Z   ...
2026-09-07T03:01:17.7868513Z # Subtest: H06 legacy and generic reserves cannot bypass category accounting
2026-09-07T03:01:17.7869251Z ok 74 - H06 legacy and generic reserves cannot bypass category accounting
2026-09-07T03:01:17.7869877Z   ---
2026-09-07T03:01:17.7870343Z   duration_ms: 321.370793
2026-09-07T03:01:17.7870764Z   type: 'test'
2026-09-07T03:01:17.7871151Z   ...
2026-09-07T03:01:17.7871924Z # Subtest: H06-R1 counterexample coverage cannot be replaced by identical accepted bytes
2026-09-07T03:01:17.7873049Z ok 75 - H06-R1 counterexample coverage cannot be replaced by identical accepted bytes
2026-09-07T03:01:17.7873698Z   ---
2026-09-07T03:01:17.7874082Z   duration_ms: 297.227195
2026-09-07T03:01:17.7874474Z   type: 'test'
2026-09-07T03:01:17.7874810Z   ...
2026-09-07T03:01:17.7875650Z # Subtest: e2e: H06 exhausted retry reconciles original intent without another unit
2026-09-07T03:01:17.7876688Z ok 76 - e2e: H06 exhausted retry reconciles original intent without another unit
2026-09-07T03:01:17.7877332Z   ---
2026-09-07T03:01:17.7877728Z   duration_ms: 2334.003137
2026-09-07T03:01:17.7878148Z   type: 'test'
2026-09-07T03:01:17.7878515Z   ...
2026-09-07T03:01:32.8261599Z # Subtest: e2e configured release describes and executes one signed obligation, then resumes without another charge
2026-09-07T03:01:33.4265662Z ok 77 - e2e configured release describes and executes one signed obligation, then resumes without another charge
2026-09-07T03:01:33.4266402Z   ---
2026-09-07T03:01:33.4266716Z   duration_ms: 3593.915989
2026-09-07T03:01:33.4267013Z   type: 'test'
2026-09-07T03:01:33.4267285Z   ...
2026-09-07T03:01:33.7346652Z # Subtest: lost acknowledgement reconciles exact descriptor key with no redispatch after reopen
2026-09-07T03:01:35.2345526Z ok 78 - lost acknowledgement reconciles exact descriptor key with no redispatch after reopen
2026-09-07T03:01:35.2360147Z   ---
2026-09-07T03:01:35.2360860Z   duration_ms: 2943.790829
2026-09-07T03:01:35.2361534Z   type: 'test'
2026-09-07T03:01:35.2446095Z   ...
2026-09-07T03:01:35.8357141Z # Subtest: generic reconciliation cannot settle a backend-owned intent
2026-09-07T03:01:36.1382831Z ok 79 - generic reconciliation cannot settle a backend-owned intent
2026-09-07T03:01:36.1383761Z   ---
2026-09-07T03:01:36.1384284Z   duration_ms: 2319.261717
2026-09-07T03:01:36.1385081Z   type: 'test'
2026-09-07T03:01:36.1385717Z   ...
2026-09-07T03:01:37.6909017Z # Subtest: rejects wrongAttempt observation without settling intent
2026-09-07T03:01:37.6917379Z ok 80 - rejects wrongAttempt observation without settling intent
2026-09-07T03:01:37.6920083Z   ---
2026-09-07T03:01:37.6920714Z   duration_ms: 2270.07647
2026-09-07T03:01:37.6921262Z   type: 'test'
2026-09-07T03:01:37.6921684Z   ...
2026-09-07T03:01:38.5995791Z # Subtest: rejects wrongSha observation without settling intent
2026-09-07T03:01:38.5998843Z ok 81 - rejects wrongSha observation without settling intent
2026-09-07T03:01:38.5999416Z   ---
2026-09-07T03:01:38.5999712Z   duration_ms: 2265.494456
2026-09-07T03:01:38.6000053Z   type: 'test'
2026-09-07T03:01:38.6000792Z   ...
2026-09-07T03:01:40.1422325Z # Subtest: rejects tamper observation without settling intent
2026-09-07T03:01:40.1423333Z ok 82 - rejects tamper observation without settling intent
2026-09-07T03:01:40.1423960Z   ---
2026-09-07T03:01:40.1424427Z   duration_ms: 2408.646159
2026-09-07T03:01:40.1425156Z   type: 'test'
2026-09-07T03:01:40.1425598Z   ...
2026-09-07T03:01:41.0636482Z # Subtest: rejects wrongKind observation without settling intent
2026-09-07T03:01:41.0706067Z ok 83 - rejects wrongKind observation without settling intent
2026-09-07T03:01:41.0725734Z   ---
2026-09-07T03:01:41.0738844Z   duration_ms: 2415.752848
2026-09-07T03:01:41.0739873Z   type: 'test'
2026-09-07T03:01:41.0740468Z   ...
2026-09-07T03:01:44.6176392Z # Subtest: rejects badSignature observation without settling intent
2026-09-07T03:01:45.2251159Z ok 84 - rejects badSignature observation without settling intent
2026-09-07T03:01:45.2251723Z   ---
2026-09-07T03:01:45.2252146Z   duration_ms: 2464.393442
2026-09-07T03:01:45.2252524Z   type: 'test'
2026-09-07T03:01:45.2253040Z   ...
2026-09-07T03:01:45.9766335Z # Subtest: signed failed execution is retained and cannot satisfy slice
2026-09-07T03:01:47.6356574Z ok 85 - signed failed execution is retained and cannot satisfy slice
2026-09-07T03:01:47.6357402Z   ---
2026-09-07T03:01:47.6406165Z   duration_ms: 2936.616774
2026-09-07T03:01:47.6425756Z   type: 'test'
2026-09-07T03:01:47.6466141Z   ...
2026-09-07T03:01:48.2470519Z # Subtest: missing registered operation stops before spending or network
2026-09-07T03:01:48.5476732Z ok 86 - missing registered operation stops before spending or network
2026-09-07T03:01:48.5480612Z   ---
2026-09-07T03:01:48.5481214Z   duration_ms: 496.809174
2026-09-07T03:01:48.5481742Z   type: 'test'
2026-09-07T03:01:48.5482195Z   ...
2026-09-07T03:01:48.5566087Z # Subtest: altered scoped execution budget is rejected before reservation
2026-09-07T03:01:50.3736872Z ok 87 - altered scoped execution budget is rejected before reservation
2026-09-07T03:01:50.3786132Z   ---
2026-09-07T03:01:50.3805801Z   duration_ms: 1066.299572
2026-09-07T03:01:50.3865633Z   type: 'test'
2026-09-07T03:01:50.3881403Z   ...
2026-09-07T03:01:50.9811058Z # Subtest: same operation key cannot select changed input or receive a second reservation
2026-09-07T03:01:51.2847547Z ok 88 - same operation key cannot select changed input or receive a second reservation
2026-09-07T03:01:51.2870884Z   ---
2026-09-07T03:01:51.2871600Z   duration_ms: 3004.803139
2026-09-07T03:01:51.2872166Z   type: 'test'
2026-09-07T03:01:51.2872574Z   ...
2026-09-07T03:01:52.5436507Z # Subtest: approved artifact redirect never receives GitHub credentials
2026-09-07T03:01:52.5444403Z ok 89 - approved artifact redirect never receives GitHub credentials
2026-09-07T03:01:52.5447351Z   ---
2026-09-07T03:01:52.5447986Z   duration_ms: 2745.381501
2026-09-07T03:01:52.5448537Z   type: 'test'
2026-09-07T03:01:52.5448957Z   ...
2026-09-07T03:01:53.4636144Z # Subtest: arbitrary artifact redirect is refused
2026-09-07T03:01:53.4643128Z ok 90 - arbitrary artifact redirect is refused
2026-09-07T03:01:53.4644460Z   ---
2026-09-07T03:01:53.4646230Z   duration_ms: 2264.380886
2026-09-07T03:01:53.4646727Z   type: 'test'
2026-09-07T03:01:53.4647084Z   ...
2026-09-07T03:01:56.0528122Z # Subtest: journal binding remains exactly compatible with historical receipts
2026-09-07T03:01:56.0536978Z ok 91 - journal binding remains exactly compatible with historical receipts
2026-09-07T03:01:56.0537679Z   ---
2026-09-07T03:01:56.0538024Z   duration_ms: 0.138628
2026-09-07T03:01:56.0538407Z   type: 'test'
2026-09-07T03:01:56.0538732Z   ...
2026-09-07T03:01:59.7143337Z # Subtest: authenticated catalog and exact shadow produce private verified review evidence
2026-09-07T03:01:59.7226865Z ok 92 - authenticated catalog and exact shadow produce private verified review evidence
2026-09-07T03:01:59.7286085Z   ---
2026-09-07T03:01:59.7357679Z   duration_ms: 6891.503872
2026-09-07T03:01:59.7360848Z   type: 'test'
2026-09-07T03:01:59.7362144Z   ...
2026-09-07T03:02:36.7823206Z # Subtest: e2e release requires current review, explicit artifact acceptance, real readback and distinct postdeploy executions
2026-09-07T03:02:36.7828267Z ok 93 - e2e release requires current review, explicit artifact acceptance, real readback and distinct postdeploy executions
2026-09-07T03:02:36.7829429Z   ---
2026-09-07T03:02:36.7926121Z   duration_ms: 37244.887953
2026-09-07T03:02:36.7975765Z   type: 'test'
2026-09-07T03:02:36.8045694Z   ...
2026-09-07T03:02:42.4448981Z # Subtest: malformed reviewed finding cannot satisfy independent review
2026-09-07T03:02:42.4462859Z ok 94 - malformed reviewed finding cannot satisfy independent review
2026-09-07T03:02:42.4463836Z   ---
2026-09-07T03:02:42.4464377Z   duration_ms: 7010.424834
2026-09-07T03:02:42.4465141Z   type: 'test'
2026-09-07T03:02:42.4485732Z   ...
2026-09-07T03:02:42.5016516Z # Subtest: fixed Codex worker observes real local stdio protocol and pins every round
2026-09-07T03:02:42.5021321Z ok 95 - fixed Codex worker observes real local stdio protocol and pins every round
2026-09-07T03:02:42.5022125Z   ---
2026-09-07T03:02:42.5022573Z   duration_ms: 60.179705
2026-09-07T03:02:42.5023075Z   type: 'test'
2026-09-07T03:02:42.5023497Z   ...
2026-09-07T03:02:42.5386276Z # Subtest: Codex worker refuses wrongModel protocol result
2026-09-07T03:02:42.5390924Z ok 96 - Codex worker refuses wrongModel protocol result
2026-09-07T03:02:42.5391591Z   ---
2026-09-07T03:02:42.5391999Z   duration_ms: 35.065837
2026-09-07T03:02:42.5392415Z   type: 'test'
2026-09-07T03:02:42.5392798Z   ...
2026-09-07T03:02:44.6591054Z # Subtest: Codex worker refuses failed protocol result
2026-09-07T03:02:44.6598098Z ok 97 - Codex worker refuses failed protocol result
2026-09-07T03:02:44.6656048Z   ---
2026-09-07T03:02:44.6715843Z   duration_ms: 33.871593
2026-09-07T03:02:44.6734354Z   type: 'test'
2026-09-07T03:02:44.6736319Z   ...
2026-09-07T03:02:47.8775777Z # Subtest: concurrent identical requests retain one reservation and one dispatch
2026-09-07T03:02:47.8780152Z ok 98 - concurrent identical requests retain one reservation and one dispatch
2026-09-07T03:02:47.8815816Z   ---
2026-09-07T03:02:47.8855601Z   duration_ms: 3459.320101
2026-09-07T03:02:47.8875522Z   type: 'test'
2026-09-07T03:02:47.8892532Z   ...
2026-09-07T03:02:48.8152348Z # Subtest: fix-1 missing execution-supervisor enrollment stops before dispatch and spend
2026-09-07T03:02:48.8236576Z ok 99 - fix-1 missing execution-supervisor enrollment stops before dispatch and spend
2026-09-07T03:02:48.8255770Z   ---
2026-09-07T03:02:48.8315844Z   duration_ms: 636.256042
2026-09-07T03:02:48.8377300Z   type: 'test'
2026-09-07T03:02:48.8387485Z   ...
2026-09-07T03:02:54.6251979Z # Subtest: fix-1 dispatched review survives catalog expiry using its original frozen descriptor
2026-09-07T03:02:54.6286719Z ok 100 - fix-1 dispatched review survives catalog expiry using its original frozen descriptor
2026-09-07T03:02:54.6366091Z   ---
2026-09-07T03:02:54.6413156Z   duration_ms: 7955.188663
2026-09-07T03:02:54.6417561Z   type: 'test'
2026-09-07T03:02:54.6435104Z   ...
2026-09-07T03:02:54.7056568Z # Subtest: fix-1 worker preserves a multibyte UTF8 character split across actual stdout writes
2026-09-07T03:02:54.7057571Z ok 101 - fix-1 worker preserves a multibyte UTF8 character split across actual stdout writes
2026-09-07T03:02:54.7058100Z   ---
2026-09-07T03:02:54.7058521Z   duration_ms: 79.932745
2026-09-07T03:02:54.7058915Z   type: 'test'
2026-09-07T03:02:54.7066270Z   ...
2026-09-07T03:02:56.2689572Z # Subtest: fix-1 worker rejects an incomplete final UTF8 sequence
2026-09-07T03:02:56.2777064Z ok 102 - fix-1 worker rejects an incomplete final UTF8 sequence
2026-09-07T03:02:56.2795872Z   ---
2026-09-07T03:02:56.2876084Z   duration_ms: 42.014095
2026-09-07T03:02:56.2925965Z   type: 'test'
2026-09-07T03:02:56.2926379Z   ...
2026-09-07T03:03:39.0312446Z # Subtest: e2e fix-1 terminal FAIL deployment has bounded authorized readback using the original key
2026-09-07T03:03:39.0313971Z ok 103 - e2e fix-1 terminal FAIL deployment has bounded authorized readback using the original key
2026-09-07T03:03:39.0315586Z   ---
2026-09-07T03:03:39.0316016Z   duration_ms: 42730.108628
2026-09-07T03:03:39.0415929Z   type: 'test'
2026-09-07T03:03:39.0476036Z   ...
2026-09-07T03:04:19.8873702Z # Subtest: e2e fix-1 expired deployment has bounded authorized readback using the original key
2026-09-07T03:04:19.8876912Z ok 104 - e2e fix-1 expired deployment has bounded authorized readback using the original key
2026-09-07T03:04:19.8877754Z   ---
2026-09-07T03:04:19.8878231Z   duration_ms: 42415.53728
2026-09-07T03:04:19.8878694Z   type: 'test'
2026-09-07T03:04:19.8879102Z   ...
2026-09-07T03:04:20.2946678Z # Subtest: key reorder preserves canonical and semantic identity while content changes
2026-09-07T03:04:20.2966462Z ok 105 - key reorder preserves canonical and semantic identity while content changes
2026-09-07T03:04:20.2970699Z   ---
2026-09-07T03:04:20.2971280Z   duration_ms: 18.633012
2026-09-07T03:04:20.2971793Z   type: 'test'
2026-09-07T03:04:20.2972302Z   ...
2026-09-07T03:04:20.2972859Z # Subtest: lower threshold remains distinct
2026-09-07T03:04:20.2973531Z ok 106 - lower threshold remains distinct
2026-09-07T03:04:20.2974075Z   ---
2026-09-07T03:04:20.2974512Z   duration_ms: 5.672273
2026-09-07T03:04:20.2975274Z   type: 'test'
2026-09-07T03:04:20.2999695Z   ...
2026-09-07T03:04:20.3045600Z # Subtest: large integers remains distinct
2026-09-07T03:04:20.3065697Z ok 107 - large integers remains distinct
2026-09-07T03:04:20.3073116Z   ---
2026-09-07T03:04:20.3073638Z   duration_ms: 3.793303
2026-09-07T03:04:20.3074117Z   type: 'test'
2026-09-07T03:04:20.3074524Z   ...
2026-09-07T03:04:20.3075204Z # Subtest: near decimals remains distinct
2026-09-07T03:04:20.3075827Z ok 108 - near decimals remains distinct
2026-09-07T03:04:20.3076301Z   ---
2026-09-07T03:04:20.3076699Z   duration_ms: 5.211023
2026-09-07T03:04:20.3077129Z   type: 'test'
2026-09-07T03:04:20.3077490Z   ...
2026-09-07T03:04:20.3078022Z # Subtest: signed zero remains distinct
2026-09-07T03:04:20.3078608Z ok 109 - signed zero remains distinct
2026-09-07T03:04:20.3079067Z   ---
2026-09-07T03:04:20.3079435Z   duration_ms: 4.972906
2026-09-07T03:04:20.3079864Z   type: 'test'
2026-09-07T03:04:20.3080246Z   ...
2026-09-07T03:04:20.3080699Z # Subtest: exponents remains distinct
2026-09-07T03:04:20.3081734Z ok 110 - exponents remains distinct
2026-09-07T03:04:20.3082238Z   ---
2026-09-07T03:04:20.3082617Z   duration_ms: 3.184191
2026-09-07T03:04:20.3083027Z   type: 'test'
2026-09-07T03:04:20.3083415Z   ...
2026-09-07T03:04:20.3083895Z # Subtest: decimal spelling remains distinct
2026-09-07T03:04:20.3084568Z ok 111 - decimal spelling remains distinct
2026-09-07T03:04:20.3085339Z   ---
2026-09-07T03:04:20.3085760Z   duration_ms: 2.961858
2026-09-07T03:04:20.3086225Z   type: 'test'
2026-09-07T03:04:20.3086646Z   ...
2026-09-07T03:04:20.3088374Z # Subtest: human text whitespace and enum remain distinct
2026-09-07T03:04:20.3089234Z ok 112 - human text whitespace and enum remain distinct
2026-09-07T03:04:20.3089865Z   ---
2026-09-07T03:04:20.3090315Z   duration_ms: 7.879958
2026-09-07T03:04:20.3090838Z   type: 'test'
2026-09-07T03:04:20.3091230Z   ...
2026-09-07T03:04:20.3091700Z # Subtest: renamed field rejects
2026-09-07T03:04:20.3092261Z ok 113 - renamed field rejects
2026-09-07T03:04:20.3092701Z   ---
2026-09-07T03:04:20.3093085Z   duration_ms: 4.524011
2026-09-07T03:04:20.3093516Z   type: 'test'
2026-09-07T03:04:20.3093899Z   ...
2026-09-07T03:04:20.3094344Z # Subtest: unknown field rejects
2026-09-07T03:04:20.3095037Z ok 114 - unknown field rejects
2026-09-07T03:04:20.3095517Z   ---
2026-09-07T03:04:20.3095906Z   duration_ms: 1.825084
2026-09-07T03:04:20.3096328Z   type: 'test'
2026-09-07T03:04:20.3096714Z   ...
2026-09-07T03:04:20.3097163Z # Subtest: boolean as string rejects
2026-09-07T03:04:20.3097691Z ok 115 - boolean as string rejects
2026-09-07T03:04:20.3098147Z   ---
2026-09-07T03:04:20.3098529Z   duration_ms: 1.618589
2026-09-07T03:04:20.3098924Z   type: 'test'
2026-09-07T03:04:20.3100758Z   ...
2026-09-07T03:04:20.3101565Z # Subtest: number as string rejects
2026-09-07T03:04:20.3102121Z ok 116 - number as string rejects
2026-09-07T03:04:20.3102587Z   ---
2026-09-07T03:04:20.3103009Z   duration_ms: 1.359265
2026-09-07T03:04:20.3103440Z   type: 'test'
2026-09-07T03:04:20.3103808Z   ...
2026-09-07T03:04:20.3104273Z # Subtest: number as bool rejects
2026-09-07T03:04:20.3104804Z ok 117 - number as bool rejects
2026-09-07T03:04:20.3105433Z   ---
2026-09-07T03:04:20.3105823Z   duration_ms: 1.348336
2026-09-07T03:04:20.3106249Z   type: 'test'
2026-09-07T03:04:20.3106626Z   ...
2026-09-07T03:04:20.3107068Z # Subtest: duplicate keys rejects
2026-09-07T03:04:20.3107576Z ok 118 - duplicate keys rejects
2026-09-07T03:04:20.3108014Z   ---
2026-09-07T03:04:20.3108406Z   duration_ms: 2.431047
2026-09-07T03:04:20.3108837Z   type: 'test'
2026-09-07T03:04:20.3109229Z   ...
2026-09-07T03:04:20.3109635Z # Subtest: alias rejects
2026-09-07T03:04:20.3110097Z ok 119 - alias rejects
2026-09-07T03:04:20.3110502Z   ---
2026-09-07T03:04:20.3110899Z   duration_ms: 2.959763
2026-09-07T03:04:20.3111317Z   type: 'test'
2026-09-07T03:04:20.3111708Z   ...
2026-09-07T03:04:20.3112102Z # Subtest: tag rejects
2026-09-07T03:04:20.3112538Z ok 120 - tag rejects
2026-09-07T03:04:20.3112936Z   ---
2026-09-07T03:04:20.3113316Z   duration_ms: 2.433292
2026-09-07T03:04:20.3113758Z   type: 'test'
2026-09-07T03:04:20.3114137Z   ...
2026-09-07T03:04:20.3114546Z # Subtest: lossy form rejects
2026-09-07T03:04:20.3115201Z ok 121 - lossy form rejects
2026-09-07T03:04:20.3115624Z   ---
2026-09-07T03:04:20.3116004Z   duration_ms: 1.706764
2026-09-07T03:04:20.3116443Z   type: 'test'
2026-09-07T03:04:20.3116826Z   ...
2026-09-07T03:04:20.3117207Z # Subtest: hex rejects
2026-09-07T03:04:20.3117686Z ok 122 - hex rejects
2026-09-07T03:04:20.3118046Z   ---
2026-09-07T03:04:20.3118408Z   duration_ms: 1.388307
2026-09-07T03:04:20.3118801Z   type: 'test'
2026-09-07T03:04:20.3119138Z   ...
2026-09-07T03:04:20.3119575Z # Subtest: invalid enum rejects
2026-09-07T03:04:20.3120068Z ok 123 - invalid enum rejects
2026-09-07T03:04:20.3120485Z   ---
2026-09-07T03:04:20.3120811Z   duration_ms: 1.580236
2026-09-07T03:04:20.3121175Z   type: 'test'
2026-09-07T03:04:20.3121511Z   ...
2026-09-07T03:04:20.3121857Z # Subtest: merge key rejects
2026-09-07T03:04:20.3122272Z ok 124 - merge key rejects
2026-09-07T03:04:20.3123003Z   ---
2026-09-07T03:04:20.3123480Z   duration_ms: 2.776318
2026-09-07T03:04:20.3123932Z   type: 'test'
2026-09-07T03:04:20.3124315Z   ...
2026-09-07T03:04:20.3125094Z # Subtest: unknown schema, schema hash claim and invalid UTF8 reject
2026-09-07T03:04:20.3125962Z ok 125 - unknown schema, schema hash claim and invalid UTF8 reject
2026-09-07T03:04:20.3126467Z   ---
2026-09-07T03:04:20.3126797Z   duration_ms: 1.663096
2026-09-07T03:04:20.3127131Z   type: 'test'
2026-09-07T03:04:20.3127456Z   ...
2026-09-07T03:04:20.3128061Z # Subtest: identities cannot be mutated and repository binding changes semantics
2026-09-07T03:04:20.3128907Z ok 126 - identities cannot be mutated and repository binding changes semantics
2026-09-07T03:04:20.3129624Z   ---
2026-09-07T03:04:20.3130043Z   duration_ms: 3.920449
2026-09-07T03:04:20.3130528Z   type: 'test'
2026-09-07T03:04:20.3130966Z   ...
2026-09-07T03:04:20.3131723Z # Subtest: human comments and directives are unsupported instead of silently erased
2026-09-07T03:04:20.3132815Z ok 127 - human comments and directives are unsupported instead of silently erased
2026-09-07T03:04:20.3133526Z   ---
2026-09-07T03:04:20.3133990Z   duration_ms: 6.119424
2026-09-07T03:04:20.3134470Z   type: 'test'
2026-09-07T03:04:20.3135010Z   ...
2026-09-07T03:04:20.3135895Z # Subtest: a YAML mapping cannot impersonate the internal numeric domain representation
2026-09-07T03:04:20.3136979Z ok 128 - a YAML mapping cannot impersonate the internal numeric domain representation
2026-09-07T03:04:20.3137713Z   ---
2026-09-07T03:04:20.3138119Z   duration_ms: 1.752654
2026-09-07T03:04:20.3138572Z   type: 'test'
2026-09-07T03:04:20.3138982Z   ...
2026-09-07T03:04:20.3140031Z # Subtest: explicit default-handle TAG directives reject instead of inheriting implicit defaults
2026-09-07T03:04:20.3141218Z ok 129 - explicit default-handle TAG directives reject instead of inheriting implicit defaults
2026-09-07T03:04:20.3141979Z   ---
2026-09-07T03:04:20.3142394Z   duration_ms: 3.872144
2026-09-07T03:04:20.3142898Z   type: 'test'
2026-09-07T03:04:20.3143237Z   ...
2026-09-07T03:04:22.4256596Z # Subtest: journal appends exclusively and replay is deterministic local diagnostic
2026-09-07T03:04:22.4297673Z ok 130 - journal appends exclusively and replay is deterministic local diagnostic
2026-09-07T03:04:22.4345769Z   ---
2026-09-07T03:04:22.4405797Z   duration_ms: 90.485817
2026-09-07T03:04:22.4435728Z   type: 'test'
2026-09-07T03:04:22.4485564Z   ...
2026-09-07T03:04:22.4522428Z # Subtest: idempotency returns original event while changed inputs and stale CAS block
2026-09-07T03:04:22.4535970Z ok 131 - idempotency returns original event while changed inputs and stale CAS block
2026-09-07T03:04:22.4545548Z   ---
2026-09-07T03:04:22.4566250Z   duration_ms: 47.884041
2026-09-07T03:04:22.4585896Z   type: 'test'
2026-09-07T03:04:22.4605456Z   ...
2026-09-07T03:04:22.4606120Z # Subtest: replay rejects alter damage
2026-09-07T03:04:22.4625764Z ok 132 - replay rejects alter damage
2026-09-07T03:04:22.4645671Z   ---
2026-09-07T03:04:22.4665646Z   duration_ms: 129.371746
2026-09-07T03:04:22.4666251Z   type: 'test'
2026-09-07T03:04:22.4685681Z   ...
2026-09-07T03:04:22.4703945Z # Subtest: replay rejects omit damage
2026-09-07T03:04:22.4725655Z ok 133 - replay rejects omit damage
2026-09-07T03:04:22.4726401Z   ---
2026-09-07T03:04:22.4745621Z   duration_ms: 22.716876
2026-09-07T03:04:22.4765540Z   type: 'test'
2026-09-07T03:04:22.4775545Z   ...
2026-09-07T03:04:22.4785704Z # Subtest: replay rejects reorder damage
2026-09-07T03:04:22.4805877Z ok 134 - replay rejects reorder damage
2026-09-07T03:04:22.4825712Z   ---
2026-09-07T03:04:22.4845552Z   duration_ms: 86.333771
2026-09-07T03:04:22.4846075Z   type: 'test'
2026-09-07T03:04:22.4865690Z   ...
2026-09-07T03:04:22.4885762Z # Subtest: replay rejects partial damage
2026-09-07T03:04:22.4905681Z ok 135 - replay rejects partial damage
2026-09-07T03:04:22.4906344Z   ---
2026-09-07T03:04:22.4925731Z   duration_ms: 48.014197
2026-09-07T03:04:22.4945620Z   type: 'test'
2026-09-07T03:04:22.4965933Z   ...
2026-09-07T03:04:22.4966633Z # Subtest: replay rejects object damage
2026-09-07T03:04:22.4985825Z ok 136 - replay rejects object damage
2026-09-07T03:04:22.5004012Z   ---
2026-09-07T03:04:22.5025574Z   duration_ms: 72.816481
2026-09-07T03:04:22.5026198Z   type: 'test'
2026-09-07T03:04:22.5045644Z   ...
2026-09-07T03:04:22.5066117Z # Subtest: head index is reconstructed from complete log after interrupted publication
2026-09-07T03:04:22.5076044Z ok 137 - head index is reconstructed from complete log after interrupted publication
2026-09-07T03:04:22.5085540Z   ---
2026-09-07T03:04:22.5105614Z   duration_ms: 61.456788
2026-09-07T03:04:22.5125798Z   type: 'test'
2026-09-07T03:04:22.5145448Z   ...
2026-09-07T03:04:22.5146254Z # Subtest: exclusive existing object is verified before reuse
2026-09-07T03:04:22.5158973Z ok 138 - exclusive existing object is verified before reuse
2026-09-07T03:04:22.5159770Z   ---
2026-09-07T03:04:22.5160309Z   duration_ms: 21.270484
2026-09-07T03:04:22.5160924Z   type: 'test'
2026-09-07T03:04:22.5161439Z   ...
2026-09-07T03:04:22.5162224Z # Subtest: an existing ownership lock never expires into permission
2026-09-07T03:04:22.5163144Z ok 139 - an existing ownership lock never expires into permission
2026-09-07T03:04:22.5163811Z   ---
2026-09-07T03:04:22.5164269Z   duration_ms: 16.328895
2026-09-07T03:04:22.5164774Z   type: 'test'
2026-09-07T03:04:22.5165470Z   ...
2026-09-07T03:04:22.5166399Z # Subtest: signed latest checkpoint authenticates exact chain and stale signed prefix is rejected
2026-09-07T03:04:22.5167706Z ok 140 - signed latest checkpoint authenticates exact chain and stale signed prefix is rejected
2026-09-07T03:04:22.5168449Z   ---
2026-09-07T03:04:22.5169333Z   duration_ms: 70.957507
2026-09-07T03:04:22.5169817Z   type: 'test'
2026-09-07T03:04:22.5170225Z   ...
2026-09-07T03:04:22.5170971Z # Subtest: checkpoint rejects signature
2026-09-07T03:04:22.5171636Z ok 141 - checkpoint rejects signature
2026-09-07T03:04:22.5172142Z   ---
2026-09-07T03:04:22.5172558Z   duration_ms: 18.517543
2026-09-07T03:04:22.5173020Z   type: 'test'
2026-09-07T03:04:22.5173432Z   ...
2026-09-07T03:04:22.5173927Z # Subtest: checkpoint rejects repository
2026-09-07T03:04:22.5174544Z ok 142 - checkpoint rejects repository
2026-09-07T03:04:22.5175243Z   ---
2026-09-07T03:04:22.5195527Z   duration_ms: 43.723918
2026-09-07T03:04:22.5215500Z   type: 'test'
2026-09-07T03:04:22.5225555Z   ...
2026-09-07T03:04:22.5235633Z # Subtest: checkpoint rejects runtime
2026-09-07T03:04:22.5255841Z ok 143 - checkpoint rejects runtime
2026-09-07T03:04:22.5275653Z   ---
2026-09-07T03:04:22.5285528Z   duration_ms: 23.143305
2026-09-07T03:04:22.5295590Z   type: 'test'
2026-09-07T03:04:22.5315561Z   ...
2026-09-07T03:04:22.5335595Z # Subtest: checkpoint rejects kind
2026-09-07T03:04:22.5345736Z ok 144 - checkpoint rejects kind
2026-09-07T03:04:22.5355621Z   ---
2026-09-07T03:04:22.5375632Z   duration_ms: 21.905759
2026-09-07T03:04:22.5395635Z   type: 'test'
2026-09-07T03:04:22.5415535Z   ...
2026-09-07T03:04:22.5416221Z # Subtest: checkpoint rejects role
2026-09-07T03:04:22.5445597Z ok 145 - checkpoint rejects role
2026-09-07T03:04:22.5485509Z   ---
2026-09-07T03:04:22.5505605Z   duration_ms: 29.864529
2026-09-07T03:04:22.5506094Z   type: 'test'
2026-09-07T03:04:22.5506445Z   ...
2026-09-07T03:04:22.5506863Z # Subtest: checkpoint rejects head
2026-09-07T03:04:22.5507391Z ok 146 - checkpoint rejects head
2026-09-07T03:04:22.5507796Z   ---
2026-09-07T03:04:22.5508132Z   duration_ms: 20.444055
2026-09-07T03:04:22.5508521Z   type: 'test'
2026-09-07T03:04:22.5508842Z   ...
2026-09-07T03:04:22.5509227Z # Subtest: checkpoint rejects extra
2026-09-07T03:04:22.5509738Z ok 147 - checkpoint rejects extra
2026-09-07T03:04:22.5510161Z   ---
2026-09-07T03:04:22.5510481Z   duration_ms: 65.052673
2026-09-07T03:04:22.5510852Z   type: 'test'
2026-09-07T03:04:22.5511179Z   ...
2026-09-07T03:04:22.5511946Z # Subtest: witness is fetched on every strong replay; unavailable freshness does not fall back
2026-09-07T03:04:22.5513373Z ok 148 - witness is fetched on every strong replay; unavailable freshness does not fall back
2026-09-07T03:04:22.5514009Z   ---
2026-09-07T03:04:22.5514306Z   duration_ms: 46.8823
2026-09-07T03:04:22.5514643Z   type: 'test'
2026-09-07T03:04:22.5515098Z   ...
2026-09-07T03:04:22.5515866Z # Subtest: fresh mechanical run preserves terminal verdict, acceptance, lineage and objective budget
2026-09-07T03:04:22.5517008Z ok 149 - fresh mechanical run preserves terminal verdict, acceptance, lineage and objective budget
2026-09-07T03:04:22.5517687Z   ---
2026-09-07T03:04:22.5517995Z   duration_ms: 144.993955
2026-09-07T03:04:22.5518338Z   type: 'test'
2026-09-07T03:04:22.5518641Z   ...
2026-09-07T03:04:22.5519014Z # Subtest: fresh run rejects semantic
2026-09-07T03:04:22.5519597Z ok 150 - fresh run rejects semantic
2026-09-07T03:04:22.5535348Z   ---
2026-09-07T03:04:22.5555458Z   duration_ms: 15.16109
2026-09-07T03:04:22.5615696Z   type: 'test'
2026-09-07T03:04:22.5665625Z   ...
2026-09-07T03:04:22.5666181Z # Subtest: fresh run rejects missing
2026-09-07T03:04:22.5666795Z ok 151 - fresh run rejects missing
2026-09-07T03:04:22.5667275Z   ---
2026-09-07T03:04:22.5667601Z   duration_ms: 12.214291
2026-09-07T03:04:22.5668021Z   type: 'test'
2026-09-07T03:04:22.5668378Z   ...
2026-09-07T03:04:22.5668801Z # Subtest: fresh run rejects foreign
2026-09-07T03:04:22.5669302Z ok 152 - fresh run rejects foreign
2026-09-07T03:04:22.5669682Z   ---
2026-09-07T03:04:22.5669998Z   duration_ms: 15.404348
2026-09-07T03:04:22.5670358Z   type: 'test'
2026-09-07T03:04:22.5670683Z   ...
2026-09-07T03:04:22.5671120Z # Subtest: fresh run rejects stale-authority
2026-09-07T03:04:22.5671712Z ok 153 - fresh run rejects stale-authority
2026-09-07T03:04:22.5672511Z   ---
2026-09-07T03:04:22.5672802Z   duration_ms: 13.107873
2026-09-07T03:04:22.5673144Z   type: 'test'
2026-09-07T03:04:22.5673431Z   ...
2026-09-07T03:04:22.5673835Z # Subtest: fresh run rejects caller-summary
2026-09-07T03:04:22.5674363Z ok 154 - fresh run rejects caller-summary
2026-09-07T03:04:22.5674776Z   ---
2026-09-07T03:04:22.5675218Z   duration_ms: 21.304768
2026-09-07T03:04:22.5675572Z   type: 'test'
2026-09-07T03:04:22.5675866Z   ...
2026-09-07T03:04:22.5676554Z # Subtest: incomplete intent cannot be blindly repeated or resolved by candidate evidence
2026-09-07T03:04:22.5677567Z ok 155 - incomplete intent cannot be blindly repeated or resolved by candidate evidence
2026-09-07T03:04:22.5678176Z   ---
2026-09-07T03:04:22.5678474Z   duration_ms: 60.57719
2026-09-07T03:04:22.5678810Z   type: 'test'
2026-09-07T03:04:22.5679098Z   ...
2026-09-07T03:04:22.5679805Z # Subtest: closed event contract forbids caller actor, arbitrary PASS and budget configuration
2026-09-07T03:04:22.5680698Z ok 156 - closed event contract forbids caller actor, arbitrary PASS and budget configuration
2026-09-07T03:04:22.5681254Z   ---
2026-09-07T03:04:22.5681545Z   duration_ms: 18.959501
2026-09-07T03:04:22.5681884Z   type: 'test'
2026-09-07T03:04:22.5682172Z   ...
2026-09-07T03:04:22.5682920Z # Subtest: legacy bytes and receipts are retained without retroactive PASS and projection is read-only
2026-09-07T03:04:22.5684026Z ok 157 - legacy bytes and receipts are retained without retroactive PASS and projection is read-only
2026-09-07T03:04:22.5684668Z   ---
2026-09-07T03:04:22.5705425Z   duration_ms: 55.260748
2026-09-07T03:04:22.5705880Z   type: 'test'
2026-09-07T03:04:22.5706208Z   ...
2026-09-07T03:04:22.5725942Z # Subtest: adopted v2 marker blocks legacy direct writer before layer effects in source and scaffold
2026-09-07T03:04:22.5727118Z ok 158 - adopted v2 marker blocks legacy direct writer before layer effects in source and scaffold
2026-09-07T03:04:22.5727787Z   ---
2026-09-07T03:04:22.5728126Z   duration_ms: 10.91977
2026-09-07T03:04:22.5728473Z   type: 'test'
2026-09-07T03:04:22.5728780Z   ...
2026-09-07T03:04:22.5729347Z # Subtest: stale run cannot reserve against changed current workspace bytes
2026-09-07T03:04:22.5730101Z ok 159 - stale run cannot reserve against changed current workspace bytes
2026-09-07T03:04:22.5730921Z   ---
2026-09-07T03:04:22.5731206Z   duration_ms: 20.425875
2026-09-07T03:04:22.5731534Z   type: 'test'
2026-09-07T03:04:22.5731812Z   ...
2026-09-07T03:04:22.5732545Z # Subtest: witness publication uses host compare-and-append and verifies returned signed data
2026-09-07T03:04:22.5766426Z ok 160 - witness publication uses host compare-and-append and verifies returned signed data
2026-09-07T03:04:22.5767195Z   ---
2026-09-07T03:04:22.5767571Z   duration_ms: 51.573611
2026-09-07T03:04:22.5768036Z   type: 'test'
2026-09-07T03:04:22.5768366Z   ...
2026-09-07T03:04:22.5769146Z # Subtest: process crash after durable append retains intent and lock; scoped recovery repairs index
2026-09-07T03:04:22.5770344Z ok 161 - process crash after durable append retains intent and lock; scoped recovery repairs index
2026-09-07T03:04:22.5771076Z   ---
2026-09-07T03:04:22.5771463Z   duration_ms: 372.350041
2026-09-07T03:04:22.5771871Z   type: 'test'
2026-09-07T03:04:22.5772209Z   ...
2026-09-07T03:04:22.5773034Z # Subtest: recovery requires scoped approval and does not remove a live owner lock
2026-09-07T03:04:22.5773992Z ok 162 - recovery requires scoped approval and does not remove a live owner lock
2026-09-07T03:04:22.5825453Z   ---
2026-09-07T03:04:22.5870742Z   duration_ms: 14.98028
2026-09-07T03:04:22.5895489Z   type: 'test'
2026-09-07T03:04:22.5935425Z   ...
2026-09-07T03:04:23.0146777Z # Subtest: two real writers with one expected head publish at most one reservation
2026-09-07T03:04:23.0151392Z ok 163 - two real writers with one expected head publish at most one reservation
2026-09-07T03:04:23.0152013Z   ---
2026-09-07T03:04:23.0152368Z   duration_ms: 582.100105
2026-09-07T03:04:23.0153070Z   type: 'test'
2026-09-07T03:04:23.0153410Z   ...
2026-09-07T03:04:23.0154149Z # Subtest: terminal verdict cannot be rewritten and an earlier run cannot replace current lineage
2026-09-07T03:04:23.0155533Z ok 164 - terminal verdict cannot be rewritten and an earlier run cannot replace current lineage
2026-09-07T03:04:23.0156319Z   ---
2026-09-07T03:04:23.0156689Z   duration_ms: 55.521207
2026-09-07T03:04:23.0157578Z   type: 'test'
2026-09-07T03:04:23.0157934Z   ...
2026-09-07T03:04:25.4901611Z # Subtest: prepared capability rejects a changed frozen file named frozen.txt before effects or spending
2026-09-07T03:04:25.4908609Z ok 165 - prepared capability rejects a changed frozen file named frozen.txt before effects or spending
2026-09-07T03:04:25.4909617Z   ---
2026-09-07T03:04:25.4910080Z   duration_ms: 1100.75107
2026-09-07T03:04:25.4910559Z   type: 'test'
2026-09-07T03:04:25.4911015Z   ...
2026-09-07T03:04:25.4912045Z # Subtest: prepared capability rejects a changed frozen file named __proto__ before effects or spending
2026-09-07T03:04:25.4913463Z ok 166 - prepared capability rejects a changed frozen file named __proto__ before effects or spending
2026-09-07T03:04:25.4914310Z   ---
2026-09-07T03:04:25.4914704Z   duration_ms: 1070.698187
2026-09-07T03:04:25.4915424Z   type: 'test'
2026-09-07T03:04:25.4915837Z   ...
2026-09-07T03:04:26.2718659Z # Subtest: H08 missing release API is an observable unmet objective
2026-09-07T03:04:26.2719808Z ok 167 - H08 missing release API is an observable unmet objective
2026-09-07T03:04:26.2720529Z   ---
2026-09-07T03:04:26.2721095Z   duration_ms: 59.12499
2026-09-07T03:04:26.2721647Z   type: 'test'
2026-09-07T03:04:26.2722121Z   ...
2026-09-07T03:04:26.2739547Z # Subtest: HIST-11: green slice and merged PR continue through every obligation
2026-09-07T03:04:26.2740811Z ok 168 - HIST-11: green slice and merged PR continue through every obligation
2026-09-07T03:04:26.2741565Z   ---
2026-09-07T03:04:26.2742025Z   duration_ms: 10.671548
2026-09-07T03:04:26.2742522Z   type: 'test'
2026-09-07T03:04:26.2742990Z   ...
2026-09-07T03:04:26.2743721Z # Subtest: production simulation never becomes production certification
2026-09-07T03:04:26.2744662Z ok 169 - production simulation never becomes production certification
2026-09-07T03:04:26.2745492Z   ---
2026-09-07T03:04:26.2745911Z   duration_ms: 0.843808
2026-09-07T03:04:26.2746766Z   type: 'test'
2026-09-07T03:04:26.2747197Z   ...
2026-09-07T03:04:26.2747855Z # Subtest: wrong artifact binding cannot discharge integrated-verification
2026-09-07T03:04:26.2748855Z ok 170 - wrong artifact binding cannot discharge integrated-verification
2026-09-07T03:04:26.2749492Z   ---
2026-09-07T03:04:26.2749851Z   duration_ms: 0.800741
2026-09-07T03:04:26.2750248Z   type: 'test'
2026-09-07T03:04:26.2750654Z   ...
2026-09-07T03:04:26.2751198Z # Subtest: wrong artifact binding cannot discharge deployment
2026-09-07T03:04:26.2751927Z ok 171 - wrong artifact binding cannot discharge deployment
2026-09-07T03:04:26.2752494Z   ---
2026-09-07T03:04:26.2752895Z   duration_ms: 0.887907
2026-09-07T03:04:26.2753318Z   type: 'test'
2026-09-07T03:04:26.2753697Z   ...
2026-09-07T03:04:26.2754241Z # Subtest: wrong artifact binding cannot discharge smoke
2026-09-07T03:04:26.2755078Z ok 172 - wrong artifact binding cannot discharge smoke
2026-09-07T03:04:26.2755657Z   ---
2026-09-07T03:04:26.2756101Z   duration_ms: 0.976431
2026-09-07T03:04:26.2756576Z   type: 'test'
2026-09-07T03:04:26.2757014Z   ...
2026-09-07T03:04:26.2757675Z # Subtest: wrong artifact binding cannot discharge observability
2026-09-07T03:04:26.2758563Z ok 173 - wrong artifact binding cannot discharge observability
2026-09-07T03:04:26.2759186Z   ---
2026-09-07T03:04:26.2759595Z   duration_ms: 1.011299
2026-09-07T03:04:26.2760085Z   type: 'test'
2026-09-07T03:04:26.2760516Z   ...
2026-09-07T03:04:26.2761147Z # Subtest: deployment A cannot consume smoke B: deploymentId
2026-09-07T03:04:26.2762007Z ok 174 - deployment A cannot consume smoke B: deploymentId
2026-09-07T03:04:26.2762628Z   ---
2026-09-07T03:04:26.2763371Z   duration_ms: 1.592504
2026-09-07T03:04:26.2763847Z   type: 'test'
2026-09-07T03:04:26.2764283Z   ...
2026-09-07T03:04:26.2765064Z # Subtest: deployment A cannot consume smoke B: target
2026-09-07T03:04:26.2807534Z ok 175 - deployment A cannot consume smoke B: target
2026-09-07T03:04:26.2835678Z   ---
2026-09-07T03:04:26.2848410Z   duration_ms: 1.413824
2026-09-07T03:04:26.2857871Z   type: 'test'
2026-09-07T03:04:26.2858546Z   ...
2026-09-07T03:04:26.2859208Z # Subtest: deployment A cannot consume smoke B: commit
2026-09-07T03:04:26.2859929Z ok 176 - deployment A cannot consume smoke B: commit
2026-09-07T03:04:26.2860428Z   ---
2026-09-07T03:04:26.2860799Z   duration_ms: 1.362756
2026-09-07T03:04:26.2861227Z   type: 'test'
2026-09-07T03:04:26.2861609Z   ...
2026-09-07T03:04:26.2862363Z # Subtest: preview and successful model JSON cannot satisfy production receipts
2026-09-07T03:04:26.2863364Z ok 177 - preview and successful model JSON cannot satisfy production receipts
2026-09-07T03:04:26.2863974Z   ---
2026-09-07T03:04:26.2864355Z   duration_ms: 2.309505
2026-09-07T03:04:26.2864757Z   type: 'test'
2026-09-07T03:04:26.2865278Z   ...
2026-09-07T03:04:26.2866099Z # Subtest: functional smoke and observability require separate actual execution identities in the contract
2026-09-07T03:04:26.2867234Z ok 178 - functional smoke and observability require separate actual execution identities in the contract
2026-09-07T03:04:26.2868008Z   ---
2026-09-07T03:04:26.2868379Z   duration_ms: 0.857066
2026-09-07T03:04:26.2868791Z   type: 'test'
2026-09-07T03:04:26.2869173Z   ...
2026-09-07T03:04:26.2869836Z # Subtest: freshness expiration future dates and later failure prevent reuse
2026-09-07T03:04:26.2870756Z ok 179 - freshness expiration future dates and later failure prevent reuse
2026-09-07T03:04:26.2871381Z   ---
2026-09-07T03:04:26.2871760Z   duration_ms: 2.017524
2026-09-07T03:04:26.2872188Z   type: 'test'
2026-09-07T03:04:26.2872567Z   ...
2026-09-07T03:04:26.2873252Z # Subtest: merge requires revalidation after integration even on the same commit
2026-09-07T03:04:26.2874240Z ok 180 - merge requires revalidation after integration even on the same commit
2026-09-07T03:04:26.2875051Z   ---
2026-09-07T03:04:26.2875467Z   duration_ms: 1.220266
2026-09-07T03:04:26.2875895Z   type: 'test'
2026-09-07T03:04:26.2876263Z   ...
2026-09-07T03:04:26.2877355Z # Subtest: crash resume retains exact pending deployment key and refuses duplicate uncertain intent
2026-09-07T03:04:26.2878471Z ok 181 - crash resume retains exact pending deployment key and refuses duplicate uncertain intent
2026-09-07T03:04:26.2879207Z   ---
2026-09-07T03:04:26.2879598Z   duration_ms: 2.001902
2026-09-07T03:04:26.2880038Z   type: 'test'
2026-09-07T03:04:26.2880414Z   ...
2026-09-07T03:04:26.2881162Z # Subtest: deployment must reconcile matching prior approval and operation key
2026-09-07T03:04:26.2882146Z ok 182 - deployment must reconcile matching prior approval and operation key
2026-09-07T03:04:26.2882792Z   ---
2026-09-07T03:04:26.2883166Z   duration_ms: 1.605774
2026-09-07T03:04:26.2883601Z   type: 'test'
2026-09-07T03:04:26.2883981Z   ...
2026-09-07T03:04:26.2884720Z # Subtest: rollback invalidates current objective without deleting deployment history
2026-09-07T03:04:26.2885989Z ok 183 - rollback invalidates current objective without deleting deployment history
2026-09-07T03:04:26.2886702Z   ---
2026-09-07T03:04:26.2887090Z   duration_ms: 3.02798
2026-09-07T03:04:26.2887522Z   type: 'test'
2026-09-07T03:04:26.2887886Z   ...
2026-09-07T03:04:26.2888518Z # Subtest: external gate is exact and independent from deployment permission
2026-09-07T03:04:26.2889429Z ok 184 - external gate is exact and independent from deployment permission
2026-09-07T03:04:26.2890065Z   ---
2026-09-07T03:04:26.2890443Z   duration_ms: 2.325001
2026-09-07T03:04:26.2890871Z   type: 'test'
2026-09-07T03:04:26.2891250Z   ...
2026-09-07T03:04:26.2891986Z # Subtest: strict closed schemas reject unknown fields missing obligations and callbacks
2026-09-07T03:04:26.2893043Z ok 185 - strict closed schemas reject unknown fields missing obligations and callbacks
2026-09-07T03:04:26.2893987Z   ---
2026-09-07T03:04:26.2894350Z   duration_ms: 1.996298
2026-09-07T03:04:26.2894737Z   type: 'test'
2026-09-07T03:04:26.2895314Z   ...
2026-09-07T03:04:26.2896170Z # Subtest: e2e runtime: exact approved objective refuses production and preserves budget across reopen
2026-09-07T03:04:26.2897217Z ok 186 - e2e runtime: exact approved objective refuses production and preserves budget across reopen
2026-09-07T03:04:26.2897905Z   ---
2026-09-07T03:04:26.2898247Z   duration_ms: 89.503434
2026-09-07T03:04:26.2898664Z   type: 'test'
2026-09-07T03:04:26.2899062Z   ...
2026-09-07T03:04:26.2899895Z # Subtest: wrong artifact approval, bounded grant and expired deployment approval do not authorize deployment
2026-09-07T03:04:26.2901231Z ok 187 - wrong artifact approval, bounded grant and expired deployment approval do not authorize deployment
2026-09-07T03:04:26.2902027Z   ---
2026-09-07T03:04:26.2902390Z   duration_ms: 33.470658
2026-09-07T03:04:26.2902825Z   type: 'test'
2026-09-07T03:04:26.2903208Z   ...
2026-09-07T03:04:26.2903848Z # Subtest: forged stale serialized and cross-runtime handles cannot certify
2026-09-07T03:04:26.2906707Z ok 188 - forged stale serialized and cross-runtime handles cannot certify
2026-09-07T03:04:26.2908117Z   ---
2026-09-07T03:04:26.2908569Z   duration_ms: 64.164671
2026-09-07T03:04:26.2909069Z   type: 'test'
2026-09-07T03:04:26.2909495Z   ...
2026-09-07T03:04:26.2910265Z # Subtest: integrated commit change requires a newly scoped objective and revalidation
2026-09-07T03:04:26.2911355Z ok 189 - integrated commit change requires a newly scoped objective and revalidation
2026-09-07T03:04:26.2912078Z   ---
2026-09-07T03:04:26.2912489Z   duration_ms: 32.880489
2026-09-07T03:04:26.2912958Z   type: 'test'
2026-09-07T03:04:26.2913346Z   ...
2026-09-07T03:04:26.2914019Z # Subtest: objective wire requires exact acceptance and scope binding
2026-09-07T03:04:26.2915121Z ok 190 - objective wire requires exact acceptance and scope binding
2026-09-07T03:04:26.2915840Z   ---
2026-09-07T03:04:26.2916283Z   duration_ms: 32.082917
2026-09-07T03:04:26.2916769Z   type: 'test'
2026-09-07T03:04:26.2917179Z   ...
2026-09-07T03:04:26.2917909Z # Subtest: rollback permission is exact and cannot reuse deployment approval
2026-09-07T03:04:26.2919245Z ok 191 - rollback permission is exact and cannot reuse deployment approval
2026-09-07T03:04:26.2921358Z   ---
2026-09-07T03:04:26.2921792Z   duration_ms: 31.061652
2026-09-07T03:04:26.2922252Z   type: 'test'
2026-09-07T03:04:26.2922668Z   ...
2026-09-07T03:04:26.2923622Z # Subtest: e2e continuation budgets survive unavailable release work and scoped grants do not authorize deployment
2026-09-07T03:04:26.2925255Z ok 192 - e2e continuation budgets survive unavailable release work and scoped grants do not authorize deployment
2026-09-07T03:04:26.2926184Z   ---
2026-09-07T03:04:26.2926549Z   duration_ms: 94.834406
2026-09-07T03:04:26.2926916Z   type: 'test'
2026-09-07T03:04:26.2927275Z   ...
2026-09-07T03:04:56.8464187Z # Subtest: signed preflight freezes approved preference, isolated configuration and opaque ownership
2026-09-07T03:04:56.8486315Z ok 193 - signed preflight freezes approved preference, isolated configuration and opaque ownership
2026-09-07T03:04:56.8500151Z   ---
2026-09-07T03:04:56.8500734Z   duration_ms: 1353.940909
2026-09-07T03:04:56.8501191Z   type: 'test'
2026-09-07T03:04:56.8501544Z   ...
2026-09-07T03:04:56.8502213Z # Subtest: absent remote schema keeps exact model/effort/auth and local schema
2026-09-07T03:04:56.8503147Z ok 194 - absent remote schema keeps exact model/effort/auth and local schema
2026-09-07T03:04:56.8503735Z   ---
2026-09-07T03:04:56.8504086Z   duration_ms: 1190.044979
2026-09-07T03:04:56.8504499Z   type: 'test'
2026-09-07T03:04:56.8505034Z   ...
2026-09-07T03:04:56.8505647Z # Subtest: preflight blocks auth without catalog ranking guesses
2026-09-07T03:04:56.8506410Z ok 195 - preflight blocks auth without catalog ranking guesses
2026-09-07T03:04:56.8507392Z   ---
2026-09-07T03:04:56.8507790Z   duration_ms: 661.884332
2026-09-07T03:04:56.8508226Z   type: 'test'
2026-09-07T03:04:56.8508610Z   ...
2026-09-07T03:04:56.8509283Z # Subtest: preflight blocks cancelled without catalog ranking guesses
2026-09-07T03:04:56.8510155Z ok 196 - preflight blocks cancelled without catalog ranking guesses
2026-09-07T03:04:56.8510791Z   ---
2026-09-07T03:04:56.8511167Z   duration_ms: 686.972576
2026-09-07T03:04:56.8511591Z   type: 'test'
2026-09-07T03:04:56.8511957Z   ...
2026-09-07T03:04:56.8512606Z # Subtest: preflight blocks partial without catalog ranking guesses
2026-09-07T03:04:56.8513480Z ok 197 - preflight blocks partial without catalog ranking guesses
2026-09-07T03:04:56.8514089Z   ---
2026-09-07T03:04:56.8514446Z   duration_ms: 651.719882
2026-09-07T03:04:56.8515036Z   type: 'test'
2026-09-07T03:04:56.8515430Z   ...
2026-09-07T03:04:56.8516034Z # Subtest: preflight blocks unsupported without catalog ranking guesses
2026-09-07T03:04:56.8518401Z ok 198 - preflight blocks unsupported without catalog ranking guesses
2026-09-07T03:04:56.8524113Z   ---
2026-09-07T03:04:56.8524543Z   duration_ms: 659.567725
2026-09-07T03:04:56.8528196Z   type: 'test'
2026-09-07T03:04:56.8532408Z   ...
2026-09-07T03:04:56.8533126Z # Subtest: preflight blocks duplicates without catalog ranking guesses
2026-09-07T03:04:56.8534064Z ok 199 - preflight blocks duplicates without catalog ranking guesses
2026-09-07T03:04:56.8534702Z   ---
2026-09-07T03:04:56.8535287Z   duration_ms: 659.804481
2026-09-07T03:04:56.8535732Z   type: 'test'
2026-09-07T03:04:56.8536121Z   ...
2026-09-07T03:04:56.8536611Z # Subtest: changed binary blocks between rounds
2026-09-07T03:04:56.8537249Z ok 200 - changed binary blocks between rounds
2026-09-07T03:04:56.8537742Z   ---
2026-09-07T03:04:56.8538112Z   duration_ms: 920.809526
2026-09-07T03:04:56.8538523Z   type: 'test'
2026-09-07T03:04:56.8538879Z   ...
2026-09-07T03:04:56.8539351Z # Subtest: changed dependency blocks between rounds
2026-09-07T03:04:56.8540010Z ok 201 - changed dependency blocks between rounds
2026-09-07T03:04:56.8540491Z   ---
2026-09-07T03:04:56.8540854Z   duration_ms: 934.31936
2026-09-07T03:04:56.8541255Z   type: 'test'
2026-09-07T03:04:56.8541615Z   ...
2026-09-07T03:04:56.8542081Z # Subtest: changed protocol blocks between rounds
2026-09-07T03:04:56.8543078Z ok 202 - changed protocol blocks between rounds
2026-09-07T03:04:56.8543551Z   ---
2026-09-07T03:04:56.8543888Z   duration_ms: 934.090408
2026-09-07T03:04:56.8544300Z   type: 'test'
2026-09-07T03:04:56.8544649Z   ...
2026-09-07T03:04:56.8545455Z # Subtest: schema/bundle/config pins and approval freshness cannot change
2026-09-07T03:04:56.8546358Z ok 203 - schema/bundle/config pins and approval freshness cannot change
2026-09-07T03:04:56.8546944Z   ---
2026-09-07T03:04:56.8547324Z   duration_ms: 1390.624071
2026-09-07T03:04:56.8547738Z   type: 'test'
2026-09-07T03:04:56.8548103Z   ...
2026-09-07T03:04:56.8548958Z # Subtest: trusted shadow copies exact Git objects and modes without inherited config, hooks or credentials
2026-09-07T03:04:56.8550163Z ok 204 - trusted shadow copies exact Git objects and modes without inherited config, hooks or credentials
2026-09-07T03:04:56.8550916Z   ---
2026-09-07T03:04:56.8551266Z   duration_ms: 1020.910858
2026-09-07T03:04:56.8551661Z   type: 'test'
2026-09-07T03:04:56.8552010Z   ...
2026-09-07T03:04:56.8552442Z # Subtest: trusted shadow rejects symlink
2026-09-07T03:04:56.8553006Z ok 205 - trusted shadow rejects symlink
2026-09-07T03:04:56.8553451Z   ---
2026-09-07T03:04:56.8553804Z   duration_ms: 838.227896
2026-09-07T03:04:56.8554206Z   type: 'test'
2026-09-07T03:04:56.8554542Z   ...
2026-09-07T03:04:56.8555154Z # Subtest: trusted shadow rejects alternates
2026-09-07T03:04:56.8555721Z ok 206 - trusted shadow rejects alternates
2026-09-07T03:04:56.8556154Z   ---
2026-09-07T03:04:56.8556499Z   duration_ms: 786.912455
2026-09-07T03:04:56.8556896Z   type: 'test'
2026-09-07T03:04:56.8565322Z   ...
2026-09-07T03:04:56.8575589Z # Subtest: trusted shadow rejects dirty-primary
2026-09-07T03:04:56.8579873Z ok 207 - trusted shadow rejects dirty-primary
2026-09-07T03:04:56.8580423Z   ---
2026-09-07T03:04:56.8580813Z   duration_ms: 857.442618
2026-09-07T03:04:56.8581263Z   type: 'test'
2026-09-07T03:04:56.8581661Z   ...
2026-09-07T03:04:56.8582209Z # Subtest: trusted shadow rejects shadow-tamper
2026-09-07T03:04:56.8582892Z ok 208 - trusted shadow rejects shadow-tamper
2026-09-07T03:04:56.8583420Z   ---
2026-09-07T03:04:56.8583819Z   duration_ms: 1162.420478
2026-09-07T03:04:56.8584286Z   type: 'test'
2026-09-07T03:04:56.8584691Z   ...
2026-09-07T03:04:56.8585592Z # Subtest: prototype-shaped filename remains covered by primary manifest
2026-09-07T03:04:56.8586512Z ok 209 - prototype-shaped filename remains covered by primary manifest
2026-09-07T03:04:56.8587147Z   ---
2026-09-07T03:04:56.8587565Z   duration_ms: 1183.050786
2026-09-07T03:04:56.8588026Z   type: 'test'
2026-09-07T03:04:56.8588425Z   ...
2026-09-07T03:04:56.8589094Z # Subtest: prototype-shaped filename remains covered by shadow manifest
2026-09-07T03:04:56.8590021Z ok 210 - prototype-shaped filename remains covered by shadow manifest
2026-09-07T03:04:56.8590626Z   ---
2026-09-07T03:04:56.8591025Z   duration_ms: 1205.579742
2026-09-07T03:04:56.8591464Z   type: 'test'
2026-09-07T03:04:56.8591865Z   ...
2026-09-07T03:04:56.8592671Z # Subtest: e2e case 7: exact shadow stops before unavailable reviewer launch and budget spending
2026-09-07T03:04:56.8593803Z ok 211 - e2e case 7: exact shadow stops before unavailable reviewer launch and budget spending
2026-09-07T03:04:56.8594526Z   ---
2026-09-07T03:04:56.8595088Z   duration_ms: 2015.122997
2026-09-07T03:04:56.8595564Z   type: 'test'
2026-09-07T03:04:56.8595972Z   ...
2026-09-07T03:04:56.8596756Z # Subtest: e2e case 8: only closed local output validates; no fixture or PASS becomes acceptance
2026-09-07T03:04:56.8597884Z ok 212 - e2e case 8: only closed local output validates; no fixture or PASS becomes acceptance
2026-09-07T03:04:56.8598646Z   ---
2026-09-07T03:04:56.8599088Z   duration_ms: 1329.168346
2026-09-07T03:04:56.8599566Z   type: 'test'
2026-09-07T03:04:56.8599972Z   ...
2026-09-07T03:04:56.8600508Z # Subtest: local output fails closed for malformed
2026-09-07T03:04:56.8601153Z ok 213 - local output fails closed for malformed
2026-09-07T03:04:56.8601660Z   ---
2026-09-07T03:04:56.8602316Z   duration_ms: 1023.063585
2026-09-07T03:04:56.8602829Z   type: 'test'
2026-09-07T03:04:56.8603185Z   ...
2026-09-07T03:04:56.8603685Z # Subtest: local output fails closed for extra
2026-09-07T03:04:56.8604287Z ok 214 - local output fails closed for extra
2026-09-07T03:04:56.8604776Z   ---
2026-09-07T03:04:56.8605342Z   duration_ms: 1027.593923
2026-09-07T03:04:56.8605762Z   type: 'test'
2026-09-07T03:04:56.8606128Z   ...
2026-09-07T03:04:56.8606598Z # Subtest: local output fails closed for duplicate
2026-09-07T03:04:56.8607395Z ok 215 - local output fails closed for duplicate
2026-09-07T03:04:56.8625565Z   ---
2026-09-07T03:04:56.8645548Z   duration_ms: 1013.786896
2026-09-07T03:04:56.8665427Z   type: 'test'
2026-09-07T03:04:56.8685310Z   ...
2026-09-07T03:04:56.8685951Z # Subtest: local output fails closed for cancelled
2026-09-07T03:04:56.8692885Z ok 216 - local output fails closed for cancelled
2026-09-07T03:04:56.8693456Z   ---
2026-09-07T03:04:56.8693880Z   duration_ms: 1023.036087
2026-09-07T03:04:56.8694362Z   type: 'test'
2026-09-07T03:04:56.8694766Z   ...
2026-09-07T03:04:56.8695630Z # Subtest: local output fails closed for mismatch
2026-09-07T03:04:56.8696293Z ok 217 - local output fails closed for mismatch
2026-09-07T03:04:56.8696850Z   ---
2026-09-07T03:04:56.8697252Z   duration_ms: 1018.298096
2026-09-07T03:04:56.8697735Z   type: 'test'
2026-09-07T03:04:56.8698336Z   ...
2026-09-07T03:04:56.8698913Z # Subtest: local output fails closed for location
2026-09-07T03:04:56.8699598Z ok 218 - local output fails closed for location
2026-09-07T03:04:56.8700151Z   ---
2026-09-07T03:04:56.8700496Z   duration_ms: 1017.064926
2026-09-07T03:04:56.8700869Z   type: 'test'
2026-09-07T03:04:56.8701661Z   ...
2026-09-07T03:04:56.8702303Z # Subtest: local output fails closed for oversize
2026-09-07T03:04:56.8703076Z ok 219 - local output fails closed for oversize
2026-09-07T03:04:56.8703639Z   ---
2026-09-07T03:04:56.8704130Z   duration_ms: 1011.545604
2026-09-07T03:04:56.8704583Z   type: 'test'
2026-09-07T03:04:56.8705081Z   ...
2026-09-07T03:04:56.8707542Z # Subtest: e2e case 9: fabricated execution receipt cannot authorize independent review
2026-09-07T03:04:56.8708597Z ok 220 - e2e case 9: fabricated execution receipt cannot authorize independent review
2026-09-07T03:04:56.8709266Z   ---
2026-09-07T03:04:56.8709639Z   duration_ms: 2666.363915
2026-09-07T03:04:56.8710072Z   type: 'test'
2026-09-07T03:04:56.8710453Z   ...
2026-09-07T03:04:56.8896170Z 1..220
2026-09-07T03:04:56.8906782Z # tests 220
2026-09-07T03:04:56.8907225Z # suites 0
2026-09-07T03:04:56.8907661Z # pass 220
2026-09-07T03:04:56.8908106Z # fail 0
2026-09-07T03:04:56.8908484Z # cancelled 0
2026-09-07T03:04:56.8908893Z # skipped 0
2026-09-07T03:04:56.8909274Z # todo 0
2026-09-07T03:04:56.8909706Z # duration_ms 377247.214902
2026-09-07T03:04:56.9377978Z TAP version 13
2026-09-07T03:05:04.1556188Z # H09_METRICS {"scope":"installed local fixture only; not real human time saved","actualHumanPrompts":0,"fixtureSignatures":5,"fixtureSignaturesByKind":{"policy-adoption":1,"baseline-acceptance":1,"bounded-grant":3},"humanGateReasonCodes":{"HUMAN_REQUIRED":1},"availabilityStops":{"BLOCKED_BY_REQUIRED_CAPABILITY":2},"staleStops":1,"reusedContinuationGrants":1,"effectRuns":2,"freshRuns":3,"recoveryElapsedMs":1589.1778950000007,"budgetSpent":2,"authenticatedReviewReceipts":0,"productionCertifications":0}
2026-09-07T03:05:04.1871381Z # Subtest: installed local canary: canonical RED, fresh commits, reused grant, human gate, unavailable release and lossless rollback
2026-09-07T03:05:04.1897972Z ok 1 - installed local canary: canonical RED, fresh commits, reused grant, human gate, unavailable release and lossless rollback
2026-09-07T03:05:04.1936018Z   ---
2026-09-07T03:05:04.1936969Z   duration_ms: 7208.501605
2026-09-07T03:05:04.1937410Z   type: 'test'
2026-09-07T03:05:04.1938090Z   ...
2026-09-07T03:05:05.4635894Z # Subtest: explicit autonomy installation preserves v1 and root package bytes; rerun never merges a runtime
2026-09-07T03:05:05.4654392Z ok 2 - explicit autonomy installation preserves v1 and root package bytes; rerun never merges a runtime
2026-09-07T03:05:05.4673975Z   ---
2026-09-07T03:05:05.4680562Z   duration_ms: 725.571607
2026-09-07T03:05:05.4681533Z   type: 'test'
2026-09-07T03:05:05.4681930Z   ...
2026-09-07T03:05:05.4683020Z # Subtest: default remains legacy; dry-run and activation option do not write
2026-09-07T03:05:05.4684371Z ok 3 - default remains legacy; dry-run and activation option do not write
2026-09-07T03:05:05.4685586Z   ---
2026-09-07T03:05:05.4686063Z   duration_ms: 182.804676
2026-09-07T03:05:05.4686901Z   type: 'test'
2026-09-07T03:05:05.4687338Z   ...
2026-09-07T03:05:05.4688544Z # Subtest: autonomy diagnostics name missing dependencies and unimplemented positive capabilities
2026-09-07T03:05:05.4690286Z ok 4 - autonomy diagnostics name missing dependencies and unimplemented positive capabilities
2026-09-07T03:05:05.4691580Z   ---
2026-09-07T03:05:05.4692074Z   duration_ms: 296.015952
2026-09-07T03:05:05.4692988Z   type: 'test'
2026-09-07T03:05:05.4693484Z   ...
2026-09-07T03:05:05.4694710Z # Subtest: autonomy install refuses a symlinked scripts parent before writing outside the consumer
2026-09-07T03:05:05.4696369Z ok 5 - autonomy install refuses a symlinked scripts parent before writing outside the consumer
2026-09-07T03:05:05.4697388Z   ---
2026-09-07T03:05:05.4697769Z   duration_ms: 7.15481
2026-09-07T03:05:05.4700641Z   type: 'test'
2026-09-07T03:05:05.4701187Z   ...
2026-09-07T03:05:05.4739734Z 1..5
2026-09-07T03:05:05.4740265Z # tests 5
2026-09-07T03:05:05.4741206Z # suites 0
2026-09-07T03:05:05.4741693Z # pass 5
2026-09-07T03:05:05.4742083Z # fail 0
2026-09-07T03:05:05.4742961Z # cancelled 0
2026-09-07T03:05:05.4744220Z # skipped 0
2026-09-07T03:05:05.4744662Z # todo 0
2026-09-07T03:05:05.4746236Z # duration_ms 8551.518398
2026-09-07T03:05:05.4791517Z 
2026-09-07T03:05:05.4842711Z Gherkin pack — failure matrix
2026-09-07T03:05:05.4843035Z 
2026-09-07T03:05:05.5154361Z   ok   valid run passes (exit 0)
2026-09-07T03:05:05.5461566Z   ok   valid run passes with a matching --expect (exit 0)
2026-09-07T03:05:05.5780868Z   ok   zero execution blocks (exit 2)
2026-09-07T03:05:05.6077082Z   ok   executing fewer scenarios than declared blocks (exit 2)
2026-09-07T03:05:05.6400607Z   ok   FAILED blocks (exit 1)
2026-09-07T03:05:05.6716074Z   ok   UNDEFINED blocks (exit 1)
2026-09-07T03:05:05.7028321Z   ok   AMBIGUOUS blocks (exit 1)
2026-09-07T03:05:05.7340229Z   ok   PENDING blocks (exit 1)
2026-09-07T03:05:05.7620291Z   ok   SKIPPED blocks (exit 1)
2026-09-07T03:05:05.7906765Z   ok   duplicate scenario id blocks (exit 1)
2026-09-07T03:05:05.8190826Z   ok   malformed report blocks (exit 3)
2026-09-07T03:05:05.8506464Z   ok   truncated report blocks (exit 3)
2026-09-07T03:05:05.8814472Z   ok   missing report blocks (exit 3)
2026-09-07T03:05:05.9089256Z   ok   --expect rejects a non-numeric argument (exit 64)
2026-09-07T03:05:05.9432346Z   ok   validator runs inside a "type": "module" repo
2026-09-07T03:05:05.9433304Z 
2026-09-07T03:05:05.9434489Z ────────────────────────────────────────
2026-09-07T03:05:05.9435186Z 15 passed, 0 failed
2026-09-07T03:05:05.9435707Z Every failure mode blocks.
2026-09-07T03:05:05.9449975Z 
2026-09-07T03:05:05.9599718Z verify-pack: k6 k6 v2.1.0 (commit/83a87a41e2, go1.26.4, linux/amd64)
2026-09-07T03:05:05.9605634Z 
2026-09-07T03:05:05.9606017Z 1. sintaxis
2026-09-07T03:05:05.9616086Z   ok   bin/perf-check es bash válido
2026-09-07T03:05:05.9639105Z   ok   bin/perf-check no anula códigos de salida
2026-09-07T03:05:06.1673460Z   ok   los scripts de k6 son JS válido
2026-09-07T03:05:06.2513883Z fixture-server healthy owned-pid=30909 port=43713 work=/tmp/tmp.0XoK2to3uP
2026-09-07T03:05:06.3096763Z fixture-server redirect-login owned-pid=30914 port=40705 work=/tmp/tmp.0XoK2to3uP
2026-09-07T03:05:06.3680714Z fixture-server login-200 owned-pid=30919 port=42507 work=/tmp/tmp.0XoK2to3uP
2026-09-07T03:05:06.4470505Z fixture-server slow owned-pid=30924 port=36883 work=/tmp/tmp.0XoK2to3uP
2026-09-07T03:05:06.5060954Z fixture-server unauthorized owned-pid=30929 port=45443 work=/tmp/tmp.0XoK2to3uP
2026-09-07T03:05:06.5848957Z fixture-server shell owned-pid=30934 port=37891 work=/tmp/tmp.0XoK2to3uP
2026-09-07T03:05:06.5855612Z 
2026-09-07T03:05:06.5856207Z 2. la compuerta aprueba cuando debe
2026-09-07T03:05:06.8226367Z   ok   app sana con marcador aprueba
2026-09-07T03:05:06.8235702Z 
2026-09-07T03:05:06.8236386Z 3. la compuerta bloquea el falso verde
2026-09-07T03:05:06.8766639Z   ok   redirección a pantalla de autenticación
2026-09-07T03:05:06.9300247Z   ok   200 sin el marcador de la aplicación
2026-09-07T03:05:06.9809284Z   ok   objetivo autenticado sin marcador declarado
2026-09-07T03:05:07.0336990Z   ok   credencial rechazada con 401
2026-09-07T03:05:07.0730939Z   ok   credencial ausente para el modo declarado
2026-09-07T03:05:07.0776294Z   ok   PERF_TARGET sin definir
2026-09-07T03:05:07.0777035Z 
2026-09-07T03:05:07.0777631Z 4. la compuerta bloquea por umbral y por deriva
2026-09-07T03:05:09.3796573Z   ok   umbral de latencia incumplido
2026-09-07T03:05:11.9561558Z   ok   degradación frente a la línea base
2026-09-07T03:05:11.9572305Z 
2026-09-07T03:05:11.9573451Z 5. la compuerta bloquea un script roto
2026-09-07T03:05:12.1692435Z   ok   error de runtime en el script no aprueba
2026-09-07T03:05:12.1707574Z 
2026-09-07T03:05:12.1708077Z 6. la compuerta bloquea sin evidencia
2026-09-07T03:05:12.2299870Z   ok   corrida sin resumen no aprueba
2026-09-07T03:05:12.2316126Z 
2026-09-07T03:05:12.2317273Z 7. el instalador instala y no pisa
2026-09-07T03:05:12.2474369Z   ok   --dry-run no crea archivos
2026-09-07T03:05:12.2487481Z   ok   --dry-run describe lo que haría
2026-09-07T03:05:12.2756582Z   ok   instala los escenarios de k6
2026-09-07T03:05:12.2757937Z   ok   instala el verificador ejecutable
2026-09-07T03:05:12.2759151Z   ok   instala el resolvedor de objetivo
2026-09-07T03:05:12.2759721Z   ok   instala el flujo de CI
2026-09-07T03:05:12.2770193Z   ok   ignora .env.perf
2026-09-07T03:05:12.2782931Z   ok   ignora el directorio de resultados
2026-09-07T03:05:12.2795392Z   ok   no ignora la línea base
2026-09-07T03:05:12.2930756Z   ok   segunda corrida no duplica .gitignore
2026-09-07T03:05:12.2943792Z   ok   segunda corrida no pisa sin --force
2026-09-07T03:05:12.2957250Z   ok   sin remoto, informa que omite CI
2026-09-07T03:05:12.3337895Z   ok   detecta el stack Next.js
2026-09-07T03:05:12.3351282Z   ok   las rutas no conservan page.tsx
2026-09-07T03:05:12.3362358Z   ok   detecta una ruta anidada limpia
2026-09-07T03:05:12.3374705Z   ok   excluye rutas con segmento dinámico
2026-09-07T03:05:12.3387462Z   ok   sólo un id numérico cuenta como regla existente
2026-09-07T03:05:12.3399292Z   ok   el límite de plan se reporta de forma específica
2026-09-07T03:05:12.3523668Z   ok   el instalador sale 0 cuando no configura CI
2026-09-07T03:05:12.3536918Z   ok   no usa set -e (un fallo de gh no debe matar la instalación)
2026-09-07T03:05:12.3575622Z   ok   la rama del límite de plan no aborta
2026-09-07T03:05:12.3576324Z 
2026-09-07T03:05:12.3577311Z 8. el resolvedor distingue 'sin despliegue' de 'error'
2026-09-07T03:05:12.3596004Z   ok   sin sha devuelve error de uso (2)
2026-09-07T03:05:12.3614803Z   ok   sin repositorio devuelve error de uso (2)
2026-09-07T03:05:12.5141960Z   omit commit sin despliegue: salida vacía — requiere gh autenticado
2026-09-07T03:05:12.5143730Z   omit commit sin despliegue: no es un error de rendimiento — requiere gh autenticado
2026-09-07T03:05:12.5144516Z 
2026-09-07T03:05:12.5145335Z 9. el flujo de CI no puede bloquear un pull request para siempre
2026-09-07T03:05:12.5159116Z   ok   el flujo se dispara con pull_request
2026-09-07T03:05:12.5173573Z   ok   no depende de deployment_status
2026-09-07T03:05:12.5189219Z   ok   hay una rama explícita para 'sin despliegue'
2026-09-07T03:05:12.5203779Z   ok   el paso de medición sólo corre con objetivo
2026-09-07T03:05:12.5230344Z   ok   no hay continue-on-error en el flujo
2026-09-07T03:05:12.5877063Z   ok   el YAML es válido y declara los dos trabajos
2026-09-07T03:05:12.5878060Z 
2026-09-07T03:05:12.5878436Z 10. la sesión de usuario final (Supabase)
2026-09-07T03:05:12.6264571Z   ok   sin credenciales no mide
2026-09-07T03:05:12.6289722Z   ok   nombra cada variable que falta
2026-09-07T03:05:12.6754176Z   ok   la cookie es base64url sin relleno y se decodifica a JSON
2026-09-07T03:05:12.6772399Z   ok   el ejemplo advierte sobre entrecomillar valores con espacios
2026-09-07T03:05:12.6786966Z   ok   el ejemplo documenta el modo supabase
2026-09-07T03:05:12.6787617Z 
2026-09-07T03:05:12.6788132Z 11. el sondeo distingue lo medible de lo que no lo es
2026-09-07T03:05:12.7161920Z   ok   clasifica una página con contenido como medible
2026-09-07T03:05:12.7179839Z   ok   una página mínima NO se confunde con un armazón
2026-09-07T03:05:12.7546903Z   ok   detecta un armazón que hidrata en el cliente
2026-09-07T03:05:12.7564984Z   ok   no propone medir el armazón
2026-09-07T03:05:12.7921943Z   ok   detecta que una ruta exige sesión
2026-09-07T03:05:12.7934653Z   ok   avisa cuántas rutas exigen sesión
2026-09-07T03:05:12.7989745Z   ok   sin url devuelve error de uso (2)
2026-09-07T03:05:12.7990359Z 
2026-09-07T03:05:12.7991032Z ────────────────────────────────────────
2026-09-07T03:05:12.8014163Z 55 correctos, 0 fallidos, 2 omitidos
2026-09-07T03:05:12.8015503Z   omitido: commit sin despliegue: salida vacía — requiere gh autenticado
2026-09-07T03:05:12.8016636Z   omitido: commit sin despliegue: no es un error de rendimiento — requiere gh autenticado
2026-09-07T03:05:12.8017474Z verify-pack: el pack se comporta como se documenta.
2026-09-07T03:05:12.8055364Z 
2026-09-07T03:05:12.8104053Z Sentry pack — failure matrix
2026-09-07T03:05:12.8104549Z 
2026-09-07T03:05:12.8172775Z   ok   a complete configuration passes preflight (exit 0)
2026-09-07T03:05:12.8210736Z   ok   an absent DSN blocks (exit 1)
2026-09-07T03:05:12.8249615Z   ok   a malformed DSN blocks (exit 1)
2026-09-07T03:05:12.8288776Z   ok   a non-numeric project id blocks (exit 1)
2026-09-07T03:05:12.8360951Z   ok   the placeholder DSN from the docs blocks (exit 1)
2026-09-07T03:05:12.8428542Z   ok   a sample rate of 0 blocks (exit 1)
2026-09-07T03:05:12.8499902Z   ok   a non-numeric sample rate blocks (exit 1)
2026-09-07T03:05:12.8565144Z   ok   tracing left at the default 0 blocks (exit 1)
2026-09-07T03:05:12.8634790Z   ok   tracing off passes once acknowledged out loud (exit 0)
2026-09-07T03:05:12.8700332Z   ok   an unset environment blocks (exit 1)
2026-09-07T03:05:12.8769022Z   ok   sendDefaultPii on without acknowledgement blocks (exit 1)
2026-09-07T03:05:12.8840818Z   ok   sendDefaultPii on passes once acknowledged out loud (exit 0)
2026-09-07T03:05:12.8917264Z   ok   instrumentation.ts without onRequestError blocks (exit 1)
2026-09-07T03:05:12.8999021Z   ok   instrumentation.ts with onRequestError passes (exit 0)
2026-09-07T03:05:12.9237446Z   ok   an ingest endpoint that refuses the event blocks (exit 1)
2026-09-07T03:05:12.9372041Z   ok   an event accepted but never stored blocks as UNCONFIRMED (exit 2)
2026-09-07T03:05:12.9503371Z   ok   an event that comes back with its own marker passes (exit 0)
2026-09-07T03:05:12.9630709Z   ok   an issue list without this run's marker blocks (exit 2)
2026-09-07T03:05:12.9744650Z   ok   a non-JSON response blocks (exit 3)
2026-09-07T03:05:12.9801455Z   ok   a canary without SENTRY_ORG blocks instead of skipping (exit 3)
2026-09-07T03:05:12.9840258Z   ok   a canary without an auth token blocks instead of skipping (exit 3)
2026-09-07T03:05:12.9892356Z   ok   a release that does not exist blocks (exit 1)
2026-09-07T03:05:12.9972550Z   ok   a release with no uploaded files blocks (exit 1)
2026-09-07T03:05:13.0065698Z   ok   a release with files but no source map blocks (exit 1)
2026-09-07T03:05:13.0159605Z   ok   a release with source maps but no commit data blocks (exit 1)
2026-09-07T03:05:13.0278709Z   ok   a release with zero associated commits blocks (exit 1)
2026-09-07T03:05:13.0433150Z   ok   a release with source maps and commits passes (exit 0)
2026-09-07T03:05:13.0486731Z   ok   a release with no health data blocks (exit 1)
2026-09-07T03:05:13.0578279Z   ok   a crash-free rate below the floor blocks (exit 1)
2026-09-07T03:05:13.0671455Z   ok   a crash-free rate above the floor passes (exit 0)
2026-09-07T03:05:13.0792138Z   ok   a response with no crash-free rate blocks as unreadable (exit 3)
2026-09-07T03:05:13.0844781Z   ok   a monitor that does not exist blocks (exit 1)
2026-09-07T03:05:13.0993893Z   ok   a missed cron check-in blocks (exit 1)
2026-09-07T03:05:13.1146501Z   ok   a muted monitor blocks (exit 1)
2026-09-07T03:05:13.1303301Z   ok   a healthy monitor passes (exit 0)
2026-09-07T03:05:13.1356442Z   ok   an unreachable issues API blocks instead of reporting silence (exit 3)
2026-09-07T03:05:13.1457914Z   ok   an empty issue list is a genuine pass (exit 0)
2026-09-07T03:05:13.1606048Z   ok   unresolved issues are reported without failing the run (exit 0)
2026-09-07T03:05:13.1643439Z   ok   an unknown command is a usage error (exit 64)
2026-09-07T03:05:13.1681759Z   ok   release without a version is a usage error (exit 64)
2026-09-07T03:05:13.1711890Z   ok   a job runs and its success survives the wrapper (exit 0)
2026-09-07T03:05:13.1737020Z   ok   a failing job keeps its exit code (exit 1)
2026-09-07T03:05:13.1772683Z   ok   an unusual exit code is preserved, not flattened (exit 42)
2026-09-07T03:05:13.1801015Z   ok   a missing -- separator is a usage error (exit 64)
2026-09-07T03:05:13.1837601Z   ok   the job still runs when there is no DSN to report to
2026-09-07T03:05:13.1909791Z   ok   an unreachable API blocks instead of reporting nothing to do (exit 3)
2026-09-07T03:05:13.1983453Z   ok   an empty project is a clean pass (exit 0)
2026-09-07T03:05:13.2188228Z   ok   a dry run exits clean (exit 0)
2026-09-07T03:05:13.2200143Z   ok   a dry run creates nothing (no 'issue create' reached gh)
2026-09-07T03:05:13.2421288Z   ok   --apply exits clean (exit 0)
2026-09-07T03:05:13.2434730Z   ok   --apply opens exactly one issue per unresolved Sentry issue
2026-09-07T03:05:13.2616142Z   ok   a second run over tracked issues exits clean (exit 0)
2026-09-07T03:05:13.2627151Z   ok   issues already tracked are never opened twice
2026-09-07T03:05:13.2850552Z   ok   a GitHub failure is reported, not swallowed (exit 1)
2026-09-07T03:05:13.2875983Z   ok   an unknown flag is a usage error (exit 64)
2026-09-07T03:05:13.3029154Z   ok   a disabled monitor blocks even when a nested environment reads ok (exit 1)
2026-09-07T03:05:13.3180422Z   ok   an active monitor passes even when a nested environment reads error (exit 0)
2026-09-07T03:05:13.3334300Z   ok   a muted monitor blocks even when a nested flag reads false (exit 1)
2026-09-07T03:05:13.3509129Z   ok   commits are counted once each, not once per nested author id
2026-09-07T03:05:13.3605248Z   ok   a nested crash-free rate below the floor still blocks (exit 1)
2026-09-07T03:05:13.3619633Z   ok   the gate exposes canary_event_id
2026-09-07T03:05:13.3675203Z   ok   the event id is 32 characters
2026-09-07T03:05:13.3676173Z   ok   the event id is hexadecimal
2026-09-07T03:05:13.3677160Z   ok   two canaries never share an event id
2026-09-07T03:05:13.3800756Z   ok   the ingest URL is recorded for inspection
2026-09-07T03:05:13.3801825Z   ok   the ingest URL carries the DSN host
2026-09-07T03:05:13.3802851Z   ok   the ingest URL carries the project id
2026-09-07T03:05:13.3803491Z   ok   the ingest URL is not the empty-host shape
2026-09-07T03:05:13.3803907Z 
2026-09-07T03:05:13.3804602Z ────────────────────────────────────────
2026-09-07T03:05:13.3805724Z 68 passed, 0 failed
2026-09-07T03:05:13.3806281Z Every failure mode blocks.
2026-09-07T03:05:13.3826542Z make[1]: Leaving directory '/home/runner/work/harness-kit/harness-kit/head'
2026-09-07T03:05:13.3880319Z ##[group]Run set -uo pipefail
2026-09-07T03:05:13.3880627Z [36;1mset -uo pipefail[0m
2026-09-07T03:05:13.3881033Z [36;1mchecker="$GITHUB_WORKSPACE/base/.harness/protected-judge/v1/scripts/verify-claims.sh"[0m
2026-09-07T03:05:13.3881476Z [36;1mif [ ! -f "$checker" ]; then[0m
2026-09-07T03:05:13.3881898Z [36;1m  printf '%s\n' 'NOT_EXECUTED: protected claim checker is missing from the base branch' >&2[0m
2026-09-07T03:05:13.3882354Z [36;1m  printf 'claims_exit=126\n' >> "$GITHUB_OUTPUT"[0m
2026-09-07T03:05:13.3882648Z [36;1m  exit 126[0m
2026-09-07T03:05:13.3882860Z [36;1mfi[0m
2026-09-07T03:05:13.3883086Z [36;1mcd "$GITHUB_WORKSPACE/head"[0m
2026-09-07T03:05:13.3883336Z [36;1mset +e[0m
2026-09-07T03:05:13.3883624Z [36;1mHARNESS_TARGET_ROOT="$GITHUB_WORKSPACE/head" bash "$checker"[0m
2026-09-07T03:05:13.3883968Z [36;1mclaims_exit=$?[0m
2026-09-07T03:05:13.3884189Z [36;1mset -e[0m
2026-09-07T03:05:13.3884517Z [36;1mprintf 'claims_exit=%s\n' "$claims_exit" >> "$GITHUB_OUTPUT"[0m
2026-09-07T03:05:13.3885143Z [36;1m[ "$claims_exit" -eq 0 ] || exit "$claims_exit"[0m
2026-09-07T03:05:13.3885474Z [36;1m: > "$RUNNER_TEMP/claims-observed-zero"[0m
2026-09-07T03:05:13.3908871Z shell: /usr/bin/bash --noprofile --norc -e -o pipefail {0}
2026-09-07T03:05:13.3909246Z env:
2026-09-07T03:05:13.3909758Z   CLAIMS_BASE_FILE: /home/runner/work/harness-kit/harness-kit/base/.harness/protected-judge/v1/feature_list.json
2026-09-07T03:05:13.3910345Z ##[endgroup]
2026-09-07T03:05:13.4519141Z Re-verifying claimed features
2026-09-07T03:05:13.4547120Z 
2026-09-07T03:05:13.4548333Z ── F01
2026-09-07T03:05:13.4618266Z   ok   static
2026-09-07T03:05:14.3457231Z   ok   runtime
2026-09-07T03:05:14.3495632Z 
2026-09-07T03:05:14.3516778Z ── F02
2026-09-07T03:05:14.3579326Z   ok   static
2026-09-07T03:06:07.1074633Z   ok   runtime
2026-09-07T03:06:07.1115038Z 
2026-09-07T03:06:07.1116224Z ── F03
2026-09-07T03:06:07.1179815Z   ok   static
2026-09-07T03:06:59.8813076Z   ok   runtime
2026-09-07T03:06:59.8850564Z 
2026-09-07T03:06:59.8854210Z ── F04
2026-09-07T03:07:52.2712890Z   ok   runtime
2026-09-07T03:07:52.2768108Z 
2026-09-07T03:07:52.2769008Z ── F05
2026-09-07T03:07:53.0474022Z   ok   runtime
2026-09-07T03:07:53.0501002Z 
2026-09-07T03:07:53.0502220Z ── F06
2026-09-07T03:07:53.0559206Z   ok   static
2026-09-07T03:07:59.7636667Z   ok   e2e
2026-09-07T03:07:59.7666923Z 
2026-09-07T03:07:59.7677152Z ── F07
2026-09-07T03:07:59.7739853Z   ok   static
2026-09-07T03:08:06.5347770Z   ok   e2e
2026-09-07T03:08:06.5377283Z 
2026-09-07T03:08:06.5378236Z ── F08
2026-09-07T03:08:06.5678479Z   ok   static
2026-09-07T03:08:13.3693029Z   ok   e2e
2026-09-07T03:08:13.3720637Z 
2026-09-07T03:08:13.3721741Z ── F10
2026-09-07T03:08:13.3783207Z   ok   static
2026-09-07T03:09:06.6696779Z   ok   suite
2026-09-07T03:09:06.6731931Z 
2026-09-07T03:09:06.6735228Z ── F11
2026-09-07T03:09:06.6794204Z   ok   pinned
2026-09-07T03:09:06.7019418Z   ok   payloads
2026-09-07T03:09:06.7073120Z   ok   static
2026-09-07T03:09:06.7101317Z 
2026-09-07T03:09:06.7102480Z ── F12
2026-09-07T03:09:07.1612531Z   ok   matrix
2026-09-07T03:09:07.1644020Z 
2026-09-07T03:09:07.1645392Z ── F13
2026-09-07T03:09:07.1703988Z   ok   static
2026-09-07T03:09:59.6926621Z   ok   suite
2026-09-07T03:09:59.6967075Z 
2026-09-07T03:09:59.6967961Z ── F14
2026-09-07T03:09:59.7042002Z   ok   static
2026-09-07T03:10:51.9432442Z   ok   suite
2026-09-07T03:10:51.9469614Z 
2026-09-07T03:10:51.9475945Z ── F15
2026-09-07T03:10:51.9575505Z   ok   static
2026-09-07T03:10:54.3128611Z   ok   runtime
2026-09-07T03:11:45.9961396Z   ok   e2e
2026-09-07T03:11:46.0010460Z 
2026-09-07T03:11:46.0016260Z ── F16
2026-09-07T03:11:49.8763893Z   ok   static
2026-09-07T03:12:12.8816236Z   ok   runtime
2026-09-07T03:13:04.6516090Z   ok   e2e
2026-09-07T03:13:04.6555774Z 
2026-09-07T03:13:04.6565826Z ── F17
2026-09-07T03:13:09.1762164Z   ok   static
2026-09-07T03:13:10.0477385Z   ok   runtime
2026-09-07T03:13:10.4913195Z   ok   e2e
2026-09-07T03:13:10.4948730Z 
2026-09-07T03:13:10.4950921Z ── F18
2026-09-07T03:13:14.3704776Z   ok   static
2026-09-07T03:13:15.7260332Z   ok   runtime
2026-09-07T03:13:17.3595554Z   ok   e2e
2026-09-07T03:13:17.3624489Z 
2026-09-07T03:13:17.3626302Z ── F19
2026-09-07T03:13:21.9461098Z   ok   static
2026-09-07T03:13:49.3036125Z   ok   runtime
2026-09-07T03:13:56.2132687Z   ok   e2e
2026-09-07T03:13:56.2165087Z 
2026-09-07T03:13:56.2166091Z ── F20
2026-09-07T03:14:00.3160390Z   ok   static
2026-09-07T03:14:08.9289170Z   ok   runtime
2026-09-07T03:14:14.3824249Z   ok   e2e
2026-09-07T03:14:14.3854463Z 
2026-09-07T03:14:14.3855958Z ── F21
2026-09-07T03:14:18.5498030Z   ok   static
2026-09-07T03:14:43.2376952Z   ok   runtime
2026-09-07T03:14:49.6169527Z   ok   e2e
2026-09-07T03:14:49.6201145Z 
2026-09-07T03:14:49.6202231Z ── F22
2026-09-07T03:14:53.5691549Z   ok   static
2026-09-07T03:14:54.2279233Z   ok   runtime
2026-09-07T03:14:54.7989141Z   ok   e2e
2026-09-07T03:14:54.8021690Z 
2026-09-07T03:14:54.8022589Z ── F23
2026-09-07T03:14:59.3648706Z   ok   static
2026-09-07T03:15:00.4551802Z   ok   runtime
2026-09-07T03:15:07.6053156Z   ok   e2e
2026-09-07T03:15:07.6085323Z 
2026-09-07T03:15:07.6086296Z ── F24
2026-09-07T03:15:12.1992273Z   ok   static
2026-09-07T03:16:09.7752404Z   ok   runtime
2026-09-07T03:18:15.1257929Z   ok   e2e
2026-09-07T03:18:15.1286945Z 
2026-09-07T03:18:15.1288097Z ── F26
2026-09-07T03:18:15.2401568Z   ok   static
2026-09-07T03:18:45.3359386Z   ok   runtime
2026-09-07T03:18:53.0341483Z   FAIL e2e  $ python3 -I tests/consumer-distribution.test.py -k ConsumerEndToEnd
2026-09-07T03:18:53.0345693Z   last output:
2026-09-07T03:18:53.0372327Z         _rmtree(name, onexc=onexc)
2026-09-07T03:18:53.0373200Z       File "/usr/lib/python3.12/shutil.py", line 785, in rmtree
2026-09-07T03:18:53.0374088Z         _rmtree_safe_fd(fd, path, onexc)
2026-09-07T03:18:53.0375625Z       File "/usr/lib/python3.12/shutil.py", line 686, in _rmtree_safe_fd
2026-09-07T03:18:53.0376557Z         _rmtree_safe_fd(dirfd, fullname, onexc)
2026-09-07T03:18:53.0377315Z       File "/usr/lib/python3.12/shutil.py", line 697, in _rmtree_safe_fd
2026-09-07T03:18:53.0378520Z         onexc(os.rmdir, fullname, err)
2026-09-07T03:18:53.0379260Z       File "/usr/lib/python3.12/shutil.py", line 695, in _rmtree_safe_fd
2026-09-07T03:18:53.0380089Z         os.rmdir(entry.name, dir_fd=topfd)
2026-09-07T03:18:53.0380786Z     OSError: [Errno 39] Directory not empty: '.git'
2026-09-07T03:18:53.0381522Z     
2026-09-07T03:18:53.0382104Z     ----------------------------------------------------------------------
2026-09-07T03:18:53.0382919Z     Ran 2 tests in 7.586s
2026-09-07T03:18:53.0383407Z     
2026-09-07T03:18:53.0383963Z     FAILED (errors=1)
2026-09-07T03:18:53.0384689Z 
2026-09-07T03:18:53.0385554Z FALSE_CLAIM: 1 layer(s) failed across features marked passing.
2026-09-07T03:18:53.0386469Z Reset those features to active and re-run scripts/verify-feature.sh.
2026-09-07T03:18:53.0442028Z ##[error]Process completed with exit code 1.
2026-09-07T03:18:53.0494136Z ##[group]Run set -eu
2026-09-07T03:18:53.0494447Z [36;1mset -eu[0m
2026-09-07T03:18:53.0494671Z [36;1m[0m
2026-09-07T03:18:53.0495353Z [36;1m# Fail-closed: success needs both observed zeros AND both sentinels.[0m
2026-09-07T03:18:53.0495898Z [36;1m# Missing, skipped, cancelled and not-executed all land here as blocked.[0m
2026-09-07T03:18:53.0496294Z [36;1mconclusion=blocked[0m
2026-09-07T03:18:53.0496666Z [36;1mif [ "$GATES_OUTCOME" = success ] && [ -f "$RUNNER_TEMP/gates-observed-zero" ] &&[0m
2026-09-07T03:18:53.0497166Z [36;1m   [ "$LINT_OUTCOME" = success ] && [ "$GHERKIN_OUTCOME" = success ] &&[0m
2026-09-07T03:18:53.0497589Z [36;1m   [ -f "$RUNNER_TEMP/lint-observed-zero" ] &&[0m
2026-09-07T03:18:53.0497937Z [36;1m   [ -f "$RUNNER_TEMP/gherkin-observed-zero" ] &&[0m
2026-09-07T03:18:53.0498311Z [36;1m   [ "$CHECK_OUTCOME" = success ] && [ "${CHECK_EXIT:-}" = 0 ] &&[0m
2026-09-07T03:18:53.0498763Z [36;1m   [ "$CLAIMS_OUTCOME" = success ] && [ "${CLAIMS_EXIT:-}" = 0 ] &&[0m
2026-09-07T03:18:53.0499192Z [36;1m   [ "$DECISIONS_OUTCOME" = success ] && [ "${DECISIONS_EXIT:-}" = 0 ] &&[0m
2026-09-07T03:18:53.0499589Z [36;1m   [ -f "$RUNNER_TEMP/check-observed-zero" ] &&[0m
2026-09-07T03:18:53.0499924Z [36;1m   [ -f "$RUNNER_TEMP/claims-observed-zero" ] &&[0m
2026-09-07T03:18:53.0500280Z [36;1m   [ -f "$RUNNER_TEMP/decisions-observed-zero" ]; then[0m
2026-09-07T03:18:53.0500596Z [36;1m  conclusion=success[0m
2026-09-07T03:18:53.0500833Z [36;1mfi[0m
2026-09-07T03:18:53.0501020Z [36;1m[0m
2026-09-07T03:18:53.0501202Z [36;1m{[0m
2026-09-07T03:18:53.0501421Z [36;1m  printf '%s\n' '## Required quality'[0m
2026-09-07T03:18:53.0501713Z [36;1m  printf '%s\n' '| field | value |'[0m
2026-09-07T03:18:53.0501993Z [36;1m  printf '%s\n' '|---|---|'[0m
2026-09-07T03:18:53.0502275Z [36;1m  printf '| head_sha | `%s` |\n' "$HEAD_SHA"[0m
2026-09-07T03:18:53.0502585Z [36;1m  printf '| base_sha | `%s` |\n' "$BASE_SHA"[0m
2026-09-07T03:18:53.0502950Z [36;1m  printf '| protected live gates | `%s` |\n' "$GATES_OUTCOME"[0m
2026-09-07T03:18:53.0503317Z [36;1m  printf '| judge_sha | `%s` |\n' "$BASE_SHA"[0m
2026-09-07T03:18:53.0503652Z [36;1m  printf '| workflow_sha | `%s` |\n' "$WORKFLOW_SHA"[0m
2026-09-07T03:18:53.0504025Z [36;1m  printf '| run | `%s` (attempt %s) |\n' "$RUN_ID" "$RUN_ATTEMPT"[0m
2026-09-07T03:18:53.0504399Z [36;1m  printf '| shellcheck | `%s` |\n' "$LINT_OUTCOME"[0m
2026-09-07T03:18:53.0504756Z [36;1m  printf '| gherkin pack | `%s` |\n' "$GHERKIN_OUTCOME"[0m
2026-09-07T03:18:53.0505393Z [36;1m  printf '| make check | `%s` (exit `%s`) |\n' "$CHECK_OUTCOME" "${CHECK_EXIT:-none}"[0m
2026-09-07T03:18:53.0505896Z [36;1m  printf '| verify-claims | `%s` (exit `%s`) |\n' "$CLAIMS_OUTCOME" "${CLAIMS_EXIT:-none}"[0m
2026-09-07T03:18:53.0506442Z [36;1m  printf '| verify-decisions | `%s` (exit `%s`) |\n' "$DECISIONS_OUTCOME" "${DECISIONS_EXIT:-none}"[0m
2026-09-07T03:18:53.0506903Z [36;1m  printf '| conclusion | `%s` |\n' "$conclusion"[0m
2026-09-07T03:18:53.0507212Z [36;1m} >> "$GITHUB_STEP_SUMMARY"[0m
2026-09-07T03:18:53.0507602Z [36;1m[0m
2026-09-07T03:18:53.0507824Z [36;1mif [ "$conclusion" != success ]; then[0m
2026-09-07T03:18:53.0508224Z [36;1m  printf 'Required quality conclusion is non-success: %s\n' "$conclusion" >&2[0m
2026-09-07T03:18:53.0508602Z [36;1m  exit 1[0m
2026-09-07T03:18:53.0508807Z [36;1mfi[0m
2026-09-07T03:18:53.0532576Z shell: /usr/bin/bash --noprofile --norc -e -o pipefail {0}
2026-09-07T03:18:53.0532895Z env:
2026-09-07T03:18:53.0533133Z   BASE_SHA: e5bfa5343d064e376086e2b13e45203b4ad4a481
2026-09-07T03:18:53.0533458Z   HEAD_SHA: b567669fcd41c40caa8235e758a0f1fdca9a00a5
2026-09-07T03:18:53.0533743Z   GATES_OUTCOME: success
2026-09-07T03:18:53.0533968Z   CHECK_OUTCOME: success
2026-09-07T03:18:53.0534180Z   CHECK_EXIT: 0
2026-09-07T03:18:53.0534383Z   LINT_OUTCOME: success
2026-09-07T03:18:53.0534599Z   GHERKIN_OUTCOME: success
2026-09-07T03:18:53.0534933Z   CLAIMS_OUTCOME: failure
2026-09-07T03:18:53.0535326Z   CLAIMS_EXIT: 1
2026-09-07T03:18:53.0535541Z   DECISIONS_OUTCOME: skipped
2026-09-07T03:18:53.0535784Z   DECISIONS_EXIT: 
2026-09-07T03:18:53.0535989Z   RUN_ID: 34077931952
2026-09-07T03:18:53.0536193Z   RUN_ATTEMPT: 1
2026-09-07T03:18:53.0536436Z   WORKFLOW_SHA: 34c94869141d8c8f73105763e1e572ef45de79de
2026-09-07T03:18:53.0536723Z ##[endgroup]
2026-09-07T03:18:53.0586925Z Required quality conclusion is non-success: blocked
2026-09-07T03:18:53.0589263Z ##[error]Process completed with exit code 1.
2026-09-07T03:18:53.0681776Z Post job cleanup.
2026-09-07T03:18:53.1657556Z [command]/usr/bin/git version
2026-09-07T03:18:53.1777002Z git version 2.55.0
2026-09-07T03:18:53.1838636Z Temporarily overriding HOME='/home/runner/work/_temp/4de6bee9-6fa6-428d-849a-d4ca70bf6861' before making global git config changes
2026-09-07T03:18:53.1840096Z Adding repository directory to the temporary git global config as a safe directory
2026-09-07T03:18:53.1841360Z [command]/usr/bin/git config --global --add safe.directory /home/runner/work/harness-kit/harness-kit/base
2026-09-07T03:18:53.1848748Z Removing SSH command configuration
2026-09-07T03:18:53.1850704Z [command]/usr/bin/git config --local --name-only --get-regexp core\.sshCommand
2026-09-07T03:18:53.1891268Z [command]/usr/bin/git submodule foreach --recursive sh -c "git config --local --name-only --get-regexp 'core\.sshCommand' && git config --local --unset-all 'core.sshCommand' || :"
2026-09-07T03:18:53.2224205Z Removing HTTP extra header
2026-09-07T03:18:53.2246623Z [command]/usr/bin/git config --local --name-only --get-regexp http\.https\:\/\/github\.com\/\.extraheader
2026-09-07T03:18:53.2518309Z [command]/usr/bin/git submodule foreach --recursive sh -c "git config --local --name-only --get-regexp 'http\.https\:\/\/github\.com\/\.extraheader' && git config --local --unset-all 'http.https://github.com/.extraheader' || :"
2026-09-07T03:18:53.2851525Z Removing includeIf entries pointing to credentials config files
2026-09-07T03:18:53.2852396Z [command]/usr/bin/git config --local --name-only --get-regexp ^includeIf\.gitdir:
2026-09-07T03:18:53.2853848Z [command]/usr/bin/git submodule foreach --recursive git config --local --show-origin --name-only --get-regexp remote.origin.url
2026-09-07T03:18:53.3451286Z Post job cleanup.
2026-09-07T03:18:53.4504960Z [command]/usr/bin/git version
2026-09-07T03:18:53.4628939Z git version 2.55.0
2026-09-07T03:18:53.4633135Z Temporarily overriding HOME='/home/runner/work/_temp/b8df3b31-150d-415d-9ad1-b10aa99b8207' before making global git config changes
2026-09-07T03:18:53.4634597Z Adding repository directory to the temporary git global config as a safe directory
2026-09-07T03:18:53.4635963Z [command]/usr/bin/git config --global --add safe.directory /home/runner/work/harness-kit/harness-kit/head
2026-09-07T03:18:53.4687385Z Removing SSH command configuration
2026-09-07T03:18:53.4688249Z [command]/usr/bin/git config --local --name-only --get-regexp core\.sshCommand
2026-09-07T03:18:53.4758903Z [command]/usr/bin/git submodule foreach --recursive sh -c "git config --local --name-only --get-regexp 'core\.sshCommand' && git config --local --unset-all 'core.sshCommand' || :"
2026-09-07T03:18:53.5078722Z Removing HTTP extra header
2026-09-07T03:18:53.5079858Z [command]/usr/bin/git config --local --name-only --get-regexp http\.https\:\/\/github\.com\/\.extraheader
2026-09-07T03:18:53.5129800Z [command]/usr/bin/git submodule foreach --recursive sh -c "git config --local --name-only --get-regexp 'http\.https\:\/\/github\.com\/\.extraheader' && git config --local --unset-all 'http.https://github.com/.extraheader' || :"
2026-09-07T03:18:53.5515980Z Removing includeIf entries pointing to credentials config files
2026-09-07T03:18:53.5517137Z [command]/usr/bin/git config --local --name-only --get-regexp ^includeIf\.gitdir:
2026-09-07T03:18:53.5519307Z [command]/usr/bin/git submodule foreach --recursive git config --local --show-origin --name-only --get-regexp remote.origin.url
2026-09-07T03:18:53.6029966Z Cleaning up orphan processes
