2026-09-07T03:17:27.2102039Z Current runner version: '2.337.0'
2026-09-07T03:17:27.2142362Z ##[group]Runner Image Provisioner
2026-09-07T03:17:27.2143865Z Hosted Compute Agent
2026-09-07T03:17:27.2145058Z Version: 20260828.587
2026-09-07T03:17:27.2146222Z Commit: abac92662cab4cc7352de4f9f9d2e2419aad9c29
2026-09-07T03:17:27.2147543Z Build Date: 2026-08-28T16:44:25Z
2026-09-07T03:17:27.2148900Z Worker ID: {7351eaad-653b-456f-b728-003aebf9b684}
2026-09-07T03:17:27.2150237Z Azure Region: westus2
2026-09-07T03:17:27.2151854Z ##[endgroup]
2026-09-07T03:17:27.2154969Z ##[group]Operating System
2026-09-07T03:17:27.2156111Z Ubuntu
2026-09-07T03:17:27.2157243Z 24.04.4
2026-09-07T03:17:27.2158147Z LTS
2026-09-07T03:17:27.2159148Z ##[endgroup]
2026-09-07T03:17:27.2160182Z ##[group]Runner Image
2026-09-07T03:17:27.2161589Z Image: ubuntu-24.04
2026-09-07T03:17:27.2162813Z Version: 20260831.293.1
2026-09-07T03:17:27.2165082Z Included Software: https://github.com/actions/runner-images/blob/ubuntu24/20260831.293/images/ubuntu/Ubuntu2404-Readme.md
2026-09-07T03:17:27.2168001Z Image Release: https://github.com/actions/runner-images/releases/tag/ubuntu24%2F20260831.293
2026-09-07T03:17:27.2169674Z ##[endgroup]
2026-09-07T03:17:27.2172184Z ##[group]GITHUB_TOKEN Permissions
2026-09-07T03:17:27.2175204Z Contents: read
2026-09-07T03:17:27.2176274Z Metadata: read
2026-09-07T03:17:27.2177188Z ##[endgroup]
2026-09-07T03:17:27.2180362Z Secret source: Actions
2026-09-07T03:17:27.2182505Z Prepare workflow directory
2026-09-07T03:17:27.2898267Z Prepare all required actions
2026-09-07T03:17:27.2975913Z Getting action download info
2026-09-07T03:17:27.7124635Z Download action repository 'actions/checkout@3d3c42e5aac5ba805825da76410c181273ba90b1' (SHA:3d3c42e5aac5ba805825da76410c181273ba90b1)
2026-09-07T03:17:27.8696026Z Download action repository 'actions/setup-node@820762786026740c76f36085b0efc47a31fe5020' (SHA:820762786026740c76f36085b0efc47a31fe5020)
2026-09-07T03:17:28.1091457Z Complete job name: Required quality
2026-09-07T03:17:28.1931509Z ##[group]Run set -euo pipefail
2026-09-07T03:17:28.1932264Z [36;1mset -euo pipefail[0m
2026-09-07T03:17:28.1932803Z [36;1mcase "$EVENT_NAME" in[0m
2026-09-07T03:17:28.1933487Z [36;1m  pull_request) head_sha=$PR_HEAD_SHA; base_sha=$PR_BASE_SHA ;;[0m
2026-09-07T03:17:28.1934356Z [36;1m  merge_group)  head_sha=$MG_HEAD_SHA; base_sha=$MG_BASE_SHA ;;[0m
2026-09-07T03:17:28.1935284Z [36;1m  *) printf 'UNKNOWN: unsupported event: %s\n' "$EVENT_NAME" >&2; exit 1 ;;[0m
2026-09-07T03:17:28.1936037Z [36;1mesac[0m
2026-09-07T03:17:28.1936539Z [36;1mif [[ ! "$head_sha" =~ ^[0-9a-f]{40}$ ]]; then[0m
2026-09-07T03:17:28.1937306Z [36;1m  printf 'UNKNOWN: invalid head SHA: %s\n' "$head_sha" >&2; exit 1[0m
2026-09-07T03:17:28.1938006Z [36;1mfi[0m
2026-09-07T03:17:28.1938485Z [36;1mif [[ ! "$base_sha" =~ ^[0-9a-f]{40}$ ]]; then[0m
2026-09-07T03:17:28.1939244Z [36;1m  printf 'UNKNOWN: invalid base SHA: %s\n' "$base_sha" >&2; exit 1[0m
2026-09-07T03:17:28.1940002Z [36;1mfi[0m
2026-09-07T03:17:28.1940452Z [36;1m{[0m
2026-09-07T03:17:28.1941483Z [36;1m  printf 'head_sha=%s\n' "$head_sha"[0m
2026-09-07T03:17:28.1942120Z [36;1m  printf 'base_sha=%s\n' "$base_sha"[0m
2026-09-07T03:17:28.1942709Z [36;1m} >> "$GITHUB_OUTPUT"[0m
2026-09-07T03:17:28.1987023Z shell: /usr/bin/bash --noprofile --norc -e -o pipefail {0}
2026-09-07T03:17:28.1988079Z env:
2026-09-07T03:17:28.1988547Z   EVENT_NAME: pull_request
2026-09-07T03:17:28.1989119Z   PR_HEAD_SHA: 6677e9978dfd9fa344186a65adddcadabd21cc7e
2026-09-07T03:17:28.1989812Z   PR_BASE_SHA: e5bfa5343d064e376086e2b13e45203b4ad4a481
2026-09-07T03:17:28.1990444Z   MG_HEAD_SHA: 
2026-09-07T03:17:28.1991177Z   MG_BASE_SHA: 
2026-09-07T03:17:28.1991620Z ##[endgroup]
2026-09-07T03:17:28.2394247Z ##[group]Run actions/checkout@3d3c42e5aac5ba805825da76410c181273ba90b1
2026-09-07T03:17:28.2395532Z with:
2026-09-07T03:17:28.2396012Z   ref: 6677e9978dfd9fa344186a65adddcadabd21cc7e
2026-09-07T03:17:28.2396603Z   path: head
2026-09-07T03:17:28.2397030Z   fetch-depth: 0
2026-09-07T03:17:28.2397483Z   persist-credentials: false
2026-09-07T03:17:28.2398322Z   repository: gonzalezulises/harness-kit
2026-09-07T03:17:28.2402243Z   token: ***
2026-09-07T03:17:28.2402852Z   ssh-strict: true
2026-09-07T03:17:28.2403289Z   ssh-user: git
2026-09-07T03:17:28.2403719Z   clean: true
2026-09-07T03:17:28.2404167Z   sparse-checkout-cone-mode: true
2026-09-07T03:17:28.2404688Z   fetch-tags: false
2026-09-07T03:17:28.2405155Z   show-progress: true
2026-09-07T03:17:28.2405602Z   lfs: false
2026-09-07T03:17:28.2406019Z   submodules: false
2026-09-07T03:17:28.2406470Z   set-safe-directory: true
2026-09-07T03:17:28.2406988Z   allow-unsafe-pr-checkout: false
2026-09-07T03:17:28.2407502Z ##[endgroup]
2026-09-07T03:17:28.5168197Z Syncing repository: gonzalezulises/harness-kit
2026-09-07T03:17:28.5173036Z ##[group]Getting Git version info
2026-09-07T03:17:28.5174573Z Working directory is '/home/runner/work/harness-kit/harness-kit/head'
2026-09-07T03:17:28.5177442Z [command]/usr/bin/git version
2026-09-07T03:17:28.5178246Z git version 2.55.0
2026-09-07T03:17:28.5182437Z ##[endgroup]
2026-09-07T03:17:28.5191682Z Temporarily overriding HOME='/home/runner/work/_temp/019dd294-b957-47a5-8ad7-58b960f92fdb' before making global git config changes
2026-09-07T03:17:28.5194062Z Adding repository directory to the temporary git global config as a safe directory
2026-09-07T03:17:28.5195971Z [command]/usr/bin/git config --global --add safe.directory /home/runner/work/harness-kit/harness-kit/head
2026-09-07T03:17:28.5198910Z ##[group]Determining repository object format
2026-09-07T03:17:28.5200237Z ##[endgroup]
2026-09-07T03:17:28.5202515Z ##[group]Initializing the repository
2026-09-07T03:17:28.5203693Z [command]/usr/bin/git init /home/runner/work/harness-kit/harness-kit/head
2026-09-07T03:17:28.5206504Z hint: Using 'master' as the name for the initial branch. This default branch name
2026-09-07T03:17:28.5209795Z hint: will change to "main" in Git 3.0. To configure the initial branch name
2026-09-07T03:17:28.5214984Z hint: to use in all of your new repositories, which will suppress this warning,
2026-09-07T03:17:28.5216420Z hint: call:
2026-09-07T03:17:28.5217056Z hint:
2026-09-07T03:17:28.5217838Z hint: 	git config --global init.defaultBranch <name>
2026-09-07T03:17:28.5218807Z hint:
2026-09-07T03:17:28.5219720Z hint: Names commonly chosen instead of 'master' are 'main', 'trunk' and
2026-09-07T03:17:28.5223907Z hint: 'development'. The just-created branch can be renamed via this command:
2026-09-07T03:17:28.5225271Z hint:
2026-09-07T03:17:28.5225927Z hint: 	git branch -m <name>
2026-09-07T03:17:28.5226677Z hint:
2026-09-07T03:17:28.5227674Z hint: Disable this message with "git config set advice.defaultBranchName false"
2026-09-07T03:17:28.5229379Z Initialized empty Git repository in /home/runner/work/harness-kit/harness-kit/head/.git/
2026-09-07T03:17:28.5242573Z [command]/usr/bin/git remote add origin https://github.com/gonzalezulises/harness-kit
2026-09-07T03:17:28.5245156Z ##[endgroup]
2026-09-07T03:17:28.5246296Z ##[group]Disabling automatic garbage collection
2026-09-07T03:17:28.5247346Z [command]/usr/bin/git config --local gc.auto 0
2026-09-07T03:17:28.5249503Z ##[endgroup]
2026-09-07T03:17:28.5259257Z ##[group]Setting up auth
2026-09-07T03:17:28.5260191Z Removing SSH command configuration
2026-09-07T03:17:28.5262098Z [command]/usr/bin/git config --local --name-only --get-regexp core\.sshCommand
2026-09-07T03:17:28.5265854Z [command]/usr/bin/git submodule foreach --recursive sh -c "git config --local --name-only --get-regexp 'core\.sshCommand' && git config --local --unset-all 'core.sshCommand' || :"
2026-09-07T03:17:28.5429752Z Removing HTTP extra header
2026-09-07T03:17:28.5432843Z [command]/usr/bin/git config --local --name-only --get-regexp http\.https\:\/\/github\.com\/\.extraheader
2026-09-07T03:17:28.5443630Z [command]/usr/bin/git submodule foreach --recursive sh -c "git config --local --name-only --get-regexp 'http\.https\:\/\/github\.com\/\.extraheader' && git config --local --unset-all 'http.https://github.com/.extraheader' || :"
2026-09-07T03:17:28.5706056Z Removing includeIf entries pointing to credentials config files
2026-09-07T03:17:28.5708236Z [command]/usr/bin/git config --local --name-only --get-regexp ^includeIf\.gitdir:
2026-09-07T03:17:28.5761438Z [command]/usr/bin/git submodule foreach --recursive git config --local --show-origin --name-only --get-regexp remote.origin.url
2026-09-07T03:17:28.6018091Z [command]/usr/bin/git config --file /home/runner/work/_temp/git-credentials-a4cb4255-c52d-4ed6-af33-665e1d409316.config http.https://github.com/.extraheader AUTHORIZATION: basic ***
2026-09-07T03:17:28.6066726Z [command]/usr/bin/git config --local includeIf.gitdir:/home/runner/work/harness-kit/harness-kit/head/.git.path /home/runner/work/_temp/git-credentials-a4cb4255-c52d-4ed6-af33-665e1d409316.config
2026-09-07T03:17:28.6108779Z [command]/usr/bin/git config --local includeIf.gitdir:/home/runner/work/harness-kit/harness-kit/head/.git/worktrees/*.path /home/runner/work/_temp/git-credentials-a4cb4255-c52d-4ed6-af33-665e1d409316.config
2026-09-07T03:17:28.6152046Z [command]/usr/bin/git config --local includeIf.gitdir:/github/workspace/head/.git.path /github/runner_temp/git-credentials-a4cb4255-c52d-4ed6-af33-665e1d409316.config
2026-09-07T03:17:28.6191909Z [command]/usr/bin/git config --local includeIf.gitdir:/github/workspace/head/.git/worktrees/*.path /github/runner_temp/git-credentials-a4cb4255-c52d-4ed6-af33-665e1d409316.config
2026-09-07T03:17:28.6228471Z ##[endgroup]
2026-09-07T03:17:28.6230339Z ##[group]Fetching the repository
2026-09-07T03:17:28.6236278Z [command]/usr/bin/git -c protocol.version=2 fetch --no-tags --prune --no-recurse-submodules origin +refs/heads/*:refs/remotes/origin/* +refs/tags/*:refs/tags/*
2026-09-07T03:17:30.0098181Z From https://github.com/gonzalezulises/harness-kit
2026-09-07T03:17:30.0099923Z  * [new branch]      chore/release-please   -> origin/chore/release-please
2026-09-07T03:17:30.0101578Z  * [new branch]      chore/ship-env-example -> origin/chore/ship-env-example
2026-09-07T03:17:30.0103221Z  * [new branch]      dependabot/github_actions/actions/checkout-7 -> origin/dependabot/github_actions/actions/checkout-7
2026-09-07T03:17:30.0105416Z  * [new branch]      dependabot/github_actions/googleapis/release-please-action-5 -> origin/dependabot/github_actions/googleapis/release-please-action-5
2026-09-07T03:17:30.0107363Z  * [new branch]      docs/release-please-blocker -> origin/docs/release-please-blocker
2026-09-07T03:17:30.0108818Z  * [new branch]      feat/consumer-distribution -> origin/feat/consumer-distribution
2026-09-07T03:17:30.0110390Z  * [new branch]      feat/human-interruption-reduction -> origin/feat/human-interruption-reduction
2026-09-07T03:17:30.0112302Z  * [new branch]      feat/p0-product-loop   -> origin/feat/p0-product-loop
2026-09-07T03:17:30.0113833Z  * [new branch]      feat/sentry-full-surface -> origin/feat/sentry-full-surface
2026-09-07T03:17:30.0115335Z  * [new branch]      feat/sentry-observability-pack -> origin/feat/sentry-observability-pack
2026-09-07T03:17:30.0116793Z  * [new branch]      feat/sentry-to-github-issues -> origin/feat/sentry-to-github-issues
2026-09-07T03:17:30.0118367Z  * [new branch]      fix/secret-fixture-scanner-noise -> origin/fix/secret-fixture-scanner-noise
2026-09-07T03:17:30.0119986Z  * [new branch]      fix/sentry-pack-security-hardening -> origin/fix/sentry-pack-security-hardening
2026-09-07T03:17:30.0121856Z  * [new branch]      fix/status-version-stamp -> origin/fix/status-version-stamp
2026-09-07T03:17:30.0122990Z  * [new branch]      main                   -> origin/main
2026-09-07T03:17:30.0125107Z  * [new branch]      release-please--branches--main--components--harness-kit -> origin/release-please--branches--main--components--harness-kit
2026-09-07T03:17:30.0127261Z  * [new branch]      review/harness-hardening-autonomy -> origin/review/harness-hardening-autonomy
2026-09-07T03:17:30.0128850Z  * [new branch]      review/protected-judge-adoption -> origin/review/protected-judge-adoption
2026-09-07T03:17:30.0129991Z  * [new tag]         v2.2.0                 -> v2.2.0
2026-09-07T03:17:30.0131696Z  * [new tag]         v2.2.1                 -> v2.2.1
2026-09-07T03:17:30.0132554Z  * [new tag]         v2.2.2                 -> v2.2.2
2026-09-07T03:17:30.0133416Z  * [new tag]         v2.2.3                 -> v2.2.3
2026-09-07T03:17:30.0134272Z  * [new tag]         v2.2.4                 -> v2.2.4
2026-09-07T03:17:30.0135327Z  * [new tag]         v2.2.5                 -> v2.2.5
2026-09-07T03:17:30.0171973Z [command]/usr/bin/git rev-parse --verify --quiet 6677e9978dfd9fa344186a65adddcadabd21cc7e^{object}
2026-09-07T03:17:30.0174923Z 6677e9978dfd9fa344186a65adddcadabd21cc7e
2026-09-07T03:17:30.0180044Z ##[endgroup]
2026-09-07T03:17:30.0181751Z ##[group]Determining the checkout info
2026-09-07T03:17:30.0183137Z ##[endgroup]
2026-09-07T03:17:30.0195944Z [command]/usr/bin/git sparse-checkout disable
2026-09-07T03:17:30.0265171Z [command]/usr/bin/git config --local --unset-all extensions.worktreeConfig
2026-09-07T03:17:30.0304815Z ##[group]Checking out the ref
2026-09-07T03:17:30.0310087Z [command]/usr/bin/git checkout --progress --force 6677e9978dfd9fa344186a65adddcadabd21cc7e
2026-09-07T03:17:30.1578097Z Note: switching to '6677e9978dfd9fa344186a65adddcadabd21cc7e'.
2026-09-07T03:17:30.1591860Z 
2026-09-07T03:17:30.1605118Z You are in 'detached HEAD' state. You can look around, make experimental
2026-09-07T03:17:30.1618652Z changes and commit them, and you can discard any commits you make in this
2026-09-07T03:17:30.1620884Z state without impacting any branches by switching back to a branch.
2026-09-07T03:17:30.1621650Z 
2026-09-07T03:17:30.1622175Z If you want to create a new branch to retain commits you create, you may
2026-09-07T03:17:30.1623539Z do so (now or later) by using -c with the switch command. Example:
2026-09-07T03:17:30.1624166Z 
2026-09-07T03:17:30.1624505Z   git switch -c <new-branch-name>
2026-09-07T03:17:30.1624964Z 
2026-09-07T03:17:30.1625304Z Or undo this operation with:
2026-09-07T03:17:30.1625726Z 
2026-09-07T03:17:30.1626035Z   git switch -
2026-09-07T03:17:30.1626421Z 
2026-09-07T03:17:30.1627044Z Turn off this advice by setting config variable advice.detachedHead to false
2026-09-07T03:17:30.1627778Z 
2026-09-07T03:17:30.1628450Z HEAD is now at 6677e99 fix(product): retain v1 acknowledgements through bounded custody contention
2026-09-07T03:17:30.1634317Z ##[endgroup]
2026-09-07T03:17:30.1673390Z [command]/usr/bin/git log -1 --format=%H
2026-09-07T03:17:30.1709559Z 6677e9978dfd9fa344186a65adddcadabd21cc7e
2026-09-07T03:17:30.1723284Z ##[group]Removing auth
2026-09-07T03:17:30.1724273Z Removing SSH command configuration
2026-09-07T03:17:30.1725762Z [command]/usr/bin/git config --local --name-only --get-regexp core\.sshCommand
2026-09-07T03:17:30.1754475Z [command]/usr/bin/git submodule foreach --recursive sh -c "git config --local --name-only --get-regexp 'core\.sshCommand' && git config --local --unset-all 'core.sshCommand' || :"
2026-09-07T03:17:30.2030285Z Removing HTTP extra header
2026-09-07T03:17:30.2032099Z [command]/usr/bin/git config --local --name-only --get-regexp http\.https\:\/\/github\.com\/\.extraheader
2026-09-07T03:17:30.2067927Z [command]/usr/bin/git submodule foreach --recursive sh -c "git config --local --name-only --get-regexp 'http\.https\:\/\/github\.com\/\.extraheader' && git config --local --unset-all 'http.https://github.com/.extraheader' || :"
2026-09-07T03:17:30.2325585Z Removing includeIf entries pointing to credentials config files
2026-09-07T03:17:30.2327143Z [command]/usr/bin/git config --local --name-only --get-regexp ^includeIf\.gitdir:
2026-09-07T03:17:30.2363309Z includeif.gitdir:/home/runner/work/harness-kit/harness-kit/head/.git.path
2026-09-07T03:17:30.2372015Z includeif.gitdir:/home/runner/work/harness-kit/harness-kit/head/.git/worktrees/*.path
2026-09-07T03:17:30.2383003Z includeif.gitdir:/github/workspace/head/.git.path
2026-09-07T03:17:30.2384187Z includeif.gitdir:/github/workspace/head/.git/worktrees/*.path
2026-09-07T03:17:30.2388475Z [command]/usr/bin/git config --local --get-all includeif.gitdir:/home/runner/work/harness-kit/harness-kit/head/.git.path
2026-09-07T03:17:30.2405577Z /home/runner/work/_temp/git-credentials-a4cb4255-c52d-4ed6-af33-665e1d409316.config
2026-09-07T03:17:30.2418125Z [command]/usr/bin/git config --local --unset includeif.gitdir:/home/runner/work/harness-kit/harness-kit/head/.git.path \/home\/runner\/work\/_temp\/git\-credentials\-a4cb4255\-c52d\-4ed6\-af33\-665e1d409316\.config
2026-09-07T03:17:30.2468688Z [command]/usr/bin/git config --local --get-all includeif.gitdir:/home/runner/work/harness-kit/harness-kit/head/.git/worktrees/*.path
2026-09-07T03:17:30.2499814Z /home/runner/work/_temp/git-credentials-a4cb4255-c52d-4ed6-af33-665e1d409316.config
2026-09-07T03:17:30.2509248Z [command]/usr/bin/git config --local --unset includeif.gitdir:/home/runner/work/harness-kit/harness-kit/head/.git/worktrees/*.path \/home\/runner\/work\/_temp\/git\-credentials\-a4cb4255\-c52d\-4ed6\-af33\-665e1d409316\.config
2026-09-07T03:17:30.2553089Z [command]/usr/bin/git config --local --get-all includeif.gitdir:/github/workspace/head/.git.path
2026-09-07T03:17:30.2601988Z /github/runner_temp/git-credentials-a4cb4255-c52d-4ed6-af33-665e1d409316.config
2026-09-07T03:17:30.2620506Z [command]/usr/bin/git config --local --unset includeif.gitdir:/github/workspace/head/.git.path \/github\/runner_temp\/git\-credentials\-a4cb4255\-c52d\-4ed6\-af33\-665e1d409316\.config
2026-09-07T03:17:30.2698956Z [command]/usr/bin/git config --local --get-all includeif.gitdir:/github/workspace/head/.git/worktrees/*.path
2026-09-07T03:17:30.2700876Z /github/runner_temp/git-credentials-a4cb4255-c52d-4ed6-af33-665e1d409316.config
2026-09-07T03:17:30.2705418Z [command]/usr/bin/git config --local --unset includeif.gitdir:/github/workspace/head/.git/worktrees/*.path \/github\/runner_temp\/git\-credentials\-a4cb4255\-c52d\-4ed6\-af33\-665e1d409316\.config
2026-09-07T03:17:30.2744750Z [command]/usr/bin/git submodule foreach --recursive git config --local --show-origin --name-only --get-regexp remote.origin.url
2026-09-07T03:17:30.2997794Z Removing credentials config '/home/runner/work/_temp/git-credentials-a4cb4255-c52d-4ed6-af33-665e1d409316.config'
2026-09-07T03:17:30.3007881Z ##[endgroup]
2026-09-07T03:17:30.3217767Z ##[group]Run actions/checkout@3d3c42e5aac5ba805825da76410c181273ba90b1
2026-09-07T03:17:30.3218239Z with:
2026-09-07T03:17:30.3218510Z   ref: e5bfa5343d064e376086e2b13e45203b4ad4a481
2026-09-07T03:17:30.3218833Z   path: base
2026-09-07T03:17:30.3219071Z   fetch-depth: 0
2026-09-07T03:17:30.3219327Z   persist-credentials: false
2026-09-07T03:17:30.3219635Z   repository: gonzalezulises/harness-kit
2026-09-07T03:17:30.3222719Z   token: ***
2026-09-07T03:17:30.3222990Z   ssh-strict: true
2026-09-07T03:17:30.3223237Z   ssh-user: git
2026-09-07T03:17:30.3223472Z   clean: true
2026-09-07T03:17:30.3223730Z   sparse-checkout-cone-mode: true
2026-09-07T03:17:30.3224023Z   fetch-tags: false
2026-09-07T03:17:30.3224274Z   show-progress: true
2026-09-07T03:17:30.3224522Z   lfs: false
2026-09-07T03:17:30.3224764Z   submodules: false
2026-09-07T03:17:30.3225038Z   set-safe-directory: true
2026-09-07T03:17:30.3225324Z   allow-unsafe-pr-checkout: false
2026-09-07T03:17:30.3225617Z ##[endgroup]
2026-09-07T03:17:30.4211860Z Syncing repository: gonzalezulises/harness-kit
2026-09-07T03:17:30.4275054Z ##[group]Getting Git version info
2026-09-07T03:17:30.4276917Z Working directory is '/home/runner/work/harness-kit/harness-kit/base'
2026-09-07T03:17:30.4323970Z [command]/usr/bin/git version
2026-09-07T03:17:30.4391786Z git version 2.55.0
2026-09-07T03:17:30.4405569Z ##[endgroup]
2026-09-07T03:17:30.4410015Z Temporarily overriding HOME='/home/runner/work/_temp/b21df9a1-c7da-4210-8fef-5ad641131b4c' before making global git config changes
2026-09-07T03:17:30.4412503Z Adding repository directory to the temporary git global config as a safe directory
2026-09-07T03:17:30.4428905Z [command]/usr/bin/git config --global --add safe.directory /home/runner/work/harness-kit/harness-kit/base
2026-09-07T03:17:30.4471068Z ##[group]Determining repository object format
2026-09-07T03:17:30.4473592Z ##[endgroup]
2026-09-07T03:17:30.4474991Z ##[group]Initializing the repository
2026-09-07T03:17:30.4532697Z [command]/usr/bin/git init /home/runner/work/harness-kit/harness-kit/base
2026-09-07T03:17:30.4651548Z hint: Using 'master' as the name for the initial branch. This default branch name
2026-09-07T03:17:30.4661990Z hint: will change to "main" in Git 3.0. To configure the initial branch name
2026-09-07T03:17:30.4663398Z hint: to use in all of your new repositories, which will suppress this warning,
2026-09-07T03:17:30.4665623Z hint: call:
2026-09-07T03:17:30.4666336Z hint:
2026-09-07T03:17:30.4667493Z hint: 	git config --global init.defaultBranch <name>
2026-09-07T03:17:30.4668434Z hint:
2026-09-07T03:17:30.4669711Z hint: Names commonly chosen instead of 'master' are 'main', 'trunk' and
2026-09-07T03:17:30.4671263Z hint: 'development'. The just-created branch can be renamed via this command:
2026-09-07T03:17:30.4672763Z hint:
2026-09-07T03:17:30.4673497Z hint: 	git branch -m <name>
2026-09-07T03:17:30.4682266Z hint:
2026-09-07T03:17:30.4698385Z hint: Disable this message with "git config set advice.defaultBranchName false"
2026-09-07T03:17:30.4725418Z Initialized empty Git repository in /home/runner/work/harness-kit/harness-kit/base/.git/
2026-09-07T03:17:30.4740523Z [command]/usr/bin/git remote add origin https://github.com/gonzalezulises/harness-kit
2026-09-07T03:17:30.4893217Z ##[endgroup]
2026-09-07T03:17:30.4896220Z ##[group]Disabling automatic garbage collection
2026-09-07T03:17:30.4897431Z [command]/usr/bin/git config --local gc.auto 0
2026-09-07T03:17:30.4901097Z ##[endgroup]
2026-09-07T03:17:30.4902291Z ##[group]Setting up auth
2026-09-07T03:17:30.4903537Z Removing SSH command configuration
2026-09-07T03:17:30.4906289Z [command]/usr/bin/git config --local --name-only --get-regexp core\.sshCommand
2026-09-07T03:17:30.4908591Z [command]/usr/bin/git submodule foreach --recursive sh -c "git config --local --name-only --get-regexp 'core\.sshCommand' && git config --local --unset-all 'core.sshCommand' || :"
2026-09-07T03:17:30.5623093Z Removing HTTP extra header
2026-09-07T03:17:30.5632428Z [command]/usr/bin/git config --local --name-only --get-regexp http\.https\:\/\/github\.com\/\.extraheader
2026-09-07T03:17:30.5714225Z [command]/usr/bin/git submodule foreach --recursive sh -c "git config --local --name-only --get-regexp 'http\.https\:\/\/github\.com\/\.extraheader' && git config --local --unset-all 'http.https://github.com/.extraheader' || :"
2026-09-07T03:17:30.5934268Z Removing includeIf entries pointing to credentials config files
2026-09-07T03:17:30.5998451Z [command]/usr/bin/git config --local --name-only --get-regexp ^includeIf\.gitdir:
2026-09-07T03:17:30.6004047Z [command]/usr/bin/git submodule foreach --recursive git config --local --show-origin --name-only --get-regexp remote.origin.url
2026-09-07T03:17:30.6097357Z [command]/usr/bin/git config --file /home/runner/work/_temp/git-credentials-5e83ca7b-f11c-4001-92ed-70e23d73b7c4.config http.https://github.com/.extraheader AUTHORIZATION: basic ***
2026-09-07T03:17:30.6149346Z [command]/usr/bin/git config --local includeIf.gitdir:/home/runner/work/harness-kit/harness-kit/base/.git.path /home/runner/work/_temp/git-credentials-5e83ca7b-f11c-4001-92ed-70e23d73b7c4.config
2026-09-07T03:17:30.6193106Z [command]/usr/bin/git config --local includeIf.gitdir:/home/runner/work/harness-kit/harness-kit/base/.git/worktrees/*.path /home/runner/work/_temp/git-credentials-5e83ca7b-f11c-4001-92ed-70e23d73b7c4.config
2026-09-07T03:17:30.6234947Z [command]/usr/bin/git config --local includeIf.gitdir:/github/workspace/base/.git.path /github/runner_temp/git-credentials-5e83ca7b-f11c-4001-92ed-70e23d73b7c4.config
2026-09-07T03:17:30.6283346Z [command]/usr/bin/git config --local includeIf.gitdir:/github/workspace/base/.git/worktrees/*.path /github/runner_temp/git-credentials-5e83ca7b-f11c-4001-92ed-70e23d73b7c4.config
2026-09-07T03:17:30.6322646Z ##[endgroup]
2026-09-07T03:17:30.6324085Z ##[group]Fetching the repository
2026-09-07T03:17:30.6330432Z [command]/usr/bin/git -c protocol.version=2 fetch --no-tags --prune --no-recurse-submodules origin +refs/heads/*:refs/remotes/origin/* +refs/tags/*:refs/tags/*
2026-09-07T03:17:32.0217325Z From https://github.com/gonzalezulises/harness-kit
2026-09-07T03:17:32.0221822Z  * [new branch]      chore/release-please   -> origin/chore/release-please
2026-09-07T03:17:32.0223000Z  * [new branch]      chore/ship-env-example -> origin/chore/ship-env-example
2026-09-07T03:17:32.0224561Z  * [new branch]      dependabot/github_actions/actions/checkout-7 -> origin/dependabot/github_actions/actions/checkout-7
2026-09-07T03:17:32.0226727Z  * [new branch]      dependabot/github_actions/googleapis/release-please-action-5 -> origin/dependabot/github_actions/googleapis/release-please-action-5
2026-09-07T03:17:32.0228531Z  * [new branch]      docs/release-please-blocker -> origin/docs/release-please-blocker
2026-09-07T03:17:32.0229872Z  * [new branch]      feat/consumer-distribution -> origin/feat/consumer-distribution
2026-09-07T03:17:32.0231660Z  * [new branch]      feat/human-interruption-reduction -> origin/feat/human-interruption-reduction
2026-09-07T03:17:32.0233206Z  * [new branch]      feat/p0-product-loop   -> origin/feat/p0-product-loop
2026-09-07T03:17:32.0234371Z  * [new branch]      feat/sentry-full-surface -> origin/feat/sentry-full-surface
2026-09-07T03:17:32.0235525Z  * [new branch]      feat/sentry-observability-pack -> origin/feat/sentry-observability-pack
2026-09-07T03:17:32.0236769Z  * [new branch]      feat/sentry-to-github-issues -> origin/feat/sentry-to-github-issues
2026-09-07T03:17:32.0237998Z  * [new branch]      fix/secret-fixture-scanner-noise -> origin/fix/secret-fixture-scanner-noise
2026-09-07T03:17:32.0239321Z  * [new branch]      fix/sentry-pack-security-hardening -> origin/fix/sentry-pack-security-hardening
2026-09-07T03:17:32.0240528Z  * [new branch]      fix/status-version-stamp -> origin/fix/status-version-stamp
2026-09-07T03:17:32.0241792Z  * [new branch]      main                   -> origin/main
2026-09-07T03:17:32.0243660Z  * [new branch]      release-please--branches--main--components--harness-kit -> origin/release-please--branches--main--components--harness-kit
2026-09-07T03:17:32.0245571Z  * [new branch]      review/harness-hardening-autonomy -> origin/review/harness-hardening-autonomy
2026-09-07T03:17:32.0246830Z  * [new branch]      review/protected-judge-adoption -> origin/review/protected-judge-adoption
2026-09-07T03:17:32.0247823Z  * [new tag]         v2.2.0                 -> v2.2.0
2026-09-07T03:17:32.0248535Z  * [new tag]         v2.2.1                 -> v2.2.1
2026-09-07T03:17:32.0249227Z  * [new tag]         v2.2.2                 -> v2.2.2
2026-09-07T03:17:32.0249908Z  * [new tag]         v2.2.3                 -> v2.2.3
2026-09-07T03:17:32.0251101Z  * [new tag]         v2.2.4                 -> v2.2.4
2026-09-07T03:17:32.0251894Z  * [new tag]         v2.2.5                 -> v2.2.5
2026-09-07T03:17:32.0254480Z [command]/usr/bin/git rev-parse --verify --quiet e5bfa5343d064e376086e2b13e45203b4ad4a481^{object}
2026-09-07T03:17:32.0274095Z e5bfa5343d064e376086e2b13e45203b4ad4a481
2026-09-07T03:17:32.0286146Z ##[endgroup]
2026-09-07T03:17:32.0287258Z ##[group]Determining the checkout info
2026-09-07T03:17:32.0288355Z ##[endgroup]
2026-09-07T03:17:32.0289130Z [command]/usr/bin/git sparse-checkout disable
2026-09-07T03:17:32.0349680Z [command]/usr/bin/git config --local --unset-all extensions.worktreeConfig
2026-09-07T03:17:32.0382253Z ##[group]Checking out the ref
2026-09-07T03:17:32.0387488Z [command]/usr/bin/git checkout --progress --force e5bfa5343d064e376086e2b13e45203b4ad4a481
2026-09-07T03:17:32.1491766Z Note: switching to 'e5bfa5343d064e376086e2b13e45203b4ad4a481'.
2026-09-07T03:17:32.1492817Z 
2026-09-07T03:17:32.1493529Z You are in 'detached HEAD' state. You can look around, make experimental
2026-09-07T03:17:32.1494782Z changes and commit them, and you can discard any commits you make in this
2026-09-07T03:17:32.1495921Z state without impacting any branches by switching back to a branch.
2026-09-07T03:17:32.1497136Z 
2026-09-07T03:17:32.1497712Z If you want to create a new branch to retain commits you create, you may
2026-09-07T03:17:32.1498866Z do so (now or later) by using -c with the switch command. Example:
2026-09-07T03:17:32.1499630Z 
2026-09-07T03:17:32.1500058Z   git switch -c <new-branch-name>
2026-09-07T03:17:32.1500997Z 
2026-09-07T03:17:32.1501412Z Or undo this operation with:
2026-09-07T03:17:32.1501923Z 
2026-09-07T03:17:32.1502277Z   git switch -
2026-09-07T03:17:32.1502707Z 
2026-09-07T03:17:32.1503286Z Turn off this advice by setting config variable advice.detachedHead to false
2026-09-07T03:17:32.1504043Z 
2026-09-07T03:17:32.1504688Z HEAD is now at e5bfa53 fix(ci): isolate fixture comparison refs from the protected source base
2026-09-07T03:17:32.1507216Z ##[endgroup]
2026-09-07T03:17:32.1619405Z [command]/usr/bin/git log -1 --format=%H
2026-09-07T03:17:32.1661171Z e5bfa5343d064e376086e2b13e45203b4ad4a481
2026-09-07T03:17:32.1681832Z ##[group]Removing auth
2026-09-07T03:17:32.1687811Z Removing SSH command configuration
2026-09-07T03:17:32.1711671Z [command]/usr/bin/git config --local --name-only --get-regexp core\.sshCommand
2026-09-07T03:17:32.1769350Z [command]/usr/bin/git submodule foreach --recursive sh -c "git config --local --name-only --get-regexp 'core\.sshCommand' && git config --local --unset-all 'core.sshCommand' || :"
2026-09-07T03:17:32.2175532Z Removing HTTP extra header
2026-09-07T03:17:32.2191609Z [command]/usr/bin/git config --local --name-only --get-regexp http\.https\:\/\/github\.com\/\.extraheader
2026-09-07T03:17:32.2224253Z [command]/usr/bin/git submodule foreach --recursive sh -c "git config --local --name-only --get-regexp 'http\.https\:\/\/github\.com\/\.extraheader' && git config --local --unset-all 'http.https://github.com/.extraheader' || :"
2026-09-07T03:17:32.2601787Z Removing includeIf entries pointing to credentials config files
2026-09-07T03:17:32.2612794Z [command]/usr/bin/git config --local --name-only --get-regexp ^includeIf\.gitdir:
2026-09-07T03:17:32.2671620Z includeif.gitdir:/home/runner/work/harness-kit/harness-kit/base/.git.path
2026-09-07T03:17:32.2682081Z includeif.gitdir:/home/runner/work/harness-kit/harness-kit/base/.git/worktrees/*.path
2026-09-07T03:17:32.2691288Z includeif.gitdir:/github/workspace/base/.git.path
2026-09-07T03:17:32.2711489Z includeif.gitdir:/github/workspace/base/.git/worktrees/*.path
2026-09-07T03:17:32.2738303Z [command]/usr/bin/git config --local --get-all includeif.gitdir:/home/runner/work/harness-kit/harness-kit/base/.git.path
2026-09-07T03:17:32.2739895Z /home/runner/work/_temp/git-credentials-5e83ca7b-f11c-4001-92ed-70e23d73b7c4.config
2026-09-07T03:17:32.2762559Z [command]/usr/bin/git config --local --unset includeif.gitdir:/home/runner/work/harness-kit/harness-kit/base/.git.path \/home\/runner\/work\/_temp\/git\-credentials\-5e83ca7b\-f11c\-4001\-92ed\-70e23d73b7c4\.config
2026-09-07T03:17:32.3051198Z [command]/usr/bin/git config --local --get-all includeif.gitdir:/home/runner/work/harness-kit/harness-kit/base/.git/worktrees/*.path
2026-09-07T03:17:32.3052839Z /home/runner/work/_temp/git-credentials-5e83ca7b-f11c-4001-92ed-70e23d73b7c4.config
2026-09-07T03:17:32.3057186Z [command]/usr/bin/git config --local --unset includeif.gitdir:/home/runner/work/harness-kit/harness-kit/base/.git/worktrees/*.path \/home\/runner\/work\/_temp\/git\-credentials\-5e83ca7b\-f11c\-4001\-92ed\-70e23d73b7c4\.config
2026-09-07T03:17:32.3062460Z [command]/usr/bin/git config --local --get-all includeif.gitdir:/github/workspace/base/.git.path
2026-09-07T03:17:32.3063787Z /github/runner_temp/git-credentials-5e83ca7b-f11c-4001-92ed-70e23d73b7c4.config
2026-09-07T03:17:32.3066413Z [command]/usr/bin/git config --local --unset includeif.gitdir:/github/workspace/base/.git.path \/github\/runner_temp\/git\-credentials\-5e83ca7b\-f11c\-4001\-92ed\-70e23d73b7c4\.config
2026-09-07T03:17:32.3111014Z [command]/usr/bin/git config --local --get-all includeif.gitdir:/github/workspace/base/.git/worktrees/*.path
2026-09-07T03:17:32.3138719Z /github/runner_temp/git-credentials-5e83ca7b-f11c-4001-92ed-70e23d73b7c4.config
2026-09-07T03:17:32.3147408Z [command]/usr/bin/git config --local --unset includeif.gitdir:/github/workspace/base/.git/worktrees/*.path \/github\/runner_temp\/git\-credentials\-5e83ca7b\-f11c\-4001\-92ed\-70e23d73b7c4\.config
2026-09-07T03:17:32.3188564Z [command]/usr/bin/git submodule foreach --recursive git config --local --show-origin --name-only --get-regexp remote.origin.url
2026-09-07T03:17:32.3443700Z Removing credentials config '/home/runner/work/_temp/git-credentials-5e83ca7b-f11c-4001-92ed-70e23d73b7c4.config'
2026-09-07T03:17:32.3454211Z ##[endgroup]
2026-09-07T03:17:32.3604920Z ##[group]Run set -uo pipefail
2026-09-07T03:17:32.3605428Z [36;1mset -uo pipefail[0m
2026-09-07T03:17:32.3606049Z [36;1m# A project that is entirely shell without a shell linter is a project[0m
2026-09-07T03:17:32.3606913Z [36;1m# without a compiler. -S warning is the level the repo is clean at.[0m
2026-09-07T03:17:32.3607566Z [36;1m#[0m
2026-09-07T03:17:32.3608140Z [36;1m# The version is pinned because the runner's preinstalled shellcheck is[0m
2026-09-07T03:17:32.3609007Z [36;1m# older than the one developers have locally, and the two disagree: a[0m
2026-09-07T03:17:32.3609878Z [36;1m# lint that passes on your machine and fails in CI teaches people to[0m
2026-09-07T03:17:32.3610858Z [36;1m# stop reading lint output.[0m
2026-09-07T03:17:32.3611329Z [36;1mSC_VERSION=v0.11.0[0m
2026-09-07T03:17:32.3612375Z [36;1mcurl -fsSL "https://github.com/koalaman/shellcheck/releases/download/${SC_VERSION}/shellcheck-${SC_VERSION}.linux.x86_64.tar.xz" \[0m
2026-09-07T03:17:32.3613580Z [36;1m  | tar -xJf - -C "$RUNNER_TEMP"[0m
2026-09-07T03:17:32.3614258Z [36;1mSHELLCHECK="$RUNNER_TEMP/shellcheck-${SC_VERSION}/shellcheck"[0m
2026-09-07T03:17:32.3614964Z [36;1m"$SHELLCHECK" --version | grep version:[0m
2026-09-07T03:17:32.3615473Z [36;1mset +e[0m
2026-09-07T03:17:32.3615952Z [36;1m"$SHELLCHECK" -S warning bin/*.sh scripts/*.sh tests/*.sh \[0m
2026-09-07T03:17:32.3616719Z [36;1m  templates/full/scripts/*.sh packs/*/verify-pack.sh[0m
2026-09-07T03:17:32.3617317Z [36;1mlint_exit=$?[0m
2026-09-07T03:17:32.3617710Z [36;1mset -e[0m
2026-09-07T03:17:32.3618211Z [36;1mprintf 'lint_exit=%s\n' "$lint_exit" >> "$GITHUB_OUTPUT"[0m
2026-09-07T03:17:32.3618895Z [36;1m[ "$lint_exit" -eq 0 ] || exit "$lint_exit"[0m
2026-09-07T03:17:32.3619465Z [36;1m: > "$RUNNER_TEMP/lint-observed-zero"[0m
2026-09-07T03:17:32.3658959Z shell: /usr/bin/bash --noprofile --norc -e -o pipefail {0}
2026-09-07T03:17:32.3659371Z ##[endgroup]
2026-09-07T03:17:32.8312333Z version: 0.11.0
2026-09-07T03:17:37.3472831Z ##[group]Run set -uo pipefail
2026-09-07T03:17:37.3473143Z [36;1mset -uo pipefail[0m
2026-09-07T03:17:37.3473393Z [36;1mset +e[0m
2026-09-07T03:17:37.3473630Z [36;1mbash packs/gherkin/verify-pack.sh[0m
2026-09-07T03:17:37.3473917Z [36;1mgherkin_exit=$?[0m
2026-09-07T03:17:37.3474136Z [36;1mset -e[0m
2026-09-07T03:17:37.3474442Z [36;1mprintf 'gherkin_exit=%s\n' "$gherkin_exit" >> "$GITHUB_OUTPUT"[0m
2026-09-07T03:17:37.3474930Z [36;1m[ "$gherkin_exit" -eq 0 ] || exit "$gherkin_exit"[0m
2026-09-07T03:17:37.3475276Z [36;1m: > "$RUNNER_TEMP/gherkin-observed-zero"[0m
2026-09-07T03:17:37.3513961Z shell: /usr/bin/bash --noprofile --norc -e -o pipefail {0}
2026-09-07T03:17:37.3514479Z ##[endgroup]
2026-09-07T03:17:37.3625708Z Gherkin pack — failure matrix
2026-09-07T03:17:37.3626886Z 
2026-09-07T03:17:39.3527925Z   ok   valid run passes (exit 0)
2026-09-07T03:17:39.3835029Z   ok   valid run passes with a matching --expect (exit 0)
2026-09-07T03:17:39.4121674Z   ok   zero execution blocks (exit 2)
2026-09-07T03:17:39.4426819Z   ok   executing fewer scenarios than declared blocks (exit 2)
2026-09-07T03:17:39.4732288Z   ok   FAILED blocks (exit 1)
2026-09-07T03:17:39.5018422Z   ok   UNDEFINED blocks (exit 1)
2026-09-07T03:17:39.5317514Z   ok   AMBIGUOUS blocks (exit 1)
2026-09-07T03:17:39.5606753Z   ok   PENDING blocks (exit 1)
2026-09-07T03:17:39.5925176Z   ok   SKIPPED blocks (exit 1)
2026-09-07T03:17:39.6223744Z   ok   duplicate scenario id blocks (exit 1)
2026-09-07T03:17:39.6596089Z   ok   malformed report blocks (exit 3)
2026-09-07T03:17:39.6872845Z   ok   truncated report blocks (exit 3)
2026-09-07T03:17:39.7164919Z   ok   missing report blocks (exit 3)
2026-09-07T03:17:39.7472054Z   ok   --expect rejects a non-numeric argument (exit 64)
2026-09-07T03:17:39.7813983Z   ok   validator runs inside a "type": "module" repo
2026-09-07T03:17:39.7814782Z 
2026-09-07T03:17:39.7815678Z ────────────────────────────────────────
2026-09-07T03:17:39.7816435Z 15 passed, 0 failed
2026-09-07T03:17:39.7838586Z Every failure mode blocks.
2026-09-07T03:17:39.7883135Z ##[group]Run set -euo pipefail
2026-09-07T03:17:39.7883476Z [36;1mset -euo pipefail[0m
2026-09-07T03:17:39.7883855Z [36;1m# Same version the pack's documented findings were measured against.[0m
2026-09-07T03:17:39.7884249Z [36;1mK6_VERSION=v2.1.0[0m
2026-09-07T03:17:39.7884773Z [36;1mcurl -fsSL "https://github.com/grafana/k6/releases/download/${K6_VERSION}/k6-${K6_VERSION}-linux-amd64.tar.gz" \[0m
2026-09-07T03:17:39.7885356Z [36;1m  | tar -xzf - -C "$RUNNER_TEMP"[0m
2026-09-07T03:17:39.7885773Z [36;1msudo install "$RUNNER_TEMP/k6-${K6_VERSION}-linux-amd64/k6" /usr/local/bin/k6[0m
2026-09-07T03:17:39.7886179Z [36;1mk6 version[0m
2026-09-07T03:17:39.7922619Z shell: /usr/bin/bash --noprofile --norc -e -o pipefail {0}
2026-09-07T03:17:39.7922968Z ##[endgroup]
2026-09-07T03:17:40.6346757Z k6 v2.1.0 (commit/83a87a41e2, go1.26.4, linux/amd64)
2026-09-07T03:17:40.6392074Z ##[group]Run set -euo pipefail
2026-09-07T03:17:40.6392463Z [36;1mset -euo pipefail[0m
2026-09-07T03:17:40.6392862Z [36;1m# An old protected judge cannot certify a new contract. Adoption is explicit.[0m
2026-09-07T03:17:40.6393573Z [36;1mpython3 - "$GITHUB_WORKSPACE/base/.harness/protected-judge/v1/.harness/judge-contract.json" <<'PYCONTRACT'[0m
2026-09-07T03:17:40.6394112Z [36;1mimport json,sys[0m
2026-09-07T03:17:40.6394596Z [36;1mexpected={"schema_version":1,"interfaces":["target-root-v1","installation-profile-v1","match-argv-v1"]}[0m
2026-09-07T03:17:40.6395117Z [36;1mtry:[0m
2026-09-07T03:17:40.6395405Z [36;1m    with open(sys.argv[1]) as stream: actual=json.load(stream)[0m
2026-09-07T03:17:40.6395775Z [36;1m    assert actual == expected[0m
2026-09-07T03:17:40.6396090Z [36;1mexcept (OSError,ValueError,AssertionError):[0m
2026-09-07T03:17:40.6396644Z [36;1m    sys.exit("ADOPTION_REQUIRED: protected base lacks the required judge contract; no head fallback")[0m
2026-09-07T03:17:40.6397118Z [36;1mPYCONTRACT[0m
2026-09-07T03:17:40.6397507Z [36;1mbash "$GITHUB_WORKSPACE/base/.harness/protected-judge/v1/scripts/setup-oracles.sh"[0m
2026-09-07T03:17:40.6398184Z [36;1mecho "$GITHUB_WORKSPACE/base/.harness/protected-judge/v1/.harness/tools/oracles-venv/bin" >> "$GITHUB_PATH"[0m
2026-09-07T03:17:40.6398930Z [36;1mexport PATH="$GITHUB_WORKSPACE/base/.harness/protected-judge/v1/.harness/tools/oracles-venv/bin:$PATH"[0m
2026-09-07T03:17:40.6399720Z [36;1mbash "$GITHUB_WORKSPACE/base/.harness/protected-judge/v1/scripts/run-gates.sh" quick --target "$GITHUB_WORKSPACE/head"[0m
2026-09-07T03:17:40.6400318Z [36;1m: > "$RUNNER_TEMP/gates-observed-zero"[0m
2026-09-07T03:17:40.6437203Z shell: /usr/bin/bash --noprofile --norc -e -o pipefail {0}
2026-09-07T03:17:40.6437539Z env:
2026-09-07T03:17:40.6437782Z   ROUTES_BASE: e5bfa5343d064e376086e2b13e45203b4ad4a481
2026-09-07T03:17:40.6438131Z   DELIVERY_BASE: e5bfa5343d064e376086e2b13e45203b4ad4a481
2026-09-07T03:17:40.6438435Z ##[endgroup]
2026-09-07T03:17:44.2893992Z Collecting PyYAML==6.0.3 (from -r /home/runner/work/harness-kit/harness-kit/base/.harness/protected-judge/v1/requirements-harness.txt (line 1))
2026-09-07T03:17:44.3304659Z   Downloading pyyaml-6.0.3-cp312-cp312-manylinux2014_x86_64.manylinux_2_17_x86_64.manylinux_2_28_x86_64.whl.metadata (2.4 kB)
2026-09-07T03:17:44.3424557Z Downloading pyyaml-6.0.3-cp312-cp312-manylinux2014_x86_64.manylinux_2_17_x86_64.manylinux_2_28_x86_64.whl (807 kB)
2026-09-07T03:17:44.3989032Z    ━━━━━━━━━━━━━━━━━━━━━━━━━━━━━━━━━━━━━━━━ 807.9/807.9 kB 19.5 MB/s eta 0:00:00
2026-09-07T03:17:44.4081415Z Installing collected packages: PyYAML
2026-09-07T03:17:44.4635022Z Successfully installed PyYAML-6.0.3
2026-09-07T03:17:44.5788216Z ── gates · aggregate quick · profile v1/kit
2026-09-07T03:17:44.6147268Z judge/base: e5bfa5343d064e376086e2b13e45203b4ad4a481
2026-09-07T03:17:44.6148256Z target/head: 6677e9978dfd9fa344186a65adddcadabd21cc7e
2026-09-07T03:17:44.6149427Z   decisions-append-only    PASS (0.0s, exit 0)
2026-09-07T03:17:44.7458353Z   agent-notes-tree         PASS (0.1s, exit 0)
2026-09-07T03:17:45.3556518Z   arch-boundaries          PASS (0.6s, exit 0)
2026-09-07T03:17:45.4026442Z   makefile-gates           PASS (0.0s, exit 0)
2026-09-07T03:17:45.4315834Z   version-sync             PASS (0.0s, exit 0)
2026-09-07T03:17:45.4370922Z   delivery-doc             PASS (0.0s, exit 0)
2026-09-07T03:17:45.5411024Z   context-routes           PASS (0.1s, exit 0)
2026-09-07T03:17:45.6954374Z   oracles-falsifiable      PASS (0.2s, exit 0)
2026-09-07T03:17:45.6955621Z ── 8 pass · 0 blocking · 0 not applicable
2026-09-07T03:17:45.7115191Z ##[group]Run actions/setup-node@820762786026740c76f36085b0efc47a31fe5020
2026-09-07T03:17:45.7115594Z with:
2026-09-07T03:17:45.7115788Z   node-version: 22
2026-09-07T03:17:45.7116101Z   package-manager-cache: false
2026-09-07T03:17:45.7116524Z   check-latest: false
2026-09-07T03:17:45.7121161Z   token: ***
2026-09-07T03:17:45.7121374Z ##[endgroup]
2026-09-07T03:17:45.8507477Z Found in cache @ /opt/hostedtoolcache/node/22.23.2/x64
2026-09-07T03:17:45.8509587Z ##[group]Environment details
2026-09-07T03:17:46.5251762Z node: v22.23.2
2026-09-07T03:17:46.5261342Z npm: 10.9.8
2026-09-07T03:17:46.5261969Z yarn: 1.22.22
2026-09-07T03:17:46.5262634Z ##[endgroup]
2026-09-07T03:17:46.5385582Z ##[group]Run npm ci --prefix packs/autonomy/repo-template/scripts/quality-orchestrator --ignore-scripts --no-audit --no-fund
2026-09-07T03:17:46.5386517Z [36;1mnpm ci --prefix packs/autonomy/repo-template/scripts/quality-orchestrator --ignore-scripts --no-audit --no-fund[0m
2026-09-07T03:17:46.5433582Z shell: /usr/bin/bash --noprofile --norc -e -o pipefail {0}
2026-09-07T03:17:46.5433948Z ##[endgroup]
2026-09-07T03:17:48.7964737Z 
2026-09-07T03:17:48.7974681Z added 2 packages in 2s
2026-09-07T03:17:48.8406091Z ##[group]Run set -uo pipefail
2026-09-07T03:17:48.8406416Z [36;1mset -uo pipefail[0m
2026-09-07T03:17:48.8406647Z [36;1mset +e[0m
2026-09-07T03:17:48.8406842Z [36;1mmake check[0m
2026-09-07T03:17:48.8407048Z [36;1mcommand_exit=$?[0m
2026-09-07T03:17:48.8407267Z [36;1mset -e[0m
2026-09-07T03:17:48.8407573Z [36;1mprintf 'command_exit=%s\n' "$command_exit" >> "$GITHUB_OUTPUT"[0m
2026-09-07T03:17:48.8408004Z [36;1m[ "$command_exit" -eq 0 ] || exit "$command_exit"[0m
2026-09-07T03:17:48.8408336Z [36;1m: > "$RUNNER_TEMP/check-observed-zero"[0m
2026-09-07T03:17:48.8445498Z shell: /usr/bin/bash --noprofile --norc -e -o pipefail {0}
2026-09-07T03:17:48.8445836Z env:
2026-09-07T03:17:48.8446084Z   ROUTES_BASE: e5bfa5343d064e376086e2b13e45203b4ad4a481
2026-09-07T03:17:48.8446449Z   DELIVERY_BASE: e5bfa5343d064e376086e2b13e45203b4ad4a481
2026-09-07T03:17:48.8446756Z ##[endgroup]
2026-09-07T03:17:48.8686363Z bash scripts/run-gates.sh quick
2026-09-07T03:17:48.9012401Z ── gates · aggregate quick · profile v1/kit
2026-09-07T03:17:48.9421755Z   decisions-append-only    PASS (0.0s, exit 0)
2026-09-07T03:17:49.1121213Z   agent-notes-tree         PASS (0.2s, exit 0)
2026-09-07T03:17:49.7178781Z   arch-boundaries          PASS (0.6s, exit 0)
2026-09-07T03:17:49.7659184Z   makefile-gates           PASS (0.0s, exit 0)
2026-09-07T03:17:49.7952171Z   version-sync             PASS (0.0s, exit 0)
2026-09-07T03:17:49.8014522Z   delivery-doc             PASS (0.0s, exit 0)
2026-09-07T03:17:49.9092008Z   context-routes           PASS (0.1s, exit 0)
2026-09-07T03:17:50.0878513Z   oracles-falsifiable      PASS (0.2s, exit 0)
2026-09-07T03:17:50.0881240Z ── 8 pass · 0 blocking · 0 not applicable
2026-09-07T03:17:50.0925193Z make check-core
2026-09-07T03:17:50.0960466Z make[1]: Entering directory '/home/runner/work/harness-kit/harness-kit/head'
2026-09-07T03:17:50.0962075Z bash scripts/check-prerequisites.sh full
2026-09-07T03:17:50.1457844Z Prerequisites verified for full scope; no verification tests ran in this step.
2026-09-07T03:17:50.1459983Z bash tests/run-tests.sh
2026-09-07T03:17:50.1526364Z harness-kit test suite
2026-09-07T03:17:52.7882175Z   ok   H01 verifier hardening regressions
2026-09-07T03:17:52.7882885Z 
2026-09-07T03:17:52.7883219Z 1. Syntax
2026-09-07T03:17:52.7917247Z   ok   syntax harness-activate.sh
2026-09-07T03:17:52.7971537Z   ok   syntax harness-audit.sh
2026-09-07T03:17:52.8005159Z   ok   syntax harness-init.sh
2026-09-07T03:17:52.8037801Z   ok   syntax harness-protect.sh
2026-09-07T03:17:52.8068561Z   ok   syntax harness-status.sh
2026-09-07T03:17:52.8098926Z   ok   syntax check-arch.sh
2026-09-07T03:17:52.8131984Z   ok   syntax clean-state-check.sh
2026-09-07T03:17:52.8160969Z   ok   syntax install-githooks.sh
2026-09-07T03:17:52.8191587Z   ok   syntax pre-commit-staged.sh
2026-09-07T03:17:52.8221862Z   ok   syntax run-gates.sh
2026-09-07T03:17:52.8254356Z   ok   syntax session-trace.sh
2026-09-07T03:17:52.8284491Z   ok   syntax setup-oracles.sh
2026-09-07T03:17:52.8315304Z   ok   syntax verify-agent-notes.sh
2026-09-07T03:17:52.8348391Z   ok   syntax verify-claims.sh
2026-09-07T03:17:52.8379953Z   ok   syntax verify-context-routes.sh
2026-09-07T03:17:52.8409973Z   ok   syntax verify-decisions.sh
2026-09-07T03:17:52.8443144Z   ok   syntax verify-delivery-doc.sh
2026-09-07T03:17:52.8475505Z   ok   syntax verify-feature.sh
2026-09-07T03:17:52.8506757Z   ok   syntax verify-makefile-gates.sh
2026-09-07T03:17:52.8538107Z   ok   syntax verify-oracles.sh
2026-09-07T03:17:52.8588591Z   ok   syntax run-tests.sh
2026-09-07T03:17:52.8776794Z   ok   in sync: scripts/check-arch.sh
2026-09-07T03:17:52.8823508Z   ok   in sync: scripts/clean-state-check.sh
2026-09-07T03:17:52.8872008Z   ok   in sync: scripts/install-githooks.sh
2026-09-07T03:17:52.8918679Z   ok   in sync: scripts/pre-commit-staged.sh
2026-09-07T03:17:52.8964880Z   ok   in sync: scripts/run-gates.sh
2026-09-07T03:17:52.9009741Z   ok   in sync: scripts/session-trace.sh
2026-09-07T03:17:52.9054290Z   ok   in sync: scripts/setup-oracles.sh
2026-09-07T03:17:52.9097665Z   ok   in sync: scripts/verify-agent-notes.sh
2026-09-07T03:17:52.9143687Z   ok   in sync: scripts/verify-claims.sh
2026-09-07T03:17:52.9187081Z   ok   in sync: scripts/verify-context-routes.sh
2026-09-07T03:17:52.9244001Z   ok   in sync: scripts/verify-decisions.sh
2026-09-07T03:17:52.9293562Z   ok   in sync: scripts/verify-delivery-doc.sh
2026-09-07T03:17:52.9340085Z   ok   in sync: scripts/verify-feature.sh
2026-09-07T03:17:52.9386250Z   ok   in sync: scripts/verify-makefile-gates.sh
2026-09-07T03:17:52.9433706Z   ok   in sync: scripts/verify-oracles.sh
2026-09-07T03:17:52.9651042Z   ok   valid json feature_list.json
2026-09-07T03:17:52.9870925Z   ok   valid json arch-rules.json
2026-09-07T03:17:52.9871823Z 
2026-09-07T03:17:52.9872732Z 2. Audit on a bare repo
2026-09-07T03:17:53.8779213Z   ok   bare repo fails critical checks (1/7)
2026-09-07T03:17:53.9838018Z   ok   audit exits 1 when critical checks fail
2026-09-07T03:17:53.9839482Z 
2026-09-07T03:17:53.9844716Z 3. Stable denominator
2026-09-07T03:17:54.8169823Z   ok   same total for empty and bare repo (comparable scores)
2026-09-07T03:17:54.8170991Z 
2026-09-07T03:17:54.8172008Z 4. init --dry-run writes nothing
2026-09-07T03:17:54.8455093Z   ok   dry run left no AGENTS.md
2026-09-07T03:17:54.8455856Z 
2026-09-07T03:17:54.8456382Z 5. init --level minimal
2026-09-07T03:17:55.0215966Z   ok   minimal wrote AGENTS.md
2026-09-07T03:17:55.0216896Z   ok   minimal wrote CLAUDE.md
2026-09-07T03:17:55.0217851Z   ok   minimal wrote init.sh
2026-09-07T03:17:55.0218636Z   ok   minimal wrote PROGRESS.md
2026-09-07T03:17:55.0219382Z   ok   minimal wrote feature_list.json
2026-09-07T03:17:55.0221042Z   ok   minimal wrote clean-state-checklist.md
2026-09-07T03:17:55.0222462Z   ok   minimal wrote DECISIONS.md
2026-09-07T03:17:55.0223161Z   ok   minimal wrote docs/decisions/README.md
2026-09-07T03:17:55.0223849Z   ok   init.sh is executable
2026-09-07T03:17:55.0237479Z   ok   all placeholders substituted in AGENTS.md
2026-09-07T03:17:55.0252715Z   ok   detected the real verify command
2026-09-07T03:17:56.0324770Z   ok   minimal harness passes all 7 critical checks
2026-09-07T03:17:56.0329781Z 
2026-09-07T03:17:56.0330203Z 6. init --level full
2026-09-07T03:17:56.6703218Z   ok   full wrote Makefile
2026-09-07T03:17:56.6704231Z   ok   full wrote scripts/verify-feature.sh
2026-09-07T03:17:56.6705186Z   ok   full wrote scripts/check-arch.sh
2026-09-07T03:17:56.6706006Z   ok   full wrote scripts/clean-state-check.sh
2026-09-07T03:17:56.6706807Z   ok   full wrote scripts/session-trace.sh
2026-09-07T03:17:56.6707853Z   ok   full wrote .harness/arch-rules.json
2026-09-07T03:17:56.6708646Z   ok   full wrote templates/sprint-contract.md
2026-09-07T03:17:56.6709505Z   ok   full wrote templates/evaluator-rubric.md
2026-09-07T03:17:56.6710325Z   ok   full wrote docs/quality-document.md
2026-09-07T03:17:57.6076631Z   ok   full harness scores >= 70/84 (got 81)
2026-09-07T03:17:57.6093107Z   ok   gitignored the trace artifact
2026-09-07T03:17:57.6093633Z 
2026-09-07T03:17:57.6094056Z 7. init never clobbers without --force
2026-09-07T03:17:57.6336075Z   ok   existing AGENTS.md preserved
2026-09-07T03:17:58.2536304Z   ok   --force does overwrite
2026-09-07T03:17:58.2571173Z 
2026-09-07T03:17:58.2581587Z 8. verify-feature gate
2026-09-07T03:17:58.3721983Z   ok   passing layers promote the feature
2026-09-07T03:17:58.3951374Z   ok   evidence recorded on promotion
2026-09-07T03:17:58.4972026Z   ok   failing layer exits non-zero
2026-09-07T03:17:58.4972703Z   ok   failure prints repair guidance
2026-09-07T03:17:58.4973372Z   ok   failure names the layer
2026-09-07T03:17:58.5174899Z   ok   budgeted failure is blocked pending recovery authority
2026-09-07T03:17:58.6137091Z   ok   layer calling exit still prints repair
2026-09-07T03:17:58.6518672Z   ok   unknown feature id exits 66
2026-09-07T03:17:58.7509846Z   ok   multiline layer command passes
2026-09-07T03:17:58.7525035Z   ok   multiline layer keeps both commands
2026-09-07T03:17:58.7526275Z   ok   repair prose never enters the execution channel
2026-09-07T03:17:58.7539338Z 
2026-09-07T03:17:58.7539759Z 9. clean-state-check
2026-09-07T03:17:58.9499319Z   ok   clean tree passes the clock-out gate
2026-09-07T03:17:59.1048307Z   ok   stray .orig file fails the gate
2026-09-07T03:17:59.2593803Z   ok   .DS_Store alone does not fail the gate
2026-09-07T03:17:59.4187850Z   ok   .DS_Store is reported as a note
2026-09-07T03:17:59.4698458Z   ok   verify command that cd's does not leak the working directory
2026-09-07T03:17:59.6477772Z   ok   passing-without-evidence is caught
2026-09-07T03:17:59.8243740Z   ok   WIP=1 violation is caught
2026-09-07T03:17:59.8244734Z 
2026-09-07T03:17:59.8245165Z 10. check-arch
2026-09-07T03:18:00.2053721Z   ok   clean repo passes arch rules
2026-09-07T03:18:00.6194604Z   ok   committed secret trips a rule
2026-09-07T03:18:00.6196024Z   ok   violation reports WHAT
2026-09-07T03:18:00.9979325Z   ok   env-var reference and function call are not flagged
2026-09-07T03:18:01.0014605Z   ok   violation reports WHY
2026-09-07T03:18:01.0015463Z   ok   violation reports FIX
2026-09-07T03:18:01.0019310Z   ok   violation names the offending file
2026-09-07T03:18:01.3896723Z   ok   conflict markers trip a rule
2026-09-07T03:18:01.3931784Z 
2026-09-07T03:18:01.3936459Z 11. session-trace
2026-09-07T03:18:01.4440358Z   ok   trace file written
2026-09-07T03:18:01.4464546Z   ok   three events recorded
2026-09-07T03:18:01.4667635Z   ok   every trace line is valid JSON
2026-09-07T03:18:01.4681677Z 
2026-09-07T03:18:01.4682200Z 12. NO_COLOR and JSON hygiene
2026-09-07T03:18:01.6709607Z   ok   NO_COLOR suppresses ANSI codes
2026-09-07T03:18:02.6167310Z   ok   --json emits parseable JSON
2026-09-07T03:18:02.6168095Z 
2026-09-07T03:18:03.9837512Z   ok   fixture has no budget_defaults (the case that used to break)
2026-09-07T03:18:04.9273698Z   ok   complete budgets pass enf.stopcond without budget_defaults
2026-09-07T03:18:04.9275110Z 13. budgets — the anti-loop gate
2026-09-07T03:18:04.9848556Z   ok   missing stop_condition exits 67
2026-09-07T03:18:05.0790846Z   ok   first failure still exits 1
2026-09-07T03:18:05.0985986Z   ok   first failure consumes one round
2026-09-07T03:18:05.0986930Z   ok   first failure still prints repair
2026-09-07T03:18:05.0987791Z   ok   first failure reports budget spent
2026-09-07T03:18:05.1356113Z   ok   ungranted retry exits policy code 5
2026-09-07T03:18:05.1361297Z   ok   recovery authority requirement is named
2026-09-07T03:18:05.1362286Z   ok   remaining budget is not relabelled exhausted
2026-09-07T03:18:05.1549490Z   ok   failed feature remains blocked
2026-09-07T03:18:05.2114173Z   ok   state edit and raised maximum do not grant recovery
2026-09-07T03:18:05.2115583Z   ok   ungranted recovery rejects before layer effects
2026-09-07T03:18:05.2309614Z   ok   failed ledger restores blocked state
2026-09-07T03:18:05.2507826Z   ok   rejected recovery preserves spent rounds
2026-09-07T03:18:05.3442989Z   ok   repeated blocker exits 4
2026-09-07T03:18:05.3443860Z   ok   repeated blocker is named
2026-09-07T03:18:05.4583707Z   ok   ledger accumulated before attempted recovery
2026-09-07T03:18:05.5171578Z   ok   edited command still needs recovery authority
2026-09-07T03:18:05.5172720Z   ok   edited command reports recovery requirement
2026-09-07T03:18:05.5173695Z   ok   edited command does not execute without recovery authority
2026-09-07T03:18:05.5371973Z   ok   rejected recovery preserves prior review rounds
2026-09-07T03:18:05.6046162Z   ok   no budgets means unchanged exit 1
2026-09-07T03:18:05.6047298Z   ok   no budgets still prints repair
2026-09-07T03:18:05.6048147Z 
2026-09-07T03:18:05.6049187Z 14. verify-claims — re-check what the repo claims is passing
2026-09-07T03:18:06.2881584Z   ok   honest passing claim exits 0
2026-09-07T03:18:06.2892135Z   ok   reports how many claims were re-verified
2026-09-07T03:18:06.3613086Z   ok   false claim exits 1
2026-09-07T03:18:06.3616088Z   ok   false claim is named FALSE_CLAIM
2026-09-07T03:18:06.3616816Z   ok   false claim names the feature
2026-09-07T03:18:06.4257303Z   ok   unverifiable claim exits 2
2026-09-07T03:18:06.4904320Z   ok   claim without evidence exits 2
2026-09-07T03:18:06.4905164Z   ok   missing evidence is named
2026-09-07T03:18:06.5529013Z   ok   unclaimed features do not block
2026-09-07T03:18:06.6149537Z   ok   no claims still exits 0
2026-09-07T03:18:06.6161587Z   ok   no claims is stated, not silent
2026-09-07T03:18:06.6162335Z   ok   required-quality workflow is scaffolded
2026-09-07T03:18:06.7073659Z   ok   weakened verification exits 5
2026-09-07T03:18:06.7074472Z   ok   the weakening is named
2026-09-07T03:18:06.7075125Z   ok   it names the feature
2026-09-07T03:18:06.7075991Z   ok   it shows the command that was there before
2026-09-07T03:18:06.7838677Z   ok   changing the command while going back to active is allowed
2026-09-07T03:18:06.8897412Z   ok   unchanged layers pass against a base
2026-09-07T03:18:06.9961220Z   ok   a new feature is not a weakening
2026-09-07T03:18:07.0665428Z   ok   no base still falls back to FALSE_CLAIM
2026-09-07T03:18:07.0666117Z 
2026-09-07T03:18:07.0667393Z 15. workflow integrity — the gate must protect its own definition
2026-09-07T03:18:07.0696577Z   ok   every action is pinned to a 40-hex SHA
2026-09-07T03:18:07.0697438Z   ok   integrity ruleset payload is scaffolded
2026-09-07T03:18:07.0903820Z   ok   integrity ruleset targets push
2026-09-07T03:18:07.0904756Z   ok   integrity ruleset is active
2026-09-07T03:18:07.0905474Z   ok   integrity ruleset has no bypass actors
2026-09-07T03:18:07.0906243Z   ok   integrity ruleset restricts the workflow path
2026-09-07T03:18:07.0907403Z   ok   required-check ruleset payload is scaffolded
2026-09-07T03:18:07.0908504Z   ok   harness-protect.sh exists
2026-09-07T03:18:07.0929577Z   ok   harness-protect.sh parses
2026-09-07T03:18:07.0945988Z   ok   AGENTS.md documents the skipped-job bypass
2026-09-07T03:18:07.0946628Z 
2026-09-07T03:18:07.0947513Z 16. audit rubric v2 — the score measures what is now enforced
2026-09-07T03:18:08.6574794Z   ok   json declares the rubric version
2026-09-07T03:18:08.8623131Z   ok   text output names the rubric
2026-09-07T03:18:08.8842726Z   ok   rubric adds enforcement checks (10)
2026-09-07T03:18:08.8843850Z   ok   full scaffold passes every enforcement check
2026-09-07T03:18:09.8137900Z   ok   missing verify-claims.sh is caught
2026-09-07T03:18:10.7726340Z   ok   unpinned action is caught
2026-09-07T03:18:11.7275836Z   ok   budgets without stop_condition is caught
2026-09-07T03:18:11.7276952Z 
2026-09-07T03:18:11.7278313Z 17. verify-decisions — the record of WHY cannot be rewritten
2026-09-07T03:18:12.3934232Z   ok   unchanged ledger passes
2026-09-07T03:18:12.4414986Z   ok   appending a decision is allowed
2026-09-07T03:18:12.4993001Z   ok   rewriting an earlier decision exits 1
2026-09-07T03:18:12.4994715Z   ok   the rewrite is named
2026-09-07T03:18:12.4995585Z   ok   the altered decision is identified
2026-09-07T03:18:12.5624837Z   ok   deleting an earlier decision exits 1
2026-09-07T03:18:12.5631748Z   ok   the deleted decision is identified
2026-09-07T03:18:12.5969789Z   ok   DECISIONS_BASE_FILE path catches the rewrite too
2026-09-07T03:18:12.6325360Z   ok   DECISIONS_BASE_FILE path passes an intact ledger
2026-09-07T03:18:12.6689981Z   ok   absent ledger in base is not an error
2026-09-07T03:18:12.6692229Z 
2026-09-07T03:18:12.6693119Z 18. activate / status — one command, and an honest answer
2026-09-07T03:18:12.7197467Z   ok   status reports NOT_ACTIVATED before anything exists
2026-09-07T03:18:12.7215443Z   ok   status exits non-zero when not activated
2026-09-07T03:18:12.7293891Z   ok   activate --dry-run wrote nothing
2026-09-07T03:18:14.0575864Z   ok   activate exits 0 on a local repo
2026-09-07T03:18:14.0576781Z   ok   activate installed AGENTS.md
2026-09-07T03:18:14.0577560Z   ok   activate installed feature_list.json
2026-09-07T03:18:14.0578295Z   ok   activate installed Makefile
2026-09-07T03:18:14.0579174Z   ok   activate installed scripts/verify-claims.sh
2026-09-07T03:18:14.0580380Z   ok   activate installed scripts/verify-decisions.sh
2026-09-07T03:18:14.0581710Z   ok   activate installed .github/workflows/required-quality.yml
2026-09-07T03:18:14.0582889Z   ok   activate names the detected verify command
2026-09-07T03:18:14.0583716Z   ok   activate reports READY_LOCAL without a remote
2026-09-07T03:18:14.7695214Z   ok   status agrees after activation
2026-09-07T03:18:14.7696204Z   ok   status exits 0 when activated
2026-09-07T03:18:15.5162130Z   ok   activate is idempotent and never clobbers
2026-09-07T03:18:16.8530222Z   ok   --with gherkin installs the runner
2026-09-07T03:18:16.8531447Z   ok   --with gherkin installs the validator
2026-09-07T03:18:16.8532359Z   ok   gherkin stays opt-in when not requested
2026-09-07T03:18:16.8703693Z   ok   an unknown pack is a usage error (exit 64)
2026-09-07T03:18:16.8744936Z   ok   the unknown pack is named in the error
2026-09-07T03:18:16.8745794Z   ok   a rejected --with installs nothing
2026-09-07T03:18:16.8746308Z 
2026-09-07T03:18:16.8746611Z 19. version and fleet drift
2026-09-07T03:18:16.8747394Z   ok   VERSION file exists
2026-09-07T03:18:16.8764671Z   ok   VERSION is semver (2.2.5)
2026-09-07T03:18:17.8540034Z   ok   audit reports the VERSION file
2026-09-07T03:18:17.8541312Z   ok   target records the kit version
2026-09-07T03:18:17.8558882Z   ok   recorded version matches the kit
2026-09-07T03:18:18.5662123Z   ok   status shows the kit version
2026-09-07T03:18:18.5663166Z   ok   an up-to-date repo is not reported as stale
2026-09-07T03:18:19.2909300Z   ok   a stale repo is reported
2026-09-07T03:18:19.2910258Z   ok   the stale report names both versions
2026-09-07T03:18:19.3256823Z   ok   version-sync passes when every copy agrees
2026-09-07T03:18:19.3581614Z   ok   version-sync rejects a stale .harness/kit-version
2026-09-07T03:18:19.3897846Z   ok   version-sync rejects a manifest that disagrees with VERSION
2026-09-07T03:18:19.4286093Z   ok   sync-version.sh repairs the drift its own error message points at
2026-09-07T03:18:19.4287456Z 
2026-09-07T03:18:19.4288059Z 20. Declared gates must do real work
2026-09-07T03:18:20.0617377Z   ok   scaffolded e2e without a command fails closed
2026-09-07T03:18:20.0659979Z   ok   the empty e2e explains itself
2026-09-07T03:18:20.0778400Z   ok   a placeholder target is rejected
2026-09-07T03:18:20.0781755Z   ok   the offending target is named
2026-09-07T03:18:20.0847613Z   ok   a Makefile whose targets all work is accepted
2026-09-07T03:18:20.0888499Z   ok   installed: scripts/check-arch.sh
2026-09-07T03:18:20.1080166Z   ok   installed: scripts/verify-agent-notes.sh
2026-09-07T03:18:20.1110919Z   ok   installed: scripts/verify-claims.sh
2026-09-07T03:18:20.1139632Z   ok   installed: scripts/verify-context-routes.sh
2026-09-07T03:18:20.1166775Z   ok   installed: scripts/verify-decisions.sh
2026-09-07T03:18:20.1196547Z   ok   installed: scripts/verify-delivery-doc.sh
2026-09-07T03:18:20.1253369Z   ok   installed: scripts/verify-makefile-gates.sh
2026-09-07T03:18:20.1283953Z   ok   installed: scripts/verify-oracles.sh
2026-09-07T03:18:20.1302436Z   ok   makefile-gates is a registered gate
2026-09-07T03:18:20.1303197Z 
2026-09-07T03:18:20.1303819Z 21. verify-claims observes every declared execution
2026-09-07T03:18:20.8369913Z   ok   shared-layer claims still exit 0
2026-09-07T03:18:20.8400528Z   ok   an identical command runs for every declaration
2026-09-07T03:18:20.8401563Z   ok   every feature is still reported
2026-09-07T03:18:20.9239743Z   ok   two distinct commands both run
2026-09-07T03:18:21.0052065Z   ok   a shared failing command still fails
2026-09-07T03:18:21.0053688Z   ok   it fails once per feature that declares it
2026-09-07T03:18:21.0054331Z 
2026-09-07T03:18:21.0055261Z 15 — verify-delivery-doc
2026-09-07T03:18:21.0891066Z   ok   a runbook describing the previous release fails
2026-09-07T03:18:21.0892092Z   ok   it names the stale deploy tag
2026-09-07T03:18:21.0892815Z   ok   it names the unmentioned migration
2026-09-07T03:18:21.0893738Z   ok   it flags the section about an older version
2026-09-07T03:18:21.0900992Z   ok   it flags the dead relative link
2026-09-07T03:18:21.1257497Z   ok   an unresolvable DELIVERY_BASE is NOT_CONFIGURED, not a pass
2026-09-07T03:18:21.1930223Z   ok   the corrected runbook passes
2026-09-07T03:18:21.1931624Z   ok   and says which release it describes
2026-09-07T03:18:21.2549870Z   ok   a changelog's own tags are not flagged
2026-09-07T03:18:21.2691200Z   ok   no runbook heading is a skip, not a failure
2026-09-07T03:18:21.2692105Z   ok   and the skip says why
2026-09-07T03:18:21.2745029Z   ok   a delivering repo cannot lose its runbook silently
2026-09-07T03:18:21.2745745Z 
2026-09-07T03:18:21.2746841Z 16 — run-gates state machine
2026-09-07T03:18:21.3485122Z   ok   a passing gate exits 0
2026-09-07T03:18:21.3486135Z   ok   and reports PASS
2026-09-07T03:18:21.4115153Z   ok   FAIL blocks the run
2026-09-07T03:18:21.4116128Z   ok   FAIL is reported by name
2026-09-07T03:18:21.4742101Z   ok   NOT_CONFIGURED blocks the run
2026-09-07T03:18:21.4743287Z   ok   NOT_CONFIGURED is reported by name
2026-09-07T03:18:21.5372512Z   ok   TOOL_FAILURE blocks the run
2026-09-07T03:18:21.5401674Z   ok   TOOL_FAILURE is reported by name
2026-09-07T03:18:21.6006609Z   ok   INCOMPLETE blocks the run
2026-09-07T03:18:21.6011958Z   ok   INCOMPLETE is reported by name
2026-09-07T03:18:21.6636102Z   ok   POLICY blocks the run
2026-09-07T03:18:21.6641769Z   ok   POLICY is reported by name
2026-09-07T03:18:21.7258553Z   ok   UNKNOWN blocks the run
2026-09-07T03:18:21.7259527Z   ok   UNKNOWN is reported by name
2026-09-07T03:18:21.7899181Z   ok   an unknown state says nothing was verified
2026-09-07T03:18:21.8513843Z   ok   a missing REQUIRED gate blocks
2026-09-07T03:18:21.8514987Z   ok   and is named NOT_EXECUTED
2026-09-07T03:18:21.9129957Z   ok   a declared inapplicable kit-only gate does not block
2026-09-07T03:18:21.9142317Z   ok   and states explicit applicability
2026-09-07T03:18:21.9781140Z   ok   a passing gate does not offset a blocking one
2026-09-07T03:18:21.9781978Z 
2026-09-07T03:18:21.9783208Z 17 — verify-context-routes
2026-09-07T03:18:22.0598086Z   ok   a governed change citing nothing fails
2026-09-07T03:18:22.0599191Z   ok   it names the documents that govern it
2026-09-07T03:18:22.0600513Z   ok   and says why they govern
2026-09-07T03:18:22.1175194Z   ok   the same change, citing its source, passes
2026-09-07T03:18:22.1861709Z   ok   a citation inside an Agent Note counts
2026-09-07T03:18:22.2503095Z   ok   an ungoverned change is not nagged
2026-09-07T03:18:22.3125029Z   ok   --list advises without blocking
2026-09-07T03:18:22.3126364Z   ok   and prints the reading list
2026-09-07T03:18:22.3516452Z   ok   an unresolvable base never passes
2026-09-07T03:18:22.3864168Z   ok   a missing route map is NOT_CONFIGURED
2026-09-07T03:18:22.4213902Z   ok   a malformed route map is NOT_CONFIGURED
2026-09-07T03:18:22.4214626Z 
2026-09-07T03:18:22.4215646Z 18 — verify-oracles
2026-09-07T03:18:22.4808529Z   ok   no oracles is a pass, stated out loud
2026-09-07T03:18:22.5742228Z   ok   an unanswered question blocks TEST_READY
2026-09-07T03:18:22.5743339Z   ok   and the message quotes the question
2026-09-07T03:18:22.5744600Z   ok   «TBD» does not count as answered
2026-09-07T03:18:22.6672198Z   ok   a critical criterion with no falsification blocks
2026-09-07T03:18:22.6673278Z   ok   and says what a test only seen passing proves
2026-09-07T03:18:22.8220061Z   ok   a proved criterion passes
2026-09-07T03:18:22.9260141Z   ok   editing the test after the proof goes stale
2026-09-07T03:18:22.9275549Z   ok   and names the test that moved
2026-09-07T03:18:22.9287862Z   ok   and says the proof no longer covers it
2026-09-07T03:18:23.0237050Z   ok   a SHA outside this history blocks
2026-09-07T03:18:23.0241515Z   ok   and says so plainly
2026-09-07T03:18:23.1224500Z   ok   a test that does not exist blocks
2026-09-07T03:18:23.2169439Z   ok   a critical DRAFT blocks
2026-09-07T03:18:23.2171607Z   ok   and says no code should rely on it yet
2026-09-07T03:18:23.3126534Z   ok   a retired criterion is not enforced
2026-09-07T03:18:23.4053703Z   ok   --list never blocks
2026-09-07T03:18:23.4054606Z   ok   and shows the status
2026-09-07T03:18:48.8730848Z   ok   H02 live gates, profile, hook, oracle and status regression matrix
2026-09-07T03:18:48.8731740Z 
2026-09-07T03:18:48.8733211Z ────────────────────────────────────────
2026-09-07T03:18:48.8734331Z 286 passed, 0 failed
2026-09-07T03:18:48.8734947Z All tests passed.
2026-09-07T03:18:48.9182080Z python3 tests/protected-workflow-regression.py
2026-09-07T03:18:50.9752987Z PASS: protected workflow uses only the relocated base judge bundle
2026-09-07T03:18:50.9835365Z 
2026-09-07T03:18:51.0655398Z TAP version 13
2026-09-07T03:19:29.9182144Z # Subtest: H04 maximum accepted key reconciles without widening candidate keys
2026-09-07T03:19:29.9201672Z ok 1 - H04 maximum accepted key reconciles without widening candidate keys
2026-09-07T03:19:29.9231197Z   ---
2026-09-07T03:19:29.9231666Z   duration_ms: 556.387051
2026-09-07T03:19:29.9305357Z   type: 'test'
2026-09-07T03:19:29.9305874Z   ...
2026-09-07T03:19:29.9306704Z # Subtest: H04 publication retains verified intermediate B before successor C
2026-09-07T03:19:29.9307757Z ok 2 - H04 publication retains verified intermediate B before successor C
2026-09-07T03:19:29.9308315Z   ---
2026-09-07T03:19:29.9308764Z   duration_ms: 494.812806
2026-09-07T03:19:29.9309239Z   type: 'test'
2026-09-07T03:19:29.9309665Z   ...
2026-09-07T03:19:29.9310874Z # Subtest: e2e: public capability writes canonical source and derived digest with persistent exact receipt
2026-09-07T03:19:29.9312602Z ok 3 - e2e: public capability writes canonical source and derived digest with persistent exact receipt
2026-09-07T03:19:29.9313551Z   ---
2026-09-07T03:19:29.9346030Z   duration_ms: 3198.344976
2026-09-07T03:19:29.9347208Z   type: 'test'
2026-09-07T03:19:29.9349080Z   ...
2026-09-07T03:19:29.9350123Z # Subtest: canonical write uses exact numeric lexemes and preserves accepted semantics
2026-09-07T03:19:29.9351794Z ok 4 - canonical write uses exact numeric lexemes and preserves accepted semantics
2026-09-07T03:19:29.9352750Z   ---
2026-09-07T03:19:29.9353256Z   duration_ms: 1685.164533
2026-09-07T03:19:29.9353828Z   type: 'test'
2026-09-07T03:19:29.9354326Z   ...
2026-09-07T03:19:29.9355050Z # Subtest: capability rejects traversal before mutation
2026-09-07T03:19:29.9356026Z ok 5 - capability rejects traversal before mutation
2026-09-07T03:19:29.9356758Z   ---
2026-09-07T03:19:29.9357269Z   duration_ms: 396.857158
2026-09-07T03:19:29.9357826Z   type: 'test'
2026-09-07T03:19:29.9358306Z   ...
2026-09-07T03:19:29.9358986Z # Subtest: capability rejects deny before mutation
2026-09-07T03:19:29.9359903Z ok 6 - capability rejects deny before mutation
2026-09-07T03:19:29.9360837Z   ---
2026-09-07T03:19:29.9421421Z   duration_ms: 571.496562
2026-09-07T03:19:29.9512440Z   type: 'test'
2026-09-07T03:19:29.9532459Z   ...
2026-09-07T03:19:29.9534900Z # Subtest: capability rejects symlink before mutation
2026-09-07T03:19:29.9535885Z ok 7 - capability rejects symlink before mutation
2026-09-07T03:19:29.9537043Z   ---
2026-09-07T03:19:29.9537853Z   duration_ms: 562.992256
2026-09-07T03:19:29.9538859Z   type: 'test'
2026-09-07T03:19:29.9544692Z   ...
2026-09-07T03:19:29.9545551Z # Subtest: capability rejects hardlink before mutation
2026-09-07T03:19:29.9546798Z ok 8 - capability rejects hardlink before mutation
2026-09-07T03:19:29.9547602Z   ---
2026-09-07T03:19:29.9548421Z   duration_ms: 568.729995
2026-09-07T03:19:29.9549042Z   type: 'test'
2026-09-07T03:19:29.9549849Z   ...
2026-09-07T03:19:29.9550853Z # Subtest: capability rejects extra before mutation
2026-09-07T03:19:29.9552911Z ok 9 - capability rejects extra before mutation
2026-09-07T03:19:29.9553755Z   ---
2026-09-07T03:19:29.9554592Z   duration_ms: 380.860191
2026-09-07T03:19:29.9555302Z   type: 'test'
2026-09-07T03:19:29.9556281Z   ...
2026-09-07T03:19:29.9571661Z # Subtest: capability rejects callback before mutation
2026-09-07T03:19:29.9576433Z ok 10 - capability rejects callback before mutation
2026-09-07T03:19:29.9577475Z   ---
2026-09-07T03:19:29.9578891Z   duration_ms: 378.046465
2026-09-07T03:19:29.9579793Z   type: 'test'
2026-09-07T03:19:29.9581043Z   ...
2026-09-07T03:19:29.9581910Z # Subtest: deny wins even when host allowlist overlaps
2026-09-07T03:19:29.9583317Z ok 11 - deny wins even when host allowlist overlaps
2026-09-07T03:19:29.9584308Z   ---
2026-09-07T03:19:29.9585414Z   duration_ms: 564.890842
2026-09-07T03:19:29.9586340Z   type: 'test'
2026-09-07T03:19:29.9587368Z   ...
2026-09-07T03:19:29.9588510Z # Subtest: forged context, grant, permit and lease never confer execution authority
2026-09-07T03:19:29.9590486Z ok 12 - forged context, grant, permit and lease never confer execution authority
2026-09-07T03:19:29.9592014Z   ---
2026-09-07T03:19:29.9593123Z   duration_ms: 1176.205387
2026-09-07T03:19:29.9593924Z   type: 'test'
2026-09-07T03:19:29.9595002Z   ...
2026-09-07T03:19:29.9595973Z # Subtest: execute rechecks source after prepare
2026-09-07T03:19:29.9597512Z ok 13 - execute rechecks source after prepare
2026-09-07T03:19:29.9598519Z   ---
2026-09-07T03:19:29.9599582Z   duration_ms: 1722.170552
2026-09-07T03:19:29.9600421Z   type: 'test'
2026-09-07T03:19:29.9601746Z   ...
2026-09-07T03:19:29.9602747Z # Subtest: execute rechecks frozen after prepare
2026-09-07T03:19:29.9604186Z ok 14 - execute rechecks frozen after prepare
2026-09-07T03:19:29.9605094Z   ---
2026-09-07T03:19:29.9606099Z   duration_ms: 1705.757985
2026-09-07T03:19:29.9606955Z   type: 'test'
2026-09-07T03:19:29.9608011Z   ...
2026-09-07T03:19:29.9608975Z # Subtest: execute rechecks commit after prepare
2026-09-07T03:19:29.9610405Z ok 15 - execute rechecks commit after prepare
2026-09-07T03:19:29.9611699Z   ---
2026-09-07T03:19:29.9612781Z   duration_ms: 1680.833589
2026-09-07T03:19:29.9613983Z   type: 'test'
2026-09-07T03:19:29.9615071Z   ...
2026-09-07T03:19:29.9616076Z # Subtest: execute rechecks alias after prepare
2026-09-07T03:19:29.9617448Z ok 16 - execute rechecks alias after prepare
2026-09-07T03:19:29.9618405Z   ---
2026-09-07T03:19:29.9619474Z   duration_ms: 1370.900802
2026-09-07T03:19:29.9622967Z   type: 'test'
2026-09-07T03:19:29.9623346Z   ...
2026-09-07T03:19:29.9623861Z # Subtest: execute rechecks mode after prepare
2026-09-07T03:19:29.9624582Z ok 17 - execute rechecks mode after prepare
2026-09-07T03:19:29.9625113Z   ---
2026-09-07T03:19:29.9625478Z   duration_ms: 1308.013236
2026-09-07T03:19:29.9625895Z   type: 'test'
2026-09-07T03:19:29.9626211Z   ...
2026-09-07T03:19:29.9626844Z # Subtest: exclusive leases reject second owner and stale handles after release
2026-09-07T03:19:29.9627773Z ok 18 - exclusive leases reject second owner and stale handles after release
2026-09-07T03:19:29.9628340Z   ---
2026-09-07T03:19:29.9628619Z   duration_ms: 2597.851701
2026-09-07T03:19:29.9628975Z   type: 'test'
2026-09-07T03:19:29.9629259Z   ...
2026-09-07T03:19:29.9629956Z # Subtest: untrusted subprocess capability refuses missing real containment before spawn
2026-09-07T03:19:29.9631312Z ok 19 - untrusted subprocess capability refuses missing real containment before spawn
2026-09-07T03:19:29.9631982Z   ---
2026-09-07T03:19:29.9632270Z   duration_ms: 380.599995
2026-09-07T03:19:29.9632612Z   type: 'test'
2026-09-07T03:19:29.9632892Z   ...
2026-09-07T03:19:29.9633602Z # Subtest: canonical preparation validates dependent frozen documents before any effect
2026-09-07T03:19:29.9634714Z ok 20 - canonical preparation validates dependent frozen documents before any effect
2026-09-07T03:19:29.9635420Z   ---
2026-09-07T03:19:29.9635870Z   duration_ms: 567.392245
2026-09-07T03:19:29.9636361Z   type: 'test'
2026-09-07T03:19:29.9636725Z   ...
2026-09-07T03:19:29.9637843Z # Subtest: e2e: actual postcondition mismatch retains pending intent and never repeats a partial write
2026-09-07T03:19:29.9639353Z ok 21 - e2e: actual postcondition mismatch retains pending intent and never repeats a partial write
2026-09-07T03:19:29.9640338Z   ---
2026-09-07T03:19:29.9641170Z   duration_ms: 2213.131201
2026-09-07T03:19:29.9641722Z   type: 'test'
2026-09-07T03:19:29.9642235Z   ...
2026-09-07T03:19:29.9722823Z # Subtest: e2e: crash after complete publication reconciles exact bytes without republishing
2026-09-07T03:19:29.9724149Z ok 22 - e2e: crash after complete publication reconciles exact bytes without republishing
2026-09-07T03:19:29.9724847Z   ---
2026-09-07T03:19:29.9725074Z   duration_ms: 2424.36369
2026-09-07T03:19:29.9725317Z   type: 'test'
2026-09-07T03:19:29.9725521Z   ...
2026-09-07T03:19:29.9725910Z # Subtest: expired grant stops a previously prepared effect before spend
2026-09-07T03:19:29.9726494Z ok 23 - expired grant stops a previously prepared effect before spend
2026-09-07T03:19:29.9726853Z   ---
2026-09-07T03:19:29.9727046Z   duration_ms: 922.896787
2026-09-07T03:19:29.9727279Z   type: 'test'
2026-09-07T03:19:29.9727477Z   ...
2026-09-07T03:19:29.9727894Z # Subtest: runtime and transitive dependency bundle changes block prepared effects
2026-09-07T03:19:29.9728508Z ok 24 - runtime and transitive dependency bundle changes block prepared effects
2026-09-07T03:19:29.9728893Z   ---
2026-09-07T03:19:29.9729084Z   duration_ms: 1116.132723
2026-09-07T03:19:29.9729307Z   type: 'test'
2026-09-07T03:19:29.9729491Z   ...
2026-09-07T03:19:29.9729906Z # Subtest: host must pin installed implementation and claim only supported local mode
2026-09-07T03:19:29.9730524Z ok 25 - host must pin installed implementation and claim only supported local mode
2026-09-07T03:19:29.9731478Z   ---
2026-09-07T03:19:29.9731795Z   duration_ms: 381.097088
2026-09-07T03:19:29.9732155Z   type: 'test'
2026-09-07T03:19:29.9732463Z   ...
2026-09-07T03:19:29.9733089Z # Subtest: oversized source and symlink ancestors are refused before write
2026-09-07T03:19:29.9734021Z ok 26 - oversized source and symlink ancestors are refused before write
2026-09-07T03:19:29.9734998Z   ---
2026-09-07T03:19:29.9735363Z   duration_ms: 558.23381
2026-09-07T03:19:29.9735720Z   type: 'test'
2026-09-07T03:19:29.9736035Z   ...
2026-09-07T03:19:29.9736471Z # Subtest: supervisor rejects unexpected frozen delta after last output publication
2026-09-07T03:19:29.9737116Z ok 27 - supervisor rejects unexpected frozen delta after last output publication
2026-09-07T03:19:29.9737508Z   ---
2026-09-07T03:19:29.9737704Z   duration_ms: 1841.07708
2026-09-07T03:19:29.9737926Z   type: 'test'
2026-09-07T03:19:29.9738113Z   ...
2026-09-07T03:19:29.9738651Z # Subtest: generic target reconciliation cannot substitute a supervised capability receipt (reopen=false)
2026-09-07T03:19:29.9739470Z ok 28 - generic target reconciliation cannot substitute a supervised capability receipt (reopen=false)
2026-09-07T03:19:29.9739940Z   ---
2026-09-07T03:19:29.9740128Z   duration_ms: 2075.141562
2026-09-07T03:19:29.9740350Z   type: 'test'
2026-09-07T03:19:29.9741415Z   ...
2026-09-07T03:19:29.9742523Z # Subtest: generic target reconciliation cannot substitute a supervised capability receipt (reopen=true)
2026-09-07T03:19:29.9743962Z ok 29 - generic target reconciliation cannot substitute a supervised capability receipt (reopen=true)
2026-09-07T03:19:29.9744832Z   ---
2026-09-07T03:19:29.9745156Z   duration_ms: 2085.212893
2026-09-07T03:19:29.9745510Z   type: 'test'
2026-09-07T03:19:29.9745804Z   ...
2026-09-07T03:19:29.9746654Z # Subtest: H05-R1 rejects canonical output missing accepted-before identity before permit, spend or effects
2026-09-07T03:19:29.9747979Z ok 30 - H05-R1 rejects canonical output missing accepted-before identity before permit, spend or effects
2026-09-07T03:19:29.9748727Z   ---
2026-09-07T03:19:29.9749011Z   duration_ms: 749.328599
2026-09-07T03:19:29.9749360Z   type: 'test'
2026-09-07T03:19:29.9749649Z   ...
2026-09-07T03:19:29.9750403Z # Subtest: H05-R1 rejects canonical output outside adopted scope before permit, spend or effects
2026-09-07T03:19:29.9752952Z ok 31 - H05-R1 rejects canonical output outside adopted scope before permit, spend or effects
2026-09-07T03:19:29.9753625Z   ---
2026-09-07T03:19:29.9753914Z   duration_ms: 734.303413
2026-09-07T03:19:29.9754279Z   type: 'test'
2026-09-07T03:19:29.9754581Z   ...
2026-09-07T03:19:29.9755659Z # Subtest: H05-R1 rejects derived target omitted from accepted context before permit, spend or effects
2026-09-07T03:19:29.9756951Z ok 32 - H05-R1 rejects derived target omitted from accepted context before permit, spend or effects
2026-09-07T03:19:29.9757636Z   ---
2026-09-07T03:19:29.9757927Z   duration_ms: 735.114193
2026-09-07T03:19:29.9758280Z   type: 'test'
2026-09-07T03:19:29.9758564Z   ...
2026-09-07T03:19:29.9759360Z # Subtest: H05-R1 rejects derived source and target outside adopted context before permit, spend or effects
2026-09-07T03:19:29.9760851Z ok 33 - H05-R1 rejects derived source and target outside adopted context before permit, spend or effects
2026-09-07T03:19:29.9761687Z   ---
2026-09-07T03:19:29.9761893Z   duration_ms: 737.788298
2026-09-07T03:19:29.9762134Z   type: 'test'
2026-09-07T03:19:29.9762322Z   ...
2026-09-07T03:19:29.9827609Z 1..33
2026-09-07T03:19:29.9851481Z # tests 33
2026-09-07T03:19:29.9852436Z # suites 0
2026-09-07T03:19:29.9853453Z # pass 33
2026-09-07T03:19:29.9854076Z # fail 0
2026-09-07T03:19:29.9855022Z # cancelled 0
2026-09-07T03:19:29.9855689Z # skipped 0
2026-09-07T03:19:29.9856551Z # todo 0
2026-09-07T03:19:29.9857244Z # duration_ms 38936.494514
2026-09-07T03:19:30.0491334Z TAP version 13
2026-09-07T03:19:30.5290311Z # Subtest: valid pinned adoption and accepted baseline yield opaque instance handles
2026-09-07T03:19:30.5297517Z ok 1 - valid pinned adoption and accepted baseline yield opaque instance handles
2026-09-07T03:19:30.5382150Z   ---
2026-09-07T03:19:30.5383085Z   duration_ms: 24.298948
2026-09-07T03:19:30.5384228Z   type: 'test'
2026-09-07T03:19:30.5384942Z   ...
2026-09-07T03:19:30.5386124Z # Subtest: receipt repo blocks even when signed
2026-09-07T03:19:30.5387325Z ok 2 - receipt repo blocks even when signed
2026-09-07T03:19:30.5389062Z   ---
2026-09-07T03:19:30.5389817Z   duration_ms: 2.296268
2026-09-07T03:19:30.5391136Z   type: 'test'
2026-09-07T03:19:30.5391913Z   ...
2026-09-07T03:19:30.5393136Z # Subtest: receipt subject blocks even when signed
2026-09-07T03:19:30.5396476Z ok 3 - receipt subject blocks even when signed
2026-09-07T03:19:30.5397035Z   ---
2026-09-07T03:19:30.5397394Z   duration_ms: 3.375267
2026-09-07T03:19:30.5397790Z   type: 'test'
2026-09-07T03:19:30.5398112Z   ...
2026-09-07T03:19:30.5398658Z # Subtest: receipt scope blocks even when signed
2026-09-07T03:19:30.5399324Z ok 4 - receipt scope blocks even when signed
2026-09-07T03:19:30.5399857Z   ---
2026-09-07T03:19:30.5400179Z   duration_ms: 2.391346
2026-09-07T03:19:30.5400937Z   type: 'test'
2026-09-07T03:19:30.5401306Z   ...
2026-09-07T03:19:30.5401808Z # Subtest: receipt kind blocks even when signed
2026-09-07T03:19:30.5402521Z ok 5 - receipt kind blocks even when signed
2026-09-07T03:19:30.5403011Z   ---
2026-09-07T03:19:30.5403369Z   duration_ms: 2.850836
2026-09-07T03:19:30.5403767Z   type: 'test'
2026-09-07T03:19:30.5404104Z   ...
2026-09-07T03:19:30.5404589Z # Subtest: receipt role blocks even when signed
2026-09-07T03:19:30.5405254Z ok 6 - receipt role blocks even when signed
2026-09-07T03:19:30.5405777Z   ---
2026-09-07T03:19:30.5406095Z   duration_ms: 1.634869
2026-09-07T03:19:30.5406486Z   type: 'test'
2026-09-07T03:19:30.5406824Z   ...
2026-09-07T03:19:30.5407323Z # Subtest: receipt issuer blocks even when signed
2026-09-07T03:19:30.5408032Z ok 7 - receipt issuer blocks even when signed
2026-09-07T03:19:30.5408536Z   ---
2026-09-07T03:19:30.5408874Z   duration_ms: 1.966501
2026-09-07T03:19:30.5409266Z   type: 'test'
2026-09-07T03:19:30.5409610Z   ...
2026-09-07T03:19:30.5410142Z # Subtest: receipt key blocks even when signed
2026-09-07T03:19:30.5411112Z ok 8 - receipt key blocks even when signed
2026-09-07T03:19:30.5411621Z   ---
2026-09-07T03:19:30.5411966Z   duration_ms: 2.667062
2026-09-07T03:19:30.5412362Z   type: 'test'
2026-09-07T03:19:30.5412684Z   ...
2026-09-07T03:19:30.5413216Z # Subtest: receipt expired blocks even when signed
2026-09-07T03:19:30.5413937Z ok 9 - receipt expired blocks even when signed
2026-09-07T03:19:30.5414442Z   ---
2026-09-07T03:19:30.5414788Z   duration_ms: 3.119138
2026-09-07T03:19:30.5415413Z   type: 'test'
2026-09-07T03:19:30.5415778Z   ...
2026-09-07T03:19:30.5416285Z # Subtest: receipt future blocks even when signed
2026-09-07T03:19:30.5416989Z ok 10 - receipt future blocks even when signed
2026-09-07T03:19:30.5417530Z   ---
2026-09-07T03:19:30.5417839Z   duration_ms: 2.328618
2026-09-07T03:19:30.5418240Z   type: 'test'
2026-09-07T03:19:30.5418584Z   ...
2026-09-07T03:19:30.5419108Z # Subtest: receipt epoch blocks even when signed
2026-09-07T03:19:30.5419772Z ok 11 - receipt epoch blocks even when signed
2026-09-07T03:19:30.5420226Z   ---
2026-09-07T03:19:30.5421085Z   duration_ms: 1.734897
2026-09-07T03:19:30.5421515Z   type: 'test'
2026-09-07T03:19:30.5421821Z   ...
2026-09-07T03:19:30.5422334Z # Subtest: receipt decision blocks even when signed
2026-09-07T03:19:30.5422984Z ok 12 - receipt decision blocks even when signed
2026-09-07T03:19:30.5423469Z   ---
2026-09-07T03:19:30.5423779Z   duration_ms: 2.103126
2026-09-07T03:19:30.5424141Z   type: 'test'
2026-09-07T03:19:30.5424454Z   ...
2026-09-07T03:19:30.5425050Z # Subtest: altered receipt signature and unknown fields block
2026-09-07T03:19:30.5425859Z ok 13 - altered receipt signature and unknown fields block
2026-09-07T03:19:30.5426465Z   ---
2026-09-07T03:19:30.5426787Z   duration_ms: 2.572646
2026-09-07T03:19:30.5427270Z   type: 'test'
2026-09-07T03:19:30.5427643Z   ...
2026-09-07T03:19:30.5428469Z # Subtest: missing time/revocation authority stops and revocation invalidates existing handles
2026-09-07T03:19:30.5429634Z ok 14 - missing time/revocation authority stops and revocation invalidates existing handles
2026-09-07T03:19:30.5430317Z   ---
2026-09-07T03:19:30.5430932Z   duration_ms: 5.207136
2026-09-07T03:19:30.5431560Z   type: 'test'
2026-09-07T03:19:30.5431863Z   ...
2026-09-07T03:19:30.5432590Z # Subtest: trusted inputs are copied and time/checkpoint freshness is checked repeatedly
2026-09-07T03:19:30.5433645Z ok 15 - trusted inputs are copied and time/checkpoint freshness is checked repeatedly
2026-09-07T03:19:30.5434291Z   ---
2026-09-07T03:19:30.5434576Z   duration_ms: 4.582457
2026-09-07T03:19:30.5434913Z   type: 'test'
2026-09-07T03:19:30.5435197Z   ...
2026-09-07T03:19:30.5435966Z # Subtest: authority bytes reject duplicate keys, unknown policy and noncanonical serialization
2026-09-07T03:19:30.5437135Z ok 16 - authority bytes reject duplicate keys, unknown policy and noncanonical serialization
2026-09-07T03:19:30.5437888Z   ---
2026-09-07T03:19:30.5438192Z   duration_ms: 3.538843
2026-09-07T03:19:30.5438512Z   type: 'test'
2026-09-07T03:19:30.5438786Z   ...
2026-09-07T03:19:30.5439517Z # Subtest: signature domain separation prevents signatures over ordinary JSON from authorizing
2026-09-07T03:19:30.5441032Z ok 17 - signature domain separation prevents signatures over ordinary JSON from authorizing
2026-09-07T03:19:30.5441754Z   ---
2026-09-07T03:19:30.5442047Z   duration_ms: 2.617028
2026-09-07T03:19:30.5442378Z   type: 'test'
2026-09-07T03:19:30.5442660Z   ...
2026-09-07T03:19:30.5443522Z # Subtest: adoption rejects even host-pinned signed authority for a different runtime/schema contract
2026-09-07T03:19:30.5444738Z ok 18 - adoption rejects even host-pinned signed authority for a different runtime/schema contract
2026-09-07T03:19:30.5445429Z   ---
2026-09-07T03:19:30.5445701Z   duration_ms: 1.154722
2026-09-07T03:19:30.5446022Z   type: 'test'
2026-09-07T03:19:30.5446301Z   ...
2026-09-07T03:19:30.5446921Z # Subtest: unavailable trusted clock is a structured stop on existing handles
2026-09-07T03:19:30.5448126Z ok 19 - unavailable trusted clock is a structured stop on existing handles
2026-09-07T03:19:30.5448728Z   ---
2026-09-07T03:19:30.5449024Z   duration_ms: 5.126675
2026-09-07T03:19:30.5449373Z   type: 'test'
2026-09-07T03:19:30.5449684Z   ...
2026-09-07T03:19:30.5450348Z # Subtest: loadAuthority preserves the expired stop at constructor reinspection
2026-09-07T03:19:30.5451618Z ok 20 - loadAuthority preserves the expired stop at constructor reinspection
2026-09-07T03:19:30.5452234Z   ---
2026-09-07T03:19:30.5452727Z   duration_ms: 3.438245
2026-09-07T03:19:30.5453087Z   type: 'test'
2026-09-07T03:19:30.5453378Z   ...
2026-09-07T03:19:30.5454061Z # Subtest: loadAuthority preserves the unavailable stop at constructor reinspection
2026-09-07T03:19:30.5455122Z ok 21 - loadAuthority preserves the unavailable stop at constructor reinspection
2026-09-07T03:19:30.5455773Z   ---
2026-09-07T03:19:30.5456066Z   duration_ms: 2.419498
2026-09-07T03:19:30.5456408Z   type: 'test'
2026-09-07T03:19:30.5456698Z   ...
2026-09-07T03:19:30.5457337Z # Subtest: loadAuthority preserves an original verifyApproval signature stop
2026-09-07T03:19:30.5458276Z ok 22 - loadAuthority preserves an original verifyApproval signature stop
2026-09-07T03:19:30.5458881Z   ---
2026-09-07T03:19:30.5459173Z   duration_ms: 2.577094
2026-09-07T03:19:30.5459507Z   type: 'test'
2026-09-07T03:19:30.5459803Z   ...
2026-09-07T03:19:30.5460458Z # Subtest: verifyContext preserves the expired stop at constructor reinspection
2026-09-07T03:19:30.5461695Z ok 23 - verifyContext preserves the expired stop at constructor reinspection
2026-09-07T03:19:30.5462309Z   ---
2026-09-07T03:19:30.5462596Z   duration_ms: 2.875973
2026-09-07T03:19:30.5462942Z   type: 'test'
2026-09-07T03:19:30.5463237Z   ...
2026-09-07T03:19:30.5464018Z # Subtest: verifyContext preserves the unavailable stop at constructor reinspection
2026-09-07T03:19:30.5465158Z ok 24 - verifyContext preserves the unavailable stop at constructor reinspection
2026-09-07T03:19:30.5465810Z   ---
2026-09-07T03:19:30.5466096Z   duration_ms: 2.561585
2026-09-07T03:19:30.5466439Z   type: 'test'
2026-09-07T03:19:30.5466724Z   ...
2026-09-07T03:19:30.5467357Z # Subtest: verifyContext preserves an original verifyApproval signature stop
2026-09-07T03:19:30.5468559Z ok 25 - verifyContext preserves an original verifyApproval signature stop
2026-09-07T03:19:30.5469195Z   ---
2026-09-07T03:19:30.5469504Z   duration_ms: 2.477406
2026-09-07T03:19:30.5469858Z   type: 'test'
2026-09-07T03:19:30.5470157Z   ...
2026-09-07T03:19:31.0263609Z # Subtest: recomputes canonical reorder and returns assessment without execution permission
2026-09-07T03:19:31.0268904Z ok 26 - recomputes canonical reorder and returns assessment without execution permission
2026-09-07T03:19:31.0270780Z   ---
2026-09-07T03:19:31.0271496Z   duration_ms: 23.064919
2026-09-07T03:19:31.0272650Z   type: 'test'
2026-09-07T03:19:31.0273463Z   ...
2026-09-07T03:19:31.0281392Z # Subtest: closed derived content digest update is recomputed from accepted/canonical source
2026-09-07T03:19:31.0284308Z ok 27 - closed derived content digest update is recomputed from accepted/canonical source
2026-09-07T03:19:31.0285848Z   ---
2026-09-07T03:19:31.0286640Z   duration_ms: 11.742829
2026-09-07T03:19:31.0287939Z   type: 'test'
2026-09-07T03:19:31.0288738Z   ...
2026-09-07T03:19:31.0290308Z # Subtest: semantic change, docs extension and arbitrary proof names cannot become mechanical
2026-09-07T03:19:31.0292501Z ok 28 - semantic change, docs extension and arbitrary proof names cannot become mechanical
2026-09-07T03:19:31.0294059Z   ---
2026-09-07T03:19:31.0294817Z   duration_ms: 5.004877
2026-09-07T03:19:31.0297697Z   type: 'test'
2026-09-07T03:19:31.0298499Z   ...
2026-09-07T03:19:31.0306238Z # Subtest: before substitution and unsigned/substituted baseline cannot be accepted
2026-09-07T03:19:31.0309602Z ok 29 - before substitution and unsigned/substituted baseline cannot be accepted
2026-09-07T03:19:31.0310350Z   ---
2026-09-07T03:19:31.0311023Z   duration_ms: 8.017236
2026-09-07T03:19:31.0311446Z   type: 'test'
2026-09-07T03:19:31.0311806Z   ...
2026-09-07T03:19:31.0312391Z # Subtest: forged, copied, foreign and stale contexts block
2026-09-07T03:19:31.0313200Z ok 30 - forged, copied, foreign and stale contexts block
2026-09-07T03:19:31.0313784Z   ---
2026-09-07T03:19:31.0314123Z   duration_ms: 8.103217
2026-09-07T03:19:31.0314483Z   type: 'test'
2026-09-07T03:19:31.0314820Z   ...
2026-09-07T03:19:31.0316011Z # Subtest: known normative changes require a human; mixed batches never partially authorize
2026-09-07T03:19:31.0317351Z ok 31 - known normative changes require a human; mixed batches never partially authorize
2026-09-07T03:19:31.0318111Z   ---
2026-09-07T03:19:31.0318453Z   duration_ms: 6.239357
2026-09-07T03:19:31.0318843Z   type: 'test'
2026-09-07T03:19:31.0319179Z   ...
2026-09-07T03:19:31.0319943Z # Subtest: empty batches, duplicate paths and missing before bindings are unknown
2026-09-07T03:19:31.0321318Z ok 32 - empty batches, duplicate paths and missing before bindings are unknown
2026-09-07T03:19:31.0322036Z   ---
2026-09-07T03:19:31.0322374Z   duration_ms: 5.535821
2026-09-07T03:19:31.0322767Z   type: 'test'
2026-09-07T03:19:31.0323064Z   ...
2026-09-07T03:19:31.0323961Z # Subtest: derived source substitution, recursive source and nonmechanical batch source block
2026-09-07T03:19:31.0325275Z ok 33 - derived source substitution, recursive source and nonmechanical batch source block
2026-09-07T03:19:31.0326070Z   ---
2026-09-07T03:19:31.0326411Z   duration_ms: 7.952394
2026-09-07T03:19:31.0326797Z   type: 'test'
2026-09-07T03:19:31.0327099Z   ...
2026-09-07T03:19:31.0327869Z # Subtest: candidate cannot replace schema, trust roots, policy or execution adapter
2026-09-07T03:19:31.0329072Z ok 34 - candidate cannot replace schema, trust roots, policy or execution adapter
2026-09-07T03:19:31.0329917Z   ---
2026-09-07T03:19:31.0330248Z   duration_ms: 6.024305
2026-09-07T03:19:31.0330933Z   type: 'test'
2026-09-07T03:19:31.0331251Z   ...
2026-09-07T03:19:31.0331984Z # Subtest: copied source bytes cannot mutate an already accepted context
2026-09-07T03:19:31.0333074Z ok 35 - copied source bytes cannot mutate an already accepted context
2026-09-07T03:19:31.0333731Z   ---
2026-09-07T03:19:31.0334348Z   duration_ms: 3.392108
2026-09-07T03:19:31.0334729Z   type: 'test'
2026-09-07T03:19:31.0335073Z   ...
2026-09-07T03:19:31.0335790Z # Subtest: baseline order is code-unit deterministic across case and locale
2026-09-07T03:19:31.0336861Z ok 36 - baseline order is code-unit deterministic across case and locale
2026-09-07T03:19:31.0337524Z   ---
2026-09-07T03:19:31.0337863Z   duration_ms: 2.663935
2026-09-07T03:19:31.0338244Z   type: 'test'
2026-09-07T03:19:31.0338585Z   ...
2026-09-07T03:19:31.0339429Z # Subtest: adding an explicit default TAG directive cannot earn canonical reorder eligibility
2026-09-07T03:19:31.0341007Z ok 37 - adding an explicit default TAG directive cannot earn canonical reorder eligibility
2026-09-07T03:19:31.0341809Z   ---
2026-09-07T03:19:31.0342153Z   duration_ms: 3.165053
2026-09-07T03:19:31.0342541Z   type: 'test'
2026-09-07T03:19:31.0342873Z   ...
2026-09-07T03:19:36.8739062Z # Subtest: GR01 separate controllers that both saw absence may issue exactly one dispatch
2026-09-07T03:19:36.8741305Z ok 38 - GR01 separate controllers that both saw absence may issue exactly one dispatch
2026-09-07T03:19:36.8742359Z   ---
2026-09-07T03:19:36.8742921Z   duration_ms: 4718.795928
2026-09-07T03:19:36.8743551Z   type: 'test'
2026-09-07T03:19:36.8744056Z   ...
2026-09-07T03:19:42.6801520Z # Subtest: GR01 owner death after durable intent before POST stays uncertain on original-key resume
2026-09-07T03:19:42.6807255Z ok 39 - GR01 owner death after durable intent before POST stays uncertain on original-key resume
2026-09-07T03:19:42.6808259Z   ---
2026-09-07T03:19:42.6808683Z   duration_ms: 4708.838703
2026-09-07T03:19:42.6809149Z   type: 'test'
2026-09-07T03:19:42.6809548Z   ...
2026-09-07T03:20:11.0263335Z # Subtest: GR02 deploy approval expiring in asynchronous preflight blocks reservation
2026-09-07T03:20:11.0341955Z ok 40 - GR02 deploy approval expiring in asynchronous preflight blocks reservation
2026-09-07T03:20:11.0381189Z   ---
2026-09-07T03:20:11.0381617Z   duration_ms: 28327.019936
2026-09-07T03:20:11.0421228Z   type: 'test'
2026-09-07T03:20:11.0440965Z   ...
2026-09-07T03:20:43.3802378Z # Subtest: GR02 rollback approval expiring in asynchronous preflight blocks reservation
2026-09-07T03:20:43.3807480Z ok 41 - GR02 rollback approval expiring in asynchronous preflight blocks reservation
2026-09-07T03:20:43.3808760Z   ---
2026-09-07T03:20:43.3831640Z   duration_ms: 32345.595282
2026-09-07T03:20:43.3852206Z   type: 'test'
2026-09-07T03:20:43.3852714Z   ...
2026-09-07T03:21:07.3148938Z # Subtest: GR02 accept-artifact approval expiring in asynchronous preflight blocks reservation
2026-09-07T03:21:07.3222386Z ok 42 - GR02 accept-artifact approval expiring in asynchronous preflight blocks reservation
2026-09-07T03:21:07.3292363Z   ---
2026-09-07T03:21:07.3324226Z   duration_ms: 23947.257136
2026-09-07T03:21:07.3325859Z   type: 'test'
2026-09-07T03:21:07.3326361Z   ...
2026-09-07T03:21:41.4284093Z # Subtest: GR02 readback approval expiring in asynchronous preflight blocks reservation
2026-09-07T03:21:41.4289146Z ok 43 - GR02 readback approval expiring in asynchronous preflight blocks reservation
2026-09-07T03:21:41.4371231Z   ---
2026-09-07T03:21:41.4391004Z   duration_ms: 34328.758801
2026-09-07T03:21:41.4451119Z   type: 'test'
2026-09-07T03:21:41.4485174Z   ...
2026-09-07T03:21:43.2991475Z # Subtest: GR02 release objective expiry alone during preflight blocks reservation
2026-09-07T03:21:43.8497350Z ok 44 - GR02 release objective expiry alone during preflight blocks reservation
2026-09-07T03:21:43.8498235Z   ---
2026-09-07T03:21:43.8499035Z   duration_ms: 2011.350667
2026-09-07T03:21:43.8499584Z   type: 'test'
2026-09-07T03:21:43.8500057Z   ...
2026-09-07T03:21:50.4621761Z # Subtest: GR02 standalone review policy expiry alone during preflight blocks reservation
2026-09-07T03:21:50.4626196Z ok 45 - GR02 standalone review policy expiry alone during preflight blocks reservation
2026-09-07T03:21:50.4711279Z   ---
2026-09-07T03:21:50.4791332Z   duration_ms: 6815.284735
2026-09-07T03:21:50.4817164Z   type: 'test'
2026-09-07T03:21:50.4820084Z   ...
2026-09-07T03:22:07.7176172Z # Subtest: GR02 release review policy expiry alone during preflight blocks reservation
2026-09-07T03:22:07.7177627Z ok 46 - GR02 release review policy expiry alone during preflight blocks reservation
2026-09-07T03:22:07.7178678Z   ---
2026-09-07T03:22:07.7241393Z   duration_ms: 17466.049252
2026-09-07T03:22:07.7291173Z   type: 'test'
2026-09-07T03:22:07.7307621Z   ...
2026-09-07T03:22:15.3472840Z # Subtest: GR02 prerequisite slice evidence expires in preflight while objective and budgets remain current
2026-09-07T03:22:15.3474841Z ok 47 - GR02 prerequisite slice evidence expires in preflight while objective and budgets remain current
2026-09-07T03:22:15.3475864Z   ---
2026-09-07T03:22:15.3476314Z   duration_ms: 5694.290861
2026-09-07T03:22:15.3476804Z   type: 'test'
2026-09-07T03:22:15.3477221Z   ...
2026-09-07T03:22:15.3478373Z # Subtest: GR04 canonical-write.v1 preserves literal output keys and verifies changed bytes, exact scope and one debit
2026-09-07T03:22:15.3480158Z ok 48 - GR04 canonical-write.v1 preserves literal output keys and verifies changed bytes, exact scope and one debit
2026-09-07T03:22:15.3506431Z   ---
2026-09-07T03:22:15.3514998Z   duration_ms: 1672.202335
2026-09-07T03:22:15.3528726Z   type: 'test'
2026-09-07T03:22:15.3529263Z   ...
2026-09-07T03:22:15.3530474Z # Subtest: GR04 derived-write.v1 preserves literal output keys and verifies changed bytes, exact scope and one debit
2026-09-07T03:22:15.3532541Z ok 49 - GR04 derived-write.v1 preserves literal output keys and verifies changed bytes, exact scope and one debit
2026-09-07T03:22:15.3533576Z   ---
2026-09-07T03:22:15.3534028Z   duration_ms: 1894.320389
2026-09-07T03:22:15.3534536Z   type: 'test'
2026-09-07T03:22:15.3534970Z   ...
2026-09-07T03:22:23.6614936Z # Subtest: GR02 immutable dispatch input cannot borrow a replacement request current after preflight
2026-09-07T03:22:23.6617309Z ok 50 - GR02 immutable dispatch input cannot borrow a replacement request current after preflight
2026-09-07T03:22:23.6618683Z   ---
2026-09-07T03:22:23.6619305Z   duration_ms: 6284.073966
2026-09-07T03:22:23.6619965Z   type: 'test'
2026-09-07T03:22:23.6620467Z   ...
2026-09-07T03:22:24.4015210Z # Subtest: GR02 unchanged current dispatch input retains one reservation and the exact request
2026-09-07T03:22:24.4017184Z ok 51 - GR02 unchanged current dispatch input retains one reservation and the exact request
2026-09-07T03:22:24.4018224Z   ---
2026-09-07T03:22:24.4018752Z   duration_ms: 2378.989102
2026-09-07T03:22:24.4019407Z   type: 'test'
2026-09-07T03:22:24.4019995Z   ...
2026-09-07T03:22:25.0230808Z # Subtest: C1 current verifier rejects fabricated signatures for every approval kind
2026-09-07T03:22:25.0232657Z ok 52 - C1 current verifier rejects fabricated signatures for every approval kind
2026-09-07T03:22:25.0233773Z   ---
2026-09-07T03:22:25.0234405Z   duration_ms: 17.12103
2026-09-07T03:22:25.0235188Z   type: 'test'
2026-09-07T03:22:25.0235791Z   ...
2026-09-07T03:22:25.0242980Z # Subtest: C1 recorded verifier rejects fabricated signatures for every approval kind
2026-09-07T03:22:25.0254980Z ok 53 - C1 recorded verifier rejects fabricated signatures for every approval kind
2026-09-07T03:22:25.0276961Z   ---
2026-09-07T03:22:25.0287365Z   duration_ms: 8.336606
2026-09-07T03:22:25.0361253Z   type: 'test'
2026-09-07T03:22:25.0403371Z   ...
2026-09-07T03:22:25.0411757Z # Subtest: C1 current and recorded verifiers accept genuine signatures and reject altered signed fields
2026-09-07T03:22:25.0446477Z ok 54 - C1 current and recorded verifiers accept genuine signatures and reject altered signed fields
2026-09-07T03:22:25.0447454Z   ---
2026-09-07T03:22:25.0447913Z   duration_ms: 18.086186
2026-09-07T03:22:25.0448418Z   type: 'test'
2026-09-07T03:22:25.0448858Z   ...
2026-09-07T03:22:25.0449826Z # Subtest: C1 valid historical signatures preserve event-time semantics without current authority
2026-09-07T03:22:25.0451572Z ok 55 - C1 valid historical signatures preserve event-time semantics without current authority
2026-09-07T03:22:25.0452842Z   ---
2026-09-07T03:22:25.0453290Z   duration_ms: 4.007086
2026-09-07T03:22:25.0453779Z   type: 'test'
2026-09-07T03:22:25.0454220Z   ...
2026-09-07T03:22:25.0455038Z # Subtest: M1 public evaluation rejects undefined observation before registration
2026-09-07T03:22:25.0456300Z ok 56 - M1 public evaluation rejects undefined observation before registration
2026-09-07T03:22:25.0457169Z   ---
2026-09-07T03:22:25.0457637Z   duration_ms: 64.408616
2026-09-07T03:22:25.0458150Z   type: 'test'
2026-09-07T03:22:25.0458602Z   ...
2026-09-07T03:22:25.0459400Z # Subtest: M1 public evaluation rejects null observation before registration
2026-09-07T03:22:25.0460477Z ok 57 - M1 public evaluation rejects null observation before registration
2026-09-07T03:22:25.0461817Z   ---
2026-09-07T03:22:25.0462261Z   duration_ms: 46.04948
2026-09-07T03:22:25.0462736Z   type: 'test'
2026-09-07T03:22:25.0463161Z   ...
2026-09-07T03:22:25.0463946Z # Subtest: e2e: C1 public continuation rejects a forged grant before registration
2026-09-07T03:22:25.0465071Z ok 58 - e2e: C1 public continuation rejects a forged grant before registration
2026-09-07T03:22:25.0465856Z   ---
2026-09-07T03:22:25.0466291Z   duration_ms: 49.02157
2026-09-07T03:22:25.0466873Z   type: 'test'
2026-09-07T03:22:25.0467337Z   ...
2026-09-07T03:22:25.0468273Z # Subtest: e2e: C1 replay rejects forged recorded grant even with recomputed journal hashes
2026-09-07T03:22:25.0469661Z ok 59 - e2e: C1 replay rejects forged recorded grant even with recomputed journal hashes
2026-09-07T03:22:25.0470510Z   ---
2026-09-07T03:22:25.0471270Z   duration_ms: 27.557292
2026-09-07T03:22:25.0471640Z   type: 'test'
2026-09-07T03:22:25.0471949Z   ...
2026-09-07T03:22:39.8162318Z # Subtest: e2e: one signed grant permits two mechanical runs and keeps original artifact acceptance
2026-09-07T03:22:39.8170032Z ok 60 - e2e: one signed grant permits two mechanical runs and keeps original artifact acceptance
2026-09-07T03:22:39.8171160Z   ---
2026-09-07T03:22:39.8171614Z   duration_ms: 2791.349579
2026-09-07T03:22:39.8181545Z   type: 'test'
2026-09-07T03:22:39.8182327Z   ...
2026-09-07T03:22:39.8183441Z # Subtest: durable regression bytes and signed gate bind actual accepted semantics
2026-09-07T03:22:39.8185285Z ok 61 - durable regression bytes and signed gate bind actual accepted semantics
2026-09-07T03:22:39.8186350Z   ---
2026-09-07T03:22:39.8186980Z   duration_ms: 612.251541
2026-09-07T03:22:39.8187652Z   type: 'test'
2026-09-07T03:22:39.8188252Z   ...
2026-09-07T03:22:39.8188990Z # Subtest: closed regressions refuse missing
2026-09-07T03:22:39.8194424Z ok 62 - closed regressions refuse missing
2026-09-07T03:22:39.8195156Z   ---
2026-09-07T03:22:39.8195941Z   duration_ms: 362.748428
2026-09-07T03:22:39.8196647Z   type: 'test'
2026-09-07T03:22:39.8197244Z   ...
2026-09-07T03:22:39.8198091Z # Subtest: closed regressions refuse false-expectation
2026-09-07T03:22:39.8199177Z ok 63 - closed regressions refuse false-expectation
2026-09-07T03:22:39.8199987Z   ---
2026-09-07T03:22:39.8200857Z   duration_ms: 363.853942
2026-09-07T03:22:39.8201554Z   type: 'test'
2026-09-07T03:22:39.8202141Z   ...
2026-09-07T03:22:39.8202959Z # Subtest: closed regressions refuse lost-coverage
2026-09-07T03:22:39.8203968Z ok 64 - closed regressions refuse lost-coverage
2026-09-07T03:22:39.8204798Z   ---
2026-09-07T03:22:39.8205426Z   duration_ms: 374.2787
2026-09-07T03:22:39.8206091Z   type: 'test'
2026-09-07T03:22:39.8206700Z   ...
2026-09-07T03:22:39.8207476Z # Subtest: closed regressions refuse callback
2026-09-07T03:22:39.8208434Z ok 65 - closed regressions refuse callback
2026-09-07T03:22:39.8209198Z   ---
2026-09-07T03:22:39.8209825Z   duration_ms: 369.367865
2026-09-07T03:22:39.8210512Z   type: 'test'
2026-09-07T03:22:39.8211401Z   ...
2026-09-07T03:22:39.8212375Z # Subtest: signed unsupported product proof stops without simulated PASS
2026-09-07T03:22:39.8213788Z ok 66 - signed unsupported product proof stops without simulated PASS
2026-09-07T03:22:39.8214738Z   ---
2026-09-07T03:22:39.8215676Z   duration_ms: 367.443905
2026-09-07T03:22:39.8216370Z   type: 'test'
2026-09-07T03:22:39.8216980Z   ...
2026-09-07T03:22:39.8217748Z # Subtest: H06 expiry is rechecked at effect use
2026-09-07T03:22:39.8241445Z ok 67 - H06 expiry is rechecked at effect use
2026-09-07T03:22:39.8242291Z   ---
2026-09-07T03:22:39.8249249Z   duration_ms: 940.150531
2026-09-07T03:22:39.8249981Z   type: 'test'
2026-09-07T03:22:39.8250858Z   ...
2026-09-07T03:22:39.8251917Z # Subtest: H06 revocation survives reopen and blocks an already prepared effect
2026-09-07T03:22:39.8253367Z ok 68 - H06 revocation survives reopen and blocks an already prepared effect
2026-09-07T03:22:39.8254364Z   ---
2026-09-07T03:22:39.8254994Z   duration_ms: 1132.68464
2026-09-07T03:22:39.8255668Z   type: 'test'
2026-09-07T03:22:39.8256268Z   ...
2026-09-07T03:22:39.8257333Z # Subtest: H06 category exhaustion survives fresh run, retry and replacement grant
2026-09-07T03:22:39.8258785Z ok 69 - H06 category exhaustion survives fresh run, retry and replacement grant
2026-09-07T03:22:39.8259794Z   ---
2026-09-07T03:22:39.8260427Z   duration_ms: 484.616008
2026-09-07T03:22:39.8261469Z   type: 'test'
2026-09-07T03:22:39.8262086Z   ...
2026-09-07T03:22:39.8263008Z # Subtest: H06 all three categories share the signed total cap
2026-09-07T03:22:39.8264174Z ok 70 - H06 all three categories share the signed total cap
2026-09-07T03:22:39.8264999Z   ---
2026-09-07T03:22:39.8265550Z   duration_ms: 426.198069
2026-09-07T03:22:39.8266186Z   type: 'test'
2026-09-07T03:22:39.8266748Z   ...
2026-09-07T03:22:39.8267804Z # Subtest: H06 budget is rechecked between prepare and use without creating effect intent
2026-09-07T03:22:39.8269302Z ok 71 - H06 budget is rechecked between prepare and use without creating effect intent
2026-09-07T03:22:39.8270349Z   ---
2026-09-07T03:22:39.8271258Z   duration_ms: 944.545616
2026-09-07T03:22:39.8271947Z   type: 'test'
2026-09-07T03:22:39.8272555Z   ...
2026-09-07T03:22:39.8273732Z # Subtest: older bounded approvals do not become reusable continuation and foreign handles fail
2026-09-07T03:22:39.8275381Z ok 72 - older bounded approvals do not become reusable continuation and foreign handles fail
2026-09-07T03:22:39.8276590Z   ---
2026-09-07T03:22:39.8277201Z   duration_ms: 930.258956
2026-09-07T03:22:39.8277952Z   type: 'test'
2026-09-07T03:22:39.8278788Z   ...
2026-09-07T03:22:39.8287985Z # Subtest: H06 changed accepted authority, file classes and workspace semantics block continuation
2026-09-07T03:22:39.8298004Z ok 73 - H06 changed accepted authority, file classes and workspace semantics block continuation
2026-09-07T03:22:39.8299296Z   ---
2026-09-07T03:22:39.8299965Z   duration_ms: 751.402968
2026-09-07T03:22:39.8300893Z   type: 'test'
2026-09-07T03:22:39.8301521Z   ...
2026-09-07T03:22:39.8302515Z # Subtest: H06 legacy and generic reserves cannot bypass category accounting
2026-09-07T03:22:39.8303901Z ok 74 - H06 legacy and generic reserves cannot bypass category accounting
2026-09-07T03:22:39.8304847Z   ---
2026-09-07T03:22:39.8305468Z   duration_ms: 378.175848
2026-09-07T03:22:39.8306122Z   type: 'test'
2026-09-07T03:22:39.8306715Z   ...
2026-09-07T03:22:39.8307813Z # Subtest: H06-R1 counterexample coverage cannot be replaced by identical accepted bytes
2026-09-07T03:22:39.8309416Z ok 75 - H06-R1 counterexample coverage cannot be replaced by identical accepted bytes
2026-09-07T03:22:39.8312955Z   ---
2026-09-07T03:22:39.8315543Z   duration_ms: 365.98747
2026-09-07T03:22:39.8317969Z   type: 'test'
2026-09-07T03:22:39.8318589Z   ...
2026-09-07T03:22:39.8319632Z # Subtest: e2e: H06 exhausted retry reconciles original intent without another unit
2026-09-07T03:22:39.8321370Z ok 76 - e2e: H06 exhausted retry reconciles original intent without another unit
2026-09-07T03:22:39.8322387Z   ---
2026-09-07T03:22:39.8322992Z   duration_ms: 2797.514889
2026-09-07T03:22:39.8323682Z   type: 'test'
2026-09-07T03:22:39.8324238Z   ...
2026-09-07T03:22:57.8664119Z # Subtest: e2e configured release describes and executes one signed obligation, then resumes without another charge
2026-09-07T03:22:58.5908483Z ok 77 - e2e configured release describes and executes one signed obligation, then resumes without another charge
2026-09-07T03:22:58.5909299Z   ---
2026-09-07T03:22:58.5909672Z   duration_ms: 4333.100556
2026-09-07T03:22:58.5910099Z   type: 'test'
2026-09-07T03:22:58.5910474Z   ...
2026-09-07T03:22:58.9481911Z # Subtest: lost acknowledgement reconciles exact descriptor key with no redispatch after reopen
2026-09-07T03:23:00.7579342Z ok 78 - lost acknowledgement reconciles exact descriptor key with no redispatch after reopen
2026-09-07T03:23:00.7581057Z   ---
2026-09-07T03:23:00.7582045Z   duration_ms: 3481.505784
2026-09-07T03:23:00.7592950Z   type: 'test'
2026-09-07T03:23:00.7595275Z   ...
2026-09-07T03:23:01.4946856Z # Subtest: generic reconciliation cannot settle a backend-owned intent
2026-09-07T03:23:01.8636131Z ok 79 - generic reconciliation cannot settle a backend-owned intent
2026-09-07T03:23:01.8637353Z   ---
2026-09-07T03:23:01.8638076Z   duration_ms: 2741.882417
2026-09-07T03:23:01.8638822Z   type: 'test'
2026-09-07T03:23:01.8639435Z   ...
2026-09-07T03:23:03.6705844Z # Subtest: rejects wrongAttempt observation without settling intent
2026-09-07T03:23:03.6810959Z ok 80 - rejects wrongAttempt observation without settling intent
2026-09-07T03:23:03.6831159Z   ---
2026-09-07T03:23:03.6891163Z   duration_ms: 2736.164096
2026-09-07T03:23:03.6902552Z   type: 'test'
2026-09-07T03:23:03.6903370Z   ...
2026-09-07T03:23:04.7687962Z # Subtest: rejects wrongSha observation without settling intent
2026-09-07T03:23:04.7693308Z ok 81 - rejects wrongSha observation without settling intent
2026-09-07T03:23:04.7694290Z   ---
2026-09-07T03:23:04.7694872Z   duration_ms: 2737.376859
2026-09-07T03:23:04.7695538Z   type: 'test'
2026-09-07T03:23:04.7696102Z   ...
2026-09-07T03:23:06.5883333Z # Subtest: rejects tamper observation without settling intent
2026-09-07T03:23:06.5885670Z ok 82 - rejects tamper observation without settling intent
2026-09-07T03:23:06.5886630Z   ---
2026-09-07T03:23:06.5887376Z   duration_ms: 2893.880711
2026-09-07T03:23:06.5888066Z   type: 'test'
2026-09-07T03:23:06.5888613Z   ...
2026-09-07T03:23:07.6773337Z # Subtest: rejects wrongKind observation without settling intent
2026-09-07T03:23:07.6785887Z ok 83 - rejects wrongKind observation without settling intent
2026-09-07T03:23:07.6787896Z   ---
2026-09-07T03:23:07.6788420Z   duration_ms: 2915.470843
2026-09-07T03:23:07.6789088Z   type: 'test'
2026-09-07T03:23:07.6789569Z   ...
2026-09-07T03:23:11.9076908Z # Subtest: rejects badSignature observation without settling intent
2026-09-07T03:23:12.6324003Z ok 84 - rejects badSignature observation without settling intent
2026-09-07T03:23:12.6324892Z   ---
2026-09-07T03:23:12.6325404Z   duration_ms: 2908.306789
2026-09-07T03:23:12.6326628Z   type: 'test'
2026-09-07T03:23:12.6327015Z   ...
2026-09-07T03:23:13.5355821Z # Subtest: signed failed execution is retained and cannot satisfy slice
2026-09-07T03:23:15.5352023Z ok 85 - signed failed execution is retained and cannot satisfy slice
2026-09-07T03:23:15.5354547Z   ---
2026-09-07T03:23:15.5355255Z   duration_ms: 3468.436656
2026-09-07T03:23:15.5355950Z   type: 'test'
2026-09-07T03:23:15.5356550Z   ...
2026-09-07T03:23:16.2691120Z # Subtest: missing registered operation stops before spending or network
2026-09-07T03:23:16.6342810Z ok 86 - missing registered operation stops before spending or network
2026-09-07T03:23:16.6344074Z   ---
2026-09-07T03:23:16.6344780Z   duration_ms: 570.019461
2026-09-07T03:23:16.6345474Z   type: 'test'
2026-09-07T03:23:16.6346114Z   ...
2026-09-07T03:23:16.6522086Z # Subtest: altered scoped execution budget is rejected before reservation
2026-09-07T03:23:18.8411431Z ok 87 - altered scoped execution budget is rejected before reservation
2026-09-07T03:23:18.8413714Z   ---
2026-09-07T03:23:18.8414289Z   duration_ms: 1280.429714
2026-09-07T03:23:18.8414892Z   type: 'test'
2026-09-07T03:23:18.8415393Z   ...
2026-09-07T03:23:19.5792629Z # Subtest: same operation key cannot select changed input or receive a second reservation
2026-09-07T03:23:19.9455366Z ok 88 - same operation key cannot select changed input or receive a second reservation
2026-09-07T03:23:19.9465078Z   ---
2026-09-07T03:23:19.9465676Z   duration_ms: 3623.375888
2026-09-07T03:23:19.9466274Z   type: 'test'
2026-09-07T03:23:19.9466804Z   ...
2026-09-07T03:23:21.4360203Z # Subtest: approved artifact redirect never receives GitHub credentials
2026-09-07T03:23:21.4369919Z ok 89 - approved artifact redirect never receives GitHub credentials
2026-09-07T03:23:21.4371097Z   ---
2026-09-07T03:23:21.4371643Z   duration_ms: 3294.97169
2026-09-07T03:23:21.4372243Z   type: 'test'
2026-09-07T03:23:21.4372748Z   ...
2026-09-07T03:23:22.5289366Z # Subtest: arbitrary artifact redirect is refused
2026-09-07T03:23:22.5293490Z ok 90 - arbitrary artifact redirect is refused
2026-09-07T03:23:22.5294263Z   ---
2026-09-07T03:23:22.5294802Z   duration_ms: 2748.769908
2026-09-07T03:23:22.5295409Z   type: 'test'
2026-09-07T03:23:22.5295930Z   ...
2026-09-07T03:23:25.6554899Z # Subtest: journal binding remains exactly compatible with historical receipts
2026-09-07T03:23:25.6611795Z ok 91 - journal binding remains exactly compatible with historical receipts
2026-09-07T03:23:25.6691355Z   ---
2026-09-07T03:23:25.6743557Z   duration_ms: 0.142517
2026-09-07T03:23:25.6745465Z   type: 'test'
2026-09-07T03:23:25.6746407Z   ...
2026-09-07T03:23:30.0889400Z # Subtest: authenticated catalog and exact shadow produce private verified review evidence
2026-09-07T03:23:30.0898089Z ok 92 - authenticated catalog and exact shadow produce private verified review evidence
2026-09-07T03:23:30.0899196Z   ---
2026-09-07T03:23:30.0899722Z   duration_ms: 8294.033614
2026-09-07T03:23:30.0900762Z   type: 'test'
2026-09-07T03:23:30.1041851Z   ...
2026-09-07T03:24:14.4193834Z # Subtest: e2e release requires current review, explicit artifact acceptance, real readback and distinct postdeploy executions
2026-09-07T03:24:14.4198854Z ok 93 - e2e release requires current review, explicit artifact acceptance, real readback and distinct postdeploy executions
2026-09-07T03:24:14.4199880Z   ---
2026-09-07T03:24:14.4200214Z   duration_ms: 44674.670551
2026-09-07T03:24:14.4200933Z   type: 'test'
2026-09-07T03:24:14.4201277Z   ...
2026-09-07T03:24:21.2116169Z # Subtest: malformed reviewed finding cannot satisfy independent review
2026-09-07T03:24:21.2119550Z ok 94 - malformed reviewed finding cannot satisfy independent review
2026-09-07T03:24:21.2141299Z   ---
2026-09-07T03:24:21.2160991Z   duration_ms: 8284.444772
2026-09-07T03:24:21.2180988Z   type: 'test'
2026-09-07T03:24:21.2181477Z   ...
2026-09-07T03:24:21.2687832Z # Subtest: fixed Codex worker observes real local stdio protocol and pins every round
2026-09-07T03:24:21.2694166Z ok 95 - fixed Codex worker observes real local stdio protocol and pins every round
2026-09-07T03:24:21.2695189Z   ---
2026-09-07T03:24:21.2695750Z   duration_ms: 61.877184
2026-09-07T03:24:21.2696345Z   type: 'test'
2026-09-07T03:24:21.2696859Z   ...
2026-09-07T03:24:21.3076053Z # Subtest: Codex worker refuses wrongModel protocol result
2026-09-07T03:24:21.3077428Z ok 96 - Codex worker refuses wrongModel protocol result
2026-09-07T03:24:21.3078166Z   ---
2026-09-07T03:24:21.3078680Z   duration_ms: 35.350482
2026-09-07T03:24:21.3079236Z   type: 'test'
2026-09-07T03:24:21.3079782Z   ...
2026-09-07T03:24:23.8952862Z # Subtest: Codex worker refuses failed protocol result
2026-09-07T03:24:23.8959763Z ok 97 - Codex worker refuses failed protocol result
2026-09-07T03:24:23.8960915Z   ---
2026-09-07T03:24:23.8961535Z   duration_ms: 38.818548
2026-09-07T03:24:23.8962033Z   type: 'test'
2026-09-07T03:24:23.8962505Z   ...
2026-09-07T03:24:27.7909507Z # Subtest: concurrent identical requests retain one reservation and one dispatch
2026-09-07T03:24:27.7914270Z ok 98 - concurrent identical requests retain one reservation and one dispatch
2026-09-07T03:24:27.7915163Z   ---
2026-09-07T03:24:27.8011449Z   duration_ms: 4211.140993
2026-09-07T03:24:27.8051161Z   type: 'test'
2026-09-07T03:24:27.8113945Z   ...
2026-09-07T03:24:28.8955907Z # Subtest: fix-1 missing execution-supervisor enrollment stops before dispatch and spend
2026-09-07T03:24:28.8967054Z ok 99 - fix-1 missing execution-supervisor enrollment stops before dispatch and spend
2026-09-07T03:24:28.8969176Z   ---
2026-09-07T03:24:28.8969846Z   duration_ms: 756.189625
2026-09-07T03:24:28.8970416Z   type: 'test'
2026-09-07T03:24:28.8971221Z   ...
2026-09-07T03:24:35.8792266Z # Subtest: fix-1 dispatched review survives catalog expiry using its original frozen descriptor
2026-09-07T03:24:35.8822141Z ok 100 - fix-1 dispatched review survives catalog expiry using its original frozen descriptor
2026-09-07T03:24:35.8822906Z   ---
2026-09-07T03:24:35.8823232Z   duration_ms: 9566.125571
2026-09-07T03:24:35.8823628Z   type: 'test'
2026-09-07T03:24:35.8823946Z   ...
2026-09-07T03:24:35.9584770Z # Subtest: fix-1 worker preserves a multibyte UTF8 character split across actual stdout writes
2026-09-07T03:24:35.9586359Z ok 101 - fix-1 worker preserves a multibyte UTF8 character split across actual stdout writes
2026-09-07T03:24:35.9587290Z   ---
2026-09-07T03:24:35.9587732Z   duration_ms: 79.826466
2026-09-07T03:24:35.9588228Z   type: 'test'
2026-09-07T03:24:35.9588662Z   ...
2026-09-07T03:24:37.8488291Z # Subtest: fix-1 worker rejects an incomplete final UTF8 sequence
2026-09-07T03:24:37.8489817Z ok 102 - fix-1 worker rejects an incomplete final UTF8 sequence
2026-09-07T03:24:37.8491152Z   ---
2026-09-07T03:24:37.8491753Z   duration_ms: 41.952376
2026-09-07T03:24:37.8492363Z   type: 'test'
2026-09-07T03:24:37.8492856Z   ...
2026-09-07T03:25:28.7928615Z # Subtest: e2e fix-1 terminal FAIL deployment has bounded authorized readback using the original key
2026-09-07T03:25:28.7933356Z ok 103 - e2e fix-1 terminal FAIL deployment has bounded authorized readback using the original key
2026-09-07T03:25:28.8011479Z   ---
2026-09-07T03:25:28.8071239Z   duration_ms: 50935.95708
2026-09-07T03:25:28.8111231Z   type: 'test'
2026-09-07T03:25:28.8147021Z   ...
2026-09-07T03:26:17.9153499Z # Subtest: e2e fix-1 expired deployment has bounded authorized readback using the original key
2026-09-07T03:26:17.9155292Z ok 104 - e2e fix-1 expired deployment has bounded authorized readback using the original key
2026-09-07T03:26:17.9156314Z   ---
2026-09-07T03:26:17.9157210Z   duration_ms: 50982.002962
2026-09-07T03:26:17.9157829Z   type: 'test'
2026-09-07T03:26:17.9158347Z   ...
2026-09-07T03:26:18.4302155Z # Subtest: key reorder preserves canonical and semantic identity while content changes
2026-09-07T03:26:18.4311176Z ok 105 - key reorder preserves canonical and semantic identity while content changes
2026-09-07T03:26:18.4391299Z   ---
2026-09-07T03:26:18.4430952Z   duration_ms: 21.931255
2026-09-07T03:26:18.4431467Z   type: 'test'
2026-09-07T03:26:18.4461468Z   ...
2026-09-07T03:26:18.4462233Z # Subtest: lower threshold remains distinct
2026-09-07T03:26:18.4463169Z ok 106 - lower threshold remains distinct
2026-09-07T03:26:18.4463858Z   ---
2026-09-07T03:26:18.4464424Z   duration_ms: 6.040041
2026-09-07T03:26:18.4465023Z   type: 'test'
2026-09-07T03:26:18.4465582Z   ...
2026-09-07T03:26:18.4466230Z # Subtest: large integers remains distinct
2026-09-07T03:26:18.4467101Z ok 107 - large integers remains distinct
2026-09-07T03:26:18.4467763Z   ---
2026-09-07T03:26:18.4468334Z   duration_ms: 4.213193
2026-09-07T03:26:18.4468925Z   type: 'test'
2026-09-07T03:26:18.4469464Z   ...
2026-09-07T03:26:18.4470078Z # Subtest: near decimals remains distinct
2026-09-07T03:26:18.4471184Z ok 108 - near decimals remains distinct
2026-09-07T03:26:18.4471841Z   ---
2026-09-07T03:26:18.4472385Z   duration_ms: 4.563617
2026-09-07T03:26:18.4472934Z   type: 'test'
2026-09-07T03:26:18.4473477Z   ...
2026-09-07T03:26:18.4474112Z # Subtest: signed zero remains distinct
2026-09-07T03:26:18.4474892Z ok 109 - signed zero remains distinct
2026-09-07T03:26:18.4475526Z   ---
2026-09-07T03:26:18.4476034Z   duration_ms: 5.650813
2026-09-07T03:26:18.4476577Z   type: 'test'
2026-09-07T03:26:18.4477108Z   ...
2026-09-07T03:26:18.4478221Z # Subtest: exponents remains distinct
2026-09-07T03:26:18.4479049Z ok 110 - exponents remains distinct
2026-09-07T03:26:18.4479667Z   ---
2026-09-07T03:26:18.4480211Z   duration_ms: 5.091988
2026-09-07T03:26:18.4481039Z   type: 'test'
2026-09-07T03:26:18.4481537Z   ...
2026-09-07T03:26:18.4482248Z # Subtest: decimal spelling remains distinct
2026-09-07T03:26:18.4483099Z ok 111 - decimal spelling remains distinct
2026-09-07T03:26:18.4483822Z   ---
2026-09-07T03:26:18.4484331Z   duration_ms: 4.610817
2026-09-07T03:26:18.4484943Z   type: 'test'
2026-09-07T03:26:18.4485449Z   ...
2026-09-07T03:26:18.4486221Z # Subtest: human text whitespace and enum remain distinct
2026-09-07T03:26:18.4487241Z ok 112 - human text whitespace and enum remain distinct
2026-09-07T03:26:18.4488022Z   ---
2026-09-07T03:26:18.4488525Z   duration_ms: 7.109221
2026-09-07T03:26:18.4489112Z   type: 'test'
2026-09-07T03:26:18.4489620Z   ...
2026-09-07T03:26:18.4490254Z # Subtest: renamed field rejects
2026-09-07T03:26:18.4491268Z ok 113 - renamed field rejects
2026-09-07T03:26:18.4491891Z   ---
2026-09-07T03:26:18.4492459Z   duration_ms: 2.742802
2026-09-07T03:26:18.4493080Z   type: 'test'
2026-09-07T03:26:18.4493594Z   ...
2026-09-07T03:26:18.4494218Z # Subtest: unknown field rejects
2026-09-07T03:26:18.4494847Z ok 114 - unknown field rejects
2026-09-07T03:26:18.4495337Z   ---
2026-09-07T03:26:18.4495723Z   duration_ms: 3.899886
2026-09-07T03:26:18.4496173Z   type: 'test'
2026-09-07T03:26:18.4496564Z   ...
2026-09-07T03:26:18.4497106Z # Subtest: boolean as string rejects
2026-09-07T03:26:18.4497736Z ok 115 - boolean as string rejects
2026-09-07T03:26:18.4498281Z   ---
2026-09-07T03:26:18.4498674Z   duration_ms: 1.756597
2026-09-07T03:26:18.4499142Z   type: 'test'
2026-09-07T03:26:18.4499541Z   ...
2026-09-07T03:26:18.4500053Z # Subtest: number as string rejects
2026-09-07T03:26:18.4500857Z ok 116 - number as string rejects
2026-09-07T03:26:18.4501453Z   ---
2026-09-07T03:26:18.4501924Z   duration_ms: 1.471533
2026-09-07T03:26:18.4502468Z   type: 'test'
2026-09-07T03:26:18.4502914Z   ...
2026-09-07T03:26:18.4503460Z # Subtest: number as bool rejects
2026-09-07T03:26:18.4504134Z ok 117 - number as bool rejects
2026-09-07T03:26:18.4504708Z   ---
2026-09-07T03:26:18.4505150Z   duration_ms: 1.457888
2026-09-07T03:26:18.4505907Z   type: 'test'
2026-09-07T03:26:18.4506434Z   ...
2026-09-07T03:26:18.4506965Z # Subtest: duplicate keys rejects
2026-09-07T03:26:18.4507687Z ok 118 - duplicate keys rejects
2026-09-07T03:26:18.4508269Z   ---
2026-09-07T03:26:18.4508773Z   duration_ms: 2.723786
2026-09-07T03:26:18.4509310Z   type: 'test'
2026-09-07T03:26:18.4509814Z   ...
2026-09-07T03:26:18.4510287Z # Subtest: alias rejects
2026-09-07T03:26:18.4511263Z ok 119 - alias rejects
2026-09-07T03:26:18.4511781Z   ---
2026-09-07T03:26:18.4512278Z   duration_ms: 2.599102
2026-09-07T03:26:18.4512770Z   type: 'test'
2026-09-07T03:26:18.4513297Z   ...
2026-09-07T03:26:18.4513783Z # Subtest: tag rejects
2026-09-07T03:26:18.4514326Z ok 120 - tag rejects
2026-09-07T03:26:18.4514784Z   ---
2026-09-07T03:26:18.4515272Z   duration_ms: 2.698058
2026-09-07T03:26:18.4515766Z   type: 'test'
2026-09-07T03:26:18.4516243Z   ...
2026-09-07T03:26:18.4516728Z # Subtest: lossy form rejects
2026-09-07T03:26:18.4517382Z ok 121 - lossy form rejects
2026-09-07T03:26:18.4517906Z   ---
2026-09-07T03:26:18.4518388Z   duration_ms: 2.245391
2026-09-07T03:26:18.4518901Z   type: 'test'
2026-09-07T03:26:18.4519456Z   ...
2026-09-07T03:26:18.4519931Z # Subtest: hex rejects
2026-09-07T03:26:18.4520488Z ok 122 - hex rejects
2026-09-07T03:26:18.4521185Z   ---
2026-09-07T03:26:18.4521688Z   duration_ms: 1.546593
2026-09-07T03:26:18.4522197Z   type: 'test'
2026-09-07T03:26:18.4522691Z   ...
2026-09-07T03:26:18.4523248Z # Subtest: invalid enum rejects
2026-09-07T03:26:18.4523914Z ok 123 - invalid enum rejects
2026-09-07T03:26:18.4524473Z   ---
2026-09-07T03:26:18.4525001Z   duration_ms: 1.754222
2026-09-07T03:26:18.4525537Z   type: 'test'
2026-09-07T03:26:18.4526039Z   ...
2026-09-07T03:26:18.4526832Z # Subtest: merge key rejects
2026-09-07T03:26:18.4527500Z ok 124 - merge key rejects
2026-09-07T03:26:18.4528018Z   ---
2026-09-07T03:26:18.4528620Z   duration_ms: 2.920304
2026-09-07T03:26:18.4529130Z   type: 'test'
2026-09-07T03:26:18.4529655Z   ...
2026-09-07T03:26:18.4530444Z # Subtest: unknown schema, schema hash claim and invalid UTF8 reject
2026-09-07T03:26:18.4531872Z ok 125 - unknown schema, schema hash claim and invalid UTF8 reject
2026-09-07T03:26:18.4532646Z   ---
2026-09-07T03:26:18.4533167Z   duration_ms: 1.945521
2026-09-07T03:26:18.4533685Z   type: 'test'
2026-09-07T03:26:18.4534170Z   ...
2026-09-07T03:26:18.4535076Z # Subtest: identities cannot be mutated and repository binding changes semantics
2026-09-07T03:26:18.4536368Z ok 126 - identities cannot be mutated and repository binding changes semantics
2026-09-07T03:26:18.4537228Z   ---
2026-09-07T03:26:18.4537729Z   duration_ms: 4.332797
2026-09-07T03:26:18.4538226Z   type: 'test'
2026-09-07T03:26:18.4538750Z   ...
2026-09-07T03:26:18.4539671Z # Subtest: human comments and directives are unsupported instead of silently erased
2026-09-07T03:26:18.4541236Z ok 127 - human comments and directives are unsupported instead of silently erased
2026-09-07T03:26:18.4542112Z   ---
2026-09-07T03:26:18.4542651Z   duration_ms: 4.634691
2026-09-07T03:26:18.4543158Z   type: 'test'
2026-09-07T03:26:18.4543694Z   ...
2026-09-07T03:26:18.4544615Z # Subtest: a YAML mapping cannot impersonate the internal numeric domain representation
2026-09-07T03:26:18.4546023Z ok 128 - a YAML mapping cannot impersonate the internal numeric domain representation
2026-09-07T03:26:18.4546887Z   ---
2026-09-07T03:26:18.4547430Z   duration_ms: 3.400312
2026-09-07T03:26:18.4547958Z   type: 'test'
2026-09-07T03:26:18.4548465Z   ...
2026-09-07T03:26:18.4549580Z # Subtest: explicit default-handle TAG directives reject instead of inheriting implicit defaults
2026-09-07T03:26:18.4551539Z ok 129 - explicit default-handle TAG directives reject instead of inheriting implicit defaults
2026-09-07T03:26:18.4552445Z   ---
2026-09-07T03:26:18.4552929Z   duration_ms: 4.588836
2026-09-07T03:26:18.4553454Z   type: 'test'
2026-09-07T03:26:18.4553936Z   ...
2026-09-07T03:26:20.2946863Z # Subtest: journal appends exclusively and replay is deterministic local diagnostic
2026-09-07T03:26:20.2948769Z ok 130 - journal appends exclusively and replay is deterministic local diagnostic
2026-09-07T03:26:20.3011367Z   ---
2026-09-07T03:26:20.3041338Z   duration_ms: 77.163446
2026-09-07T03:26:20.3081191Z   type: 'test'
2026-09-07T03:26:20.3116035Z   ...
2026-09-07T03:26:20.3256006Z # Subtest: idempotency returns original event while changed inputs and stale CAS block
2026-09-07T03:26:20.3291619Z ok 131 - idempotency returns original event while changed inputs and stale CAS block
2026-09-07T03:26:20.3302459Z   ---
2026-09-07T03:26:20.3321130Z   duration_ms: 43.381145
2026-09-07T03:26:20.3341303Z   type: 'test'
2026-09-07T03:26:20.3361264Z   ...
2026-09-07T03:26:20.3361776Z # Subtest: replay rejects alter damage
2026-09-07T03:26:20.3362449Z ok 132 - replay rejects alter damage
2026-09-07T03:26:20.3362935Z   ---
2026-09-07T03:26:20.3363304Z   duration_ms: 32.082477
2026-09-07T03:26:20.3363723Z   type: 'test'
2026-09-07T03:26:20.3364104Z   ...
2026-09-07T03:26:20.3381347Z # Subtest: replay rejects omit damage
2026-09-07T03:26:20.3401282Z ok 133 - replay rejects omit damage
2026-09-07T03:26:20.3411324Z   ---
2026-09-07T03:26:20.3421155Z   duration_ms: 26.470968
2026-09-07T03:26:20.3421609Z   type: 'test'
2026-09-07T03:26:20.3421978Z   ...
2026-09-07T03:26:20.3422445Z # Subtest: replay rejects reorder damage
2026-09-07T03:26:20.3423100Z ok 134 - replay rejects reorder damage
2026-09-07T03:26:20.3423594Z   ---
2026-09-07T03:26:20.3423951Z   duration_ms: 28.957534
2026-09-07T03:26:20.3424365Z   type: 'test'
2026-09-07T03:26:20.3424705Z   ...
2026-09-07T03:26:20.3425164Z # Subtest: replay rejects partial damage
2026-09-07T03:26:20.3425824Z ok 135 - replay rejects partial damage
2026-09-07T03:26:20.3426312Z   ---
2026-09-07T03:26:20.3427110Z   duration_ms: 20.429874
2026-09-07T03:26:20.3427519Z   type: 'test'
2026-09-07T03:26:20.3427879Z   ...
2026-09-07T03:26:20.3428357Z # Subtest: replay rejects object damage
2026-09-07T03:26:20.3428957Z ok 136 - replay rejects object damage
2026-09-07T03:26:20.3429421Z   ---
2026-09-07T03:26:20.3429789Z   duration_ms: 30.190585
2026-09-07T03:26:20.3430193Z   type: 'test'
2026-09-07T03:26:20.3430529Z   ...
2026-09-07T03:26:20.3431755Z # Subtest: head index is reconstructed from complete log after interrupted publication
2026-09-07T03:26:20.3441632Z ok 137 - head index is reconstructed from complete log after interrupted publication
2026-09-07T03:26:20.3456949Z   ---
2026-09-07T03:26:20.3501337Z   duration_ms: 43.978675
2026-09-07T03:26:20.3521141Z   type: 'test'
2026-09-07T03:26:20.3541118Z   ...
2026-09-07T03:26:20.3561422Z # Subtest: exclusive existing object is verified before reuse
2026-09-07T03:26:20.3571545Z ok 138 - exclusive existing object is verified before reuse
2026-09-07T03:26:20.3581113Z   ---
2026-09-07T03:26:20.3581492Z   duration_ms: 16.937821
2026-09-07T03:26:20.3581923Z   type: 'test'
2026-09-07T03:26:20.3582337Z   ...
2026-09-07T03:26:20.3583000Z # Subtest: an existing ownership lock never expires into permission
2026-09-07T03:26:20.3583954Z ok 139 - an existing ownership lock never expires into permission
2026-09-07T03:26:20.3584557Z   ---
2026-09-07T03:26:20.3584905Z   duration_ms: 15.098092
2026-09-07T03:26:20.3585321Z   type: 'test'
2026-09-07T03:26:20.3585661Z   ...
2026-09-07T03:26:20.3586556Z # Subtest: signed latest checkpoint authenticates exact chain and stale signed prefix is rejected
2026-09-07T03:26:20.3588014Z ok 140 - signed latest checkpoint authenticates exact chain and stale signed prefix is rejected
2026-09-07T03:26:20.3588840Z   ---
2026-09-07T03:26:20.3589185Z   duration_ms: 54.589957
2026-09-07T03:26:20.3589564Z   type: 'test'
2026-09-07T03:26:20.3589891Z   ...
2026-09-07T03:26:20.3590323Z # Subtest: checkpoint rejects signature
2026-09-07T03:26:20.3591181Z ok 141 - checkpoint rejects signature
2026-09-07T03:26:20.3591673Z   ---
2026-09-07T03:26:20.3592033Z   duration_ms: 16.515774
2026-09-07T03:26:20.3592456Z   type: 'test'
2026-09-07T03:26:20.3592803Z   ...
2026-09-07T03:26:20.3593251Z # Subtest: checkpoint rejects repository
2026-09-07T03:26:20.3594183Z ok 142 - checkpoint rejects repository
2026-09-07T03:26:20.3601191Z   ---
2026-09-07T03:26:20.3611205Z   duration_ms: 22.062179
2026-09-07T03:26:20.3611640Z   type: 'test'
2026-09-07T03:26:20.3612003Z   ...
2026-09-07T03:26:20.3612463Z # Subtest: checkpoint rejects runtime
2026-09-07T03:26:20.3613059Z ok 143 - checkpoint rejects runtime
2026-09-07T03:26:20.3613519Z   ---
2026-09-07T03:26:20.3613855Z   duration_ms: 17.896733
2026-09-07T03:26:20.3614252Z   type: 'test'
2026-09-07T03:26:20.3614583Z   ...
2026-09-07T03:26:20.3615007Z # Subtest: checkpoint rejects kind
2026-09-07T03:26:20.3615569Z ok 144 - checkpoint rejects kind
2026-09-07T03:26:20.3615986Z   ---
2026-09-07T03:26:20.3616311Z   duration_ms: 21.456696
2026-09-07T03:26:20.3616709Z   type: 'test'
2026-09-07T03:26:20.3617035Z   ...
2026-09-07T03:26:20.3617449Z # Subtest: checkpoint rejects role
2026-09-07T03:26:20.3617987Z ok 145 - checkpoint rejects role
2026-09-07T03:26:20.3618392Z   ---
2026-09-07T03:26:20.3618710Z   duration_ms: 29.485579
2026-09-07T03:26:20.3619092Z   type: 'test'
2026-09-07T03:26:20.3619420Z   ...
2026-09-07T03:26:20.3619841Z # Subtest: checkpoint rejects head
2026-09-07T03:26:20.3620384Z ok 146 - checkpoint rejects head
2026-09-07T03:26:20.3621017Z   ---
2026-09-07T03:26:20.3621376Z   duration_ms: 20.970286
2026-09-07T03:26:20.3641212Z   type: 'test'
2026-09-07T03:26:20.3661109Z   ...
2026-09-07T03:26:20.3701431Z # Subtest: checkpoint rejects extra
2026-09-07T03:26:20.3714767Z ok 147 - checkpoint rejects extra
2026-09-07T03:26:20.3731319Z   ---
2026-09-07T03:26:20.3761152Z   duration_ms: 15.964169
2026-09-07T03:26:20.3761601Z   type: 'test'
2026-09-07T03:26:20.3781137Z   ...
2026-09-07T03:26:20.3800341Z # Subtest: witness is fetched on every strong replay; unavailable freshness does not fall back
2026-09-07T03:26:20.3802417Z ok 148 - witness is fetched on every strong replay; unavailable freshness does not fall back
2026-09-07T03:26:20.3821184Z   ---
2026-09-07T03:26:20.3841157Z   duration_ms: 18.942344
2026-09-07T03:26:20.3861178Z   type: 'test'
2026-09-07T03:26:20.3861596Z   ...
2026-09-07T03:26:20.3882066Z # Subtest: fresh mechanical run preserves terminal verdict, acceptance, lineage and objective budget
2026-09-07T03:26:20.3901893Z ok 149 - fresh mechanical run preserves terminal verdict, acceptance, lineage and objective budget
2026-09-07T03:26:20.3921305Z   ---
2026-09-07T03:26:20.3941380Z   duration_ms: 114.757894
2026-09-07T03:26:20.3951165Z   type: 'test'
2026-09-07T03:26:20.3961306Z   ...
2026-09-07T03:26:20.3971322Z # Subtest: fresh run rejects semantic
2026-09-07T03:26:20.3971940Z ok 150 - fresh run rejects semantic
2026-09-07T03:26:20.3972424Z   ---
2026-09-07T03:26:20.3972803Z   duration_ms: 15.619134
2026-09-07T03:26:20.3973256Z   type: 'test'
2026-09-07T03:26:20.3973623Z   ...
2026-09-07T03:26:20.3974078Z # Subtest: fresh run rejects missing
2026-09-07T03:26:20.3974668Z ok 151 - fresh run rejects missing
2026-09-07T03:26:20.3975124Z   ---
2026-09-07T03:26:20.3975484Z   duration_ms: 11.966219
2026-09-07T03:26:20.3975920Z   type: 'test'
2026-09-07T03:26:20.3976406Z   ...
2026-09-07T03:26:20.3976823Z # Subtest: fresh run rejects foreign
2026-09-07T03:26:20.4011327Z ok 152 - fresh run rejects foreign
2026-09-07T03:26:20.4031314Z   ---
2026-09-07T03:26:20.4041252Z   duration_ms: 15.012381
2026-09-07T03:26:20.4041703Z   type: 'test'
2026-09-07T03:26:20.4042062Z   ...
2026-09-07T03:26:20.4042552Z # Subtest: fresh run rejects stale-authority
2026-09-07T03:26:20.4043236Z ok 153 - fresh run rejects stale-authority
2026-09-07T03:26:20.4043728Z   ---
2026-09-07T03:26:20.4044091Z   duration_ms: 15.98702
2026-09-07T03:26:20.4044487Z   type: 'test'
2026-09-07T03:26:20.4044830Z   ...
2026-09-07T03:26:20.4045307Z # Subtest: fresh run rejects caller-summary
2026-09-07T03:26:20.4045974Z ok 154 - fresh run rejects caller-summary
2026-09-07T03:26:20.4046458Z   ---
2026-09-07T03:26:20.4046803Z   duration_ms: 16.086558
2026-09-07T03:26:20.4047211Z   type: 'test'
2026-09-07T03:26:20.4047537Z   ...
2026-09-07T03:26:20.4048715Z # Subtest: incomplete intent cannot be blindly repeated or resolved by candidate evidence
2026-09-07T03:26:20.4050035Z ok 155 - incomplete intent cannot be blindly repeated or resolved by candidate evidence
2026-09-07T03:26:20.4051097Z   ---
2026-09-07T03:26:20.4051466Z   duration_ms: 53.248473
2026-09-07T03:26:20.4051863Z   type: 'test'
2026-09-07T03:26:20.4052196Z   ...
2026-09-07T03:26:20.4053055Z # Subtest: closed event contract forbids caller actor, arbitrary PASS and budget configuration
2026-09-07T03:26:20.4054458Z ok 156 - closed event contract forbids caller actor, arbitrary PASS and budget configuration
2026-09-07T03:26:20.4055255Z   ---
2026-09-07T03:26:20.4081302Z   duration_ms: 17.66378
2026-09-07T03:26:20.4111203Z   type: 'test'
2026-09-07T03:26:20.4151178Z   ...
2026-09-07T03:26:20.4169541Z # Subtest: legacy bytes and receipts are retained without retroactive PASS and projection is read-only
2026-09-07T03:26:20.4221845Z ok 157 - legacy bytes and receipts are retained without retroactive PASS and projection is read-only
2026-09-07T03:26:20.4241198Z   ---
2026-09-07T03:26:20.4271105Z   duration_ms: 57.314114
2026-09-07T03:26:20.4301211Z   type: 'test'
2026-09-07T03:26:20.4321331Z   ...
2026-09-07T03:26:20.4322558Z # Subtest: adopted v2 marker blocks legacy direct writer before layer effects in source and scaffold
2026-09-07T03:26:20.4341799Z ok 158 - adopted v2 marker blocks legacy direct writer before layer effects in source and scaffold
2026-09-07T03:26:20.4361327Z   ---
2026-09-07T03:26:20.4381209Z   duration_ms: 12.465516
2026-09-07T03:26:20.4381840Z   type: 'test'
2026-09-07T03:26:20.4401228Z   ...
2026-09-07T03:26:20.4421606Z # Subtest: stale run cannot reserve against changed current workspace bytes
2026-09-07T03:26:20.4441568Z ok 159 - stale run cannot reserve against changed current workspace bytes
2026-09-07T03:26:20.4442534Z   ---
2026-09-07T03:26:20.4461289Z   duration_ms: 19.643714
2026-09-07T03:26:20.4481125Z   type: 'test'
2026-09-07T03:26:20.4501136Z   ...
2026-09-07T03:26:20.4502097Z # Subtest: witness publication uses host compare-and-append and verifies returned signed data
2026-09-07T03:26:20.4521784Z ok 160 - witness publication uses host compare-and-append and verifies returned signed data
2026-09-07T03:26:20.4551286Z   ---
2026-09-07T03:26:20.4571247Z   duration_ms: 48.8671
2026-09-07T03:26:20.4571705Z   type: 'test'
2026-09-07T03:26:20.4591325Z   ...
2026-09-07T03:26:20.4611949Z # Subtest: process crash after durable append retains intent and lock; scoped recovery repairs index
2026-09-07T03:26:20.4631790Z ok 161 - process crash after durable append retains intent and lock; scoped recovery repairs index
2026-09-07T03:26:20.4632894Z   ---
2026-09-07T03:26:20.4651259Z   duration_ms: 450.474404
2026-09-07T03:26:20.4671247Z   type: 'test'
2026-09-07T03:26:20.4691186Z   ...
2026-09-07T03:26:20.4692212Z # Subtest: recovery requires scoped approval and does not remove a live owner lock
2026-09-07T03:26:20.4709255Z ok 162 - recovery requires scoped approval and does not remove a live owner lock
2026-09-07T03:26:20.4731567Z   ---
2026-09-07T03:26:20.4751375Z   duration_ms: 14.65902
2026-09-07T03:26:20.4752067Z   type: 'test'
2026-09-07T03:26:20.4771272Z   ...
2026-09-07T03:26:20.9950981Z # Subtest: two real writers with one expected head publish at most one reservation
2026-09-07T03:26:20.9958233Z ok 163 - two real writers with one expected head publish at most one reservation
2026-09-07T03:26:20.9959035Z   ---
2026-09-07T03:26:20.9961449Z   duration_ms: 695.511014
2026-09-07T03:26:20.9962085Z   type: 'test'
2026-09-07T03:26:20.9962603Z   ...
2026-09-07T03:26:20.9963697Z # Subtest: terminal verdict cannot be rewritten and an earlier run cannot replace current lineage
2026-09-07T03:26:20.9965296Z ok 164 - terminal verdict cannot be rewritten and an earlier run cannot replace current lineage
2026-09-07T03:26:20.9966312Z   ---
2026-09-07T03:26:20.9966873Z   duration_ms: 51.019381
2026-09-07T03:26:20.9967447Z   type: 'test'
2026-09-07T03:26:20.9967948Z   ...
2026-09-07T03:26:24.0257120Z # Subtest: prepared capability rejects a changed frozen file named frozen.txt before effects or spending
2026-09-07T03:26:24.0261411Z ok 165 - prepared capability rejects a changed frozen file named frozen.txt before effects or spending
2026-09-07T03:26:24.0264526Z   ---
2026-09-07T03:26:24.0265148Z   duration_ms: 1359.926682
2026-09-07T03:26:24.0265800Z   type: 'test'
2026-09-07T03:26:24.0266331Z   ...
2026-09-07T03:26:24.0267483Z # Subtest: prepared capability rejects a changed frozen file named __proto__ before effects or spending
2026-09-07T03:26:24.0269294Z ok 166 - prepared capability rejects a changed frozen file named __proto__ before effects or spending
2026-09-07T03:26:24.0270447Z   ---
2026-09-07T03:26:24.0271328Z   duration_ms: 1285.083109
2026-09-07T03:26:24.0271996Z   type: 'test'
2026-09-07T03:26:24.0272582Z   ...
2026-09-07T03:26:32.9792168Z # Subtest: v1 acknowledges one verifier effect after transient publication custody contention
2026-09-07T03:26:32.9797892Z ok 167 - v1 acknowledges one verifier effect after transient publication custody contention
2026-09-07T03:26:32.9798886Z   ---
2026-09-07T03:26:32.9799400Z   duration_ms: 5820.211838
2026-09-07T03:26:32.9799930Z   type: 'test'
2026-09-07T03:26:32.9800407Z   ...
2026-09-07T03:26:32.9890312Z # {"result":{"status":"PRODUCT_REPLAYED","objectiveDigest":"7f4d02451b2ddd89e16448d75de93f33f1620b3409065d48c64238780ad0834b","stage":"IMPLEMENT","manifestDigest":"91b4d21991d0136862c4ea914620a4e28d9baa30f21644fcc744c2b754446249","productDigest":"e0ccd23b0c93b28bbf464b23cfb4637fec4aa291841ed72439b4cf0aaeaf69d8","steps":[{"key":"red:0","kind":"RED","evidenceDigest":"f5bc9ea9aa5a363ce1416e7594eae9f6b3921dd223e2104c5cc8ce74cd18ec82","binding":"4f52f6c8a2187d091fa923913327b0885696a787391a59e300ccb988ee535f80"}],"gates":[{"argv":["/opt/hostedtoolcache/node/22.23.2/x64/bin/node","/tmp/product-correction-BPiWgK/verifier.mjs"],"binding":"4f52f6c8a2187d091fa923913327b0885696a787391a59e300ccb988ee535f80","cases":[{"actual":false,"id":"value"}],"defectFingerprint":"594506a9f61563a4c21a183e516baf8a742df24c0cc89ba77b4f9ae4f95652a2","exit":1,"identity":{"artifactDigest":"91b4d21991d0136862c4ea914620a4e28d9baa30f21644fcc744c2b754446249","schemaState":"N/A","version":"fixture-v1"},"inputDigest":"8387ba6baa58fb621f10e4f722b4eb046184b9bfa3a42550b9d675357c0c676b","kind":"RED","result":"RED","sourceManifestDigest":"91b4d21991d0136862c4ea914620a4e28d9baa30f21644fcc744c2b754446249","verifierDigest":"5d5c28d22497688eb7cf160e3805c6f25cdf8c479490fb2dccd71d2b03e80adb","evidenceDigest":"f5bc9ea9aa5a363ce1416e7594eae9f6b3921dd223e2104c5cc8ce74cd18ec82"}],"authorship":[],"review":null,"fullReview":null,"findings":[],"causalEvidence":[],"resolutions":[],"differences":[],"counters":{"fullReview":0,"fixAttempts":0,"controlOnlyWithoutValue":0,"starts":1},"causalRed":null,"verified_state":"UNKNOWN","desired_state":"Prepare verified product change","observed_state":"PRODUCT_RED","reported_state":{"classification":"REPORTED","value":"No model prose certifies this objective"},"executionAssurance":"FIXTURE","readiness":"NOT_P0_READY","metrics":{"interventionsPerObjective":"UNKNOWN","timeToFirstRED":"UNKNOWN","timeToActualPRReady":"UNKNOWN","duplicateGateMinutesAvoided":"UNKNOWN","findingsAfterFalseReady":"UNKNOWN","highCriticalRegressionRate":"UNKNOWN","autonomousObjectivesCompleted":0,"fixtureObjectivesCompleted":0},"coverage":[{"invariantId":"value","surface":"CLI","mutationPath":"product.json","principal":"local-user","negativeTestId":"value","applicability":"APPLICABLE","basis":"Run the pinned verifier","caseId":"value","observedResult":"UNKNOWN","evidenceDigest":null,"sourceManifestDigest":"91b4d21991d0136862c4ea914620a4e28d9baa30f21644fcc744c2b754446249"},{"invariantId":"value","surface":"UI","mutationPath":"N/A","principal":"N/A","negativeTestId":null,"applicability":"N/A","basis":"No browser UI exists","caseId":null,"observedResult":"N/A","evidenceDigest":null},{"invariantId":"value","surface":"API_SERVER_ACTION","mutationPath":"N/A","principal":"N/A","negativeTestId":null,"applicability":"N/A","basis":"No HTTP API exists","caseId":null,"observedResult":"N/A","evidenceDigest":null},{"invariantId":"value","surface":"RPC","mutationPath":"N/A","principal":"N/A","negativeTestId":null,"applicability":"N/A","basis":"No RPC exists","caseId":null,"observedResult":"N/A","evidenceDigest":null},{"invariantId":"value","surface":"DIRECT_DML_POSTGREST","mutationPath":"N/A","principal":"N/A","negativeTestId":null,"applicability":"N/A","basis":"No database exists","caseId":null,"observedResult":"N/A","evidenceDigest":null},{"invariantId":"value","surface":"BATCH_SYNC","mutationPath":"N/A","principal":"N/A","negativeTestId":null,"applicability":"N/A","basis":"No batch interface exists","caseId":null,"observedResult":"N/A","evidenceDigest":null},{"invariantId":"value","surface":"STORAGE","mutationPath":"N/A","principal":"N/A","negativeTestId":null,"applicability":"N/A","basis":"No storage interface exists","caseId":null,"observedResult":"N/A","evidenceDigest":null},{"invariantId":"value","surface":"TRIGGERS","mutationPath":"N/A","principal":"N/A","negativeTestId":null,"applicability":"N/A","basis":"No triggers exist","caseId":null,"observedResult":"N/A","evidenceDigest":null},{"invariantId":"value","surface":"MIGRATIONS","mutationPath":"N/A","principal":"N/A","negativeTestId":null,"applicability":"N/A","basis":"No migrations exist","caseId":null,"observedResult":"N/A","evidenceDigest":null},{"invariantId":"value","surface":"PRIVILEGED_CLIENTS","mutationPath":"N/A","principal":"N/A","negativeTestId":null,"applicability":"N/A","basis":"No privileged client exists","caseId":null,"observedResult":"N/A","evidenceDigest":null}],"pending":null,"claims":[{"classification":"VERIFIED","value":"UNKNOWN","basis":["f5bc9ea9aa5a363ce1416e7594eae9f6b3921dd223e2104c5cc8ce74cd18ec82"]},{"classification":"OBSERVED","value":"PRODUCT_RED"},{"classification":"UNKNOWN","value":"production, external authority acceptance and actual PR"}],"handoff":null},"effects":1,"state":{"status":"PRODUCT_REPLAYED","objectiveDigest":"7f4d02451b2ddd89e16448d75de93f33f1620b3409065d48c64238780ad0834b","stage":"IMPLEMENT","manifestDigest":"91b4d21991d0136862c4ea914620a4e28d9baa30f21644fcc744c2b754446249","productDigest":"e0ccd23b0c93b28bbf464b23cfb4637fec4aa291841ed72439b4cf0aaeaf69d8","steps":[{"key":"red:0","kind":"RED","evidenceDigest":"f5bc9ea9aa5a363ce1416e7594eae9f6b3921dd223e2104c5cc8ce74cd18ec82","binding":"4f52f6c8a2187d091fa923913327b0885696a787391a59e300ccb988ee535f80"}],"gates":[{"argv":["/opt/hostedtoolcache/node/22.23.2/x64/bin/node","/tmp/product-correction-BPiWgK/verifier.mjs"],"binding":"4f52f6c8a2187d091fa923913327b0885696a787391a59e300ccb988ee535f80","cases":[{"actual":false,"id":"value"}],"defectFingerprint":"594506a9f61563a4c21a183e516baf8a742df24c0cc89ba77b4f9ae4f95652a2","exit":1,"identity":{"artifactDigest":"91b4d21991d0136862c4ea914620a4e28d9baa30f21644fcc744c2b754446249","schemaState":"N/A","version":"fixture-v1"},"inputDigest":"8387ba6baa58fb621f10e4f722b4eb046184b9bfa3a42550b9d675357c0c676b","kind":"RED","result":"RED","sourceManifestDigest":"91b4d21991d0136862c4ea914620a4e28d9baa30f21644fcc744c2b754446249","verifierDigest":"5d5c28d22497688eb7cf160e3805c6f25cdf8c479490fb2dccd71d2b03e80adb","evidenceDigest":"f5bc9ea9aa5a363ce1416e7594eae9f6b3921dd223e2104c5cc8ce74cd18ec82"}],"authorship":[],"review":null,"fullReview":null,"findings":[],"causalEvidence":[],"resolutions":[],"differences":[],"counters":{"fullReview":0,"fixAttempts":0,"controlOnlyWithoutValue":0,"starts":1},"causalRed":null,"verified_state":"UNKNOWN","desired_state":"Prepare verified product change","observed_state":"PRODUCT_RED","reported_state":{"classification":"REPORTED","value":"No model prose certifies this objective"},"executionAssurance":"FIXTURE","readiness":"NOT_P0_READY","metrics":{"interventionsPerObjective":"UNKNOWN","timeToFirstRED":"UNKNOWN","timeToActualPRReady":"UNKNOWN","duplicateGateMinutesAvoided":"UNKNOWN","findingsAfterFalseReady":"UNKNOWN","highCriticalRegressionRate":"UNKNOWN","autonomousObjectivesCompleted":0,"fixtureObjectivesCompleted":0},"coverage":[{"invariantId":"value","surface":"CLI","mutationPath":"product.json","principal":"local-user","negativeTestId":"value","applicability":"APPLICABLE","basis":"Run the pinned verifier","caseId":"value","observedResult":"UNKNOWN","evidenceDigest":null,"sourceManifestDigest":"91b4d21991d0136862c4ea914620a4e28d9baa30f21644fcc744c2b754446249"},{"invariantId":"value","surface":"UI","mutationPath":"N/A","principal":"N/A","negativeTestId":null,"applicability":"N/A","basis":"No browser UI exists","caseId":null,"observedResult":"N/A","evidenceDigest":null},{"invariantId":"value","surface":"API_SERVER_ACTION","mutationPath":"N/A","principal":"N/A","negativeTestId":null,"applicability":"N/A","basis":"No HTTP API exists","caseId":null,"observedResult":"N/A","evidenceDigest":null},{"invariantId":"value","surface":"RPC","mutationPath":"N/A","principal":"N/A","negativeTestId":null,"applicability":"N/A","basis":"No RPC exists","caseId":null,"observedResult":"N/A","evidenceDigest":null},{"invariantId":"value","surface":"DIRECT_DML_POSTGREST","mutationPath":"N/A","principal":"N/A","negativeTestId":null,"applicability":"N/A","basis":"No database exists","caseId":null,"observedResult":"N/A","evidenceDigest":null},{"invariantId":"value","surface":"BATCH_SYNC","mutationPath":"N/A","principal":"N/A","negativeTestId":null,"applicability":"N/A","basis":"No batch interface exists","caseId":null,"observedResult":"N/A","evidenceDigest":null},{"invariantId":"value","surface":"STORAGE","mutationPath":"N/A","principal":"N/A","negativeTestId":null,"applicability":"N/A","basis":"No storage interface exists","caseId":null,"observedResult":"N/A","evidenceDigest":null},{"invariantId":"value","surface":"TRIGGERS","mutationPath":"N/A","principal":"N/A","negativeTestId":null,"applicability":"N/A","basis":"No triggers exist","caseId":null,"observedResult":"N/A","evidenceDigest":null},{"invariantId":"value","surface":"MIGRATIONS","mutationPath":"N/A","principal":"N/A","negativeTestId":null,"applicability":"N/A","basis":"No migrations exist","caseId":null,"observedResult":"N/A","evidenceDigest":null},{"invariantId":"value","surface":"PRIVILEGED_CLIENTS","mutationPath":"N/A","principal":"N/A","negativeTestId":null,"applicability":"N/A","basis":"No privileged client exists","caseId":null,"observedResult":"N/A","evidenceDigest":null}],"pending":null,"claims":[{"classification":"VERIFIED","value":"UNKNOWN","basis":["f5bc9ea9aa5a363ce1416e7594eae9f6b3921dd223e2104c5cc8ce74cd18ec82"]},{"classification":"OBSERVED","value":"PRODUCT_RED"},{"classification":"UNKNOWN","value":"production, external authority acceptance and actual PR"}],"handoff":null},"budget":{"limit":10,"spent":1,"limits":null,"byKind":{"product-semantic-review":0,"harness-implementation-review":0,"mechanical-remediation-verification":0}},"acknowledgements":["ack-a5ff3000e4f00bcc1da6875cdc9bc0b2def3460d8f6d5fd80fa65ace05806416.json"],"collisions":1}
2026-09-07T03:26:41.5514015Z # Subtest: v1 persistent publication custody retains the original acknowledgement and charge
2026-09-07T03:26:41.5517388Z ok 168 - v1 persistent publication custody retains the original acknowledgement and charge
2026-09-07T03:26:41.5519407Z   ---
2026-09-07T03:26:41.5520237Z   duration_ms: 8588.784889
2026-09-07T03:26:41.5521611Z   type: 'test'
2026-09-07T03:26:41.5522474Z   ...
2026-09-07T03:26:41.5562164Z # {"result":{"status":"BLOCKED_BY_OWNERSHIP","reason":"existing owner requires explicit scoped recovery; elapsed time is insufficient"},"effects":1,"state":{"status":"PRODUCT_REPLAYED","objectiveDigest":"b934034968f3fda3a017d64b5b6aa8fc1594e1fc342932fd30aff21826992e7f","stage":"RED","manifestDigest":"91b4d21991d0136862c4ea914620a4e28d9baa30f21644fcc744c2b754446249","productDigest":"29981261346ab0c8870d4ff527d2182c7e41d07d97ae6e8039f3535afb492103","steps":[],"gates":[],"authorship":[],"review":null,"fullReview":null,"findings":[],"causalEvidence":[],"resolutions":[],"differences":[],"counters":{"fullReview":0,"fixAttempts":0,"controlOnlyWithoutValue":0,"starts":1},"causalRed":null,"verified_state":"UNKNOWN","desired_state":"Prepare verified product change","observed_state":"OBJECTIVE_BOUND","reported_state":{"classification":"REPORTED","value":"No model prose certifies this objective"},"executionAssurance":"FIXTURE","readiness":"NOT_P0_READY","metrics":{"interventionsPerObjective":"UNKNOWN","timeToFirstRED":"UNKNOWN","timeToActualPRReady":"UNKNOWN","duplicateGateMinutesAvoided":"UNKNOWN","findingsAfterFalseReady":"UNKNOWN","highCriticalRegressionRate":"UNKNOWN","autonomousObjectivesCompleted":0,"fixtureObjectivesCompleted":0},"coverage":[{"invariantId":"value","surface":"CLI","mutationPath":"product.json","principal":"local-user","negativeTestId":"value","applicability":"APPLICABLE","basis":"Run the pinned verifier","caseId":"value","observedResult":"UNKNOWN","evidenceDigest":null,"sourceManifestDigest":"91b4d21991d0136862c4ea914620a4e28d9baa30f21644fcc744c2b754446249"},{"invariantId":"value","surface":"UI","mutationPath":"N/A","principal":"N/A","negativeTestId":null,"applicability":"N/A","basis":"No browser UI exists","caseId":null,"observedResult":"N/A","evidenceDigest":null},{"invariantId":"value","surface":"API_SERVER_ACTION","mutationPath":"N/A","principal":"N/A","negativeTestId":null,"applicability":"N/A","basis":"No HTTP API exists","caseId":null,"observedResult":"N/A","evidenceDigest":null},{"invariantId":"value","surface":"RPC","mutationPath":"N/A","principal":"N/A","negativeTestId":null,"applicability":"N/A","basis":"No RPC exists","caseId":null,"observedResult":"N/A","evidenceDigest":null},{"invariantId":"value","surface":"DIRECT_DML_POSTGREST","mutationPath":"N/A","principal":"N/A","negativeTestId":null,"applicability":"N/A","basis":"No database exists","caseId":null,"observedResult":"N/A","evidenceDigest":null},{"invariantId":"value","surface":"BATCH_SYNC","mutationPath":"N/A","principal":"N/A","negativeTestId":null,"applicability":"N/A","basis":"No batch interface exists","caseId":null,"observedResult":"N/A","evidenceDigest":null},{"invariantId":"value","surface":"STORAGE","mutationPath":"N/A","principal":"N/A","negativeTestId":null,"applicability":"N/A","basis":"No storage interface exists","caseId":null,"observedResult":"N/A","evidenceDigest":null},{"invariantId":"value","surface":"TRIGGERS","mutationPath":"N/A","principal":"N/A","negativeTestId":null,"applicability":"N/A","basis":"No triggers exist","caseId":null,"observedResult":"N/A","evidenceDigest":null},{"invariantId":"value","surface":"MIGRATIONS","mutationPath":"N/A","principal":"N/A","negativeTestId":null,"applicability":"N/A","basis":"No migrations exist","caseId":null,"observedResult":"N/A","evidenceDigest":null},{"invariantId":"value","surface":"PRIVILEGED_CLIENTS","mutationPath":"N/A","principal":"N/A","negativeTestId":null,"applicability":"N/A","basis":"No privileged client exists","caseId":null,"observedResult":"N/A","evidenceDigest":null}],"pending":{"key":"red:0","kind":"RED"},"claims":[{"classification":"VERIFIED","value":"UNKNOWN","basis":[]},{"classification":"OBSERVED","value":"OBJECTIVE_BOUND"},{"classification":"UNKNOWN","value":"production, external authority acceptance and actual PR"}],"handoff":null},"budget":{"limit":10,"spent":1,"limits":null,"byKind":{"product-semantic-review":0,"harness-implementation-review":0,"mechanical-remediation-verification":0}},"acknowledgements":["ack-c4d67da50548388f287d4cf72bd68c26784852136734cf7e1968604e8b773ff8.json"],"collisions":6,"again":{"status":"BLOCKED_BY_OWNERSHIP","reason":"existing owner requires explicit scoped recovery; elapsed time is insufficient"}}
2026-09-07T03:26:43.4968558Z # Subtest: v1 acknowledgement publication revalidates expired authority after custody is released
2026-09-07T03:26:43.4986039Z ok 169 - v1 acknowledgement publication revalidates expired authority after custody is released
2026-09-07T03:26:43.4987098Z   ---
2026-09-07T03:26:43.4990071Z   duration_ms: 4680.561601
2026-09-07T03:26:43.4990990Z   type: 'test'
2026-09-07T03:26:43.4991528Z   ...
2026-09-07T03:26:43.5002851Z # {"result":{"status":"BLOCKED_BY_STALE_AUTHORITY","reason":"approval is not current"},"effects":1,"collisions":1}
2026-09-07T03:27:04.7677755Z # Subtest: local PR preparation reads base objects from a linked worktree common Git directory
2026-09-07T03:27:04.7679524Z ok 170 - local PR preparation reads base objects from a linked worktree common Git directory
2026-09-07T03:27:04.7680523Z   ---
2026-09-07T03:27:04.7681322Z   duration_ms: 20891.215053
2026-09-07T03:27:04.7681898Z   type: 'test'
2026-09-07T03:27:04.7682338Z   ...
2026-09-07T03:27:14.0079018Z # Subtest: pilot unavailable runtime produces honest parseable offline JSON and nonzero
2026-09-07T03:27:14.0086138Z ok 171 - pilot unavailable runtime produces honest parseable offline JSON and nonzero
2026-09-07T03:27:14.0091410Z   ---
2026-09-07T03:27:14.0091906Z   duration_ms: 41.319881
2026-09-07T03:27:14.0092529Z   type: 'test'
2026-09-07T03:27:14.0093059Z   ...
2026-09-07T03:27:14.0094079Z # Subtest: pilot loaded runtime remains installation observation with identity and no false READY
2026-09-07T03:27:14.0095572Z ok 172 - pilot loaded runtime remains installation observation with identity and no false READY
2026-09-07T03:27:14.0096525Z   ---
2026-09-07T03:27:14.0097010Z   duration_ms: 782.886595
2026-09-07T03:27:14.0097549Z   type: 'test'
2026-09-07T03:27:14.0098022Z   ...
2026-09-07T03:27:14.0098983Z # Subtest: journal v1 binding remains exact while product journals opt into a distinct contract
2026-09-07T03:27:14.0100383Z ok 173 - journal v1 binding remains exact while product journals opt into a distinct contract
2026-09-07T03:27:14.0101497Z   ---
2026-09-07T03:27:14.0101981Z   duration_ms: 1983.648387
2026-09-07T03:27:14.0102524Z   type: 'test'
2026-09-07T03:27:14.0102997Z   ...
2026-09-07T03:27:14.0103908Z # Subtest: no product operation is available without authentic authority and capability
2026-09-07T03:27:14.0105587Z ok 174 - no product operation is available without authentic authority and capability
2026-09-07T03:27:14.0106437Z   ---
2026-09-07T03:27:14.0106915Z   duration_ms: 2422.164527
2026-09-07T03:27:14.0107454Z   type: 'test'
2026-09-07T03:27:14.0107924Z   ...
2026-09-07T03:28:04.2347767Z # Subtest: known differences block slice approval PASS next slice and baseline promotion
2026-09-07T03:28:04.2366098Z ok 175 - known differences block slice approval PASS next slice and baseline promotion
2026-09-07T03:28:04.2377967Z   ---
2026-09-07T03:28:04.2381524Z   duration_ms: 41425.315089
2026-09-07T03:28:04.2382161Z   type: 'test'
2026-09-07T03:28:04.2382589Z   ...
2026-09-07T03:28:04.2383437Z # Subtest: two control cycles without product value block a third before spending
2026-09-07T03:28:04.2384646Z ok 176 - two control cycles without product value block a third before spending
2026-09-07T03:28:04.2385429Z   ---
2026-09-07T03:28:04.2385874Z   duration_ms: 3658.249781
2026-09-07T03:28:04.2386391Z   type: 'test'
2026-09-07T03:28:04.2386845Z   ...
2026-09-07T03:28:04.2387641Z # Subtest: direct mutation bypass invalidates authority before effect
2026-09-07T03:28:04.2388692Z ok 177 - direct mutation bypass invalidates authority before effect
2026-09-07T03:28:04.2389389Z   ---
2026-09-07T03:28:04.2389945Z   duration_ms: 2589.763467
2026-09-07T03:28:04.2390462Z   type: 'test'
2026-09-07T03:28:04.2392779Z   ...
2026-09-07T03:28:04.2393773Z # Subtest: SHA change invalidates bound authority and review before effect
2026-09-07T03:28:04.2395030Z ok 178 - SHA change invalidates bound authority and review before effect
2026-09-07T03:28:04.2395941Z   ---
2026-09-07T03:28:04.2396357Z   duration_ms: 2576.623252
2026-09-07T03:28:04.2396935Z   type: 'test'
2026-09-07T03:28:04.2397426Z   ...
2026-09-07T03:28:09.5437935Z # Subtest: health or loaded zero exit without version and schema identity is UNKNOWN
2026-09-07T03:28:09.5439304Z ok 179 - health or loaded zero exit without version and schema identity is UNKNOWN
2026-09-07T03:28:09.5440267Z   ---
2026-09-07T03:28:09.5441126Z   duration_ms: 5310.021512
2026-09-07T03:28:09.5441683Z   type: 'test'
2026-09-07T03:28:09.5442153Z   ...
2026-09-07T03:28:19.9582020Z # Subtest: valid nonce cannot authorize frozen path patch
2026-09-07T03:28:19.9602949Z ok 180 - valid nonce cannot authorize frozen path patch
2026-09-07T03:28:19.9611384Z   ---
2026-09-07T03:28:19.9622951Z   duration_ms: 10428.401754
2026-09-07T03:28:19.9631233Z   type: 'test'
2026-09-07T03:28:19.9631947Z   ...
2026-09-07T03:28:37.7773937Z # Subtest: text checker green and open authenticated High block PASS despite required gates green
2026-09-07T03:28:37.7789461Z ok 181 - text checker green and open authenticated High block PASS despite required gates green
2026-09-07T03:28:37.7791321Z   ---
2026-09-07T03:28:37.7791685Z   duration_ms: 17786.177166
2026-09-07T03:28:37.7792090Z   type: 'test'
2026-09-07T03:28:37.7792418Z   ...
2026-09-07T03:29:27.3362249Z # Subtest: two unsuccessful fixes retain original finding and stop without third full review
2026-09-07T03:29:27.3363813Z ok 182 - two unsuccessful fixes retain original finding and stop without third full review
2026-09-07T03:29:27.3364771Z   ---
2026-09-07T03:29:27.3365370Z   duration_ms: 49586.484669
2026-09-07T03:29:27.3365942Z   type: 'test'
2026-09-07T03:29:27.3366438Z   ...
2026-09-07T03:29:34.8402411Z # Subtest: gate reuse requires exact bindings and resume performs zero duplicate dispatch
2026-09-07T03:29:34.8404108Z ok 183 - gate reuse requires exact bindings and resume performs zero duplicate dispatch
2026-09-07T03:29:34.8431249Z   ---
2026-09-07T03:29:34.8431771Z   duration_ms: 7505.265362
2026-09-07T03:29:34.8432298Z   type: 'test'
2026-09-07T03:29:34.8432768Z   ...
2026-09-07T03:30:10.6741761Z # Subtest: e2e objective moves RED patch GREEN independent full review causal fix focal review and handoff automatically
2026-09-07T03:30:10.6774203Z ok 184 - e2e objective moves RED patch GREEN independent full review causal fix focal review and handoff automatically
2026-09-07T03:30:10.6801244Z   ---
2026-09-07T03:30:10.6801961Z   duration_ms: 37490.616279
2026-09-07T03:30:10.6821142Z   type: 'test'
2026-09-07T03:30:10.6841214Z   ...
2026-09-07T03:30:19.1542363Z # Subtest: e2e two actual processes competing for one step nonce create one verifier effect
2026-09-07T03:30:19.1551814Z ok 185 - e2e two actual processes competing for one step nonce create one verifier effect
2026-09-07T03:30:19.1561326Z   ---
2026-09-07T03:30:19.1564258Z   duration_ms: 6787.913392
2026-09-07T03:30:19.1565017Z   type: 'test'
2026-09-07T03:30:19.1566790Z   ...
2026-09-07T03:31:08.9974217Z # Subtest: e2e actual CLI source passes through product RED author patch High remediation and local PR preparation
2026-09-07T03:31:08.9991900Z ok 186 - e2e actual CLI source passes through product RED author patch High remediation and local PR preparation
2026-09-07T03:31:09.0011257Z   ---
2026-09-07T03:31:09.0021348Z   duration_ms: 37184.021084
2026-09-07T03:31:09.0021971Z   type: 'test'
2026-09-07T03:31:09.0022540Z   ...
2026-09-07T03:31:09.0023464Z # Subtest: a mechanically fresh journal run cannot inherit the previous product grant
2026-09-07T03:31:09.0024776Z ok 187 - a mechanically fresh journal run cannot inherit the previous product grant
2026-09-07T03:31:09.0025602Z   ---
2026-09-07T03:31:09.0026064Z   duration_ms: 2798.56234
2026-09-07T03:31:09.0026581Z   type: 'test'
2026-09-07T03:31:09.0027025Z   ...
2026-09-07T03:31:09.0027919Z # Subtest: fix1 H1 terminal FAILED STALE INCOMPLETE runs reject effects and promotions
2026-09-07T03:31:09.0029159Z ok 188 - fix1 H1 terminal FAILED STALE INCOMPLETE runs reject effects and promotions
2026-09-07T03:31:09.0029976Z   ---
2026-09-07T03:31:09.0030429Z   duration_ms: 9864.43336
2026-09-07T03:31:09.0031269Z   type: 'test'
2026-09-07T03:31:09.0031732Z   ...
2026-09-07T03:31:26.6172257Z # Subtest: fix1 H2 difference arriving during review cannot restore canonical PASS
2026-09-07T03:31:26.6183194Z ok 189 - fix1 H2 difference arriving during review cannot restore canonical PASS
2026-09-07T03:31:26.6184176Z   ---
2026-09-07T03:31:26.6184749Z   duration_ms: 17608.000732
2026-09-07T03:31:26.6185319Z   type: 'test'
2026-09-07T03:31:26.6185799Z   ...
2026-09-07T03:31:57.8789509Z # Subtest: fix1 H3 a known functional VERIFY RED settles and enters bounded correction
2026-09-07T03:31:57.8802180Z ok 190 - fix1 H3 a known functional VERIFY RED settles and enters bounded correction
2026-09-07T03:31:57.8803141Z   ---
2026-09-07T03:31:57.8803765Z   duration_ms: 31254.860437
2026-09-07T03:31:57.8804324Z   type: 'test'
2026-09-07T03:31:57.8804789Z   ...
2026-09-07T03:32:18.9296076Z # Subtest: fix1 H4 a GREEN case cannot borrow another findings RED
2026-09-07T03:32:18.9311751Z ok 191 - fix1 H4 a GREEN case cannot borrow another findings RED
2026-09-07T03:32:18.9312648Z   ---
2026-09-07T03:32:18.9313205Z   duration_ms: 21053.115578
2026-09-07T03:32:18.9313800Z   type: 'test'
2026-09-07T03:32:18.9314316Z   ...
2026-09-07T03:33:11.8487269Z # Subtest: e2e fix1 H4 two findings close in separate rounds without losing causal chains or backlog
2026-09-07T03:33:11.8489124Z ok 192 - e2e fix1 H4 two findings close in separate rounds without losing causal chains or backlog
2026-09-07T03:33:11.8490133Z   ---
2026-09-07T03:33:11.8490927Z   duration_ms: 52923.337258
2026-09-07T03:33:11.8491525Z   type: 'test'
2026-09-07T03:33:11.8492022Z   ...
2026-09-07T03:33:49.3752289Z # Subtest: fix1 M2 pilot coverage enumerates every surface and binds applicable observed cases
2026-09-07T03:33:49.3759321Z ok 193 - fix1 M2 pilot coverage enumerates every surface and binds applicable observed cases
2026-09-07T03:33:49.3760282Z   ---
2026-09-07T03:33:49.3761077Z   duration_ms: 37552.219883
2026-09-07T03:33:49.3761610Z   type: 'test'
2026-09-07T03:33:49.3762098Z   ...
2026-09-07T03:34:06.5292470Z # Subtest: fix1 H4 conflicting finding identities cannot hide a High behind a Low
2026-09-07T03:34:06.5311686Z ok 194 - fix1 H4 conflicting finding identities cannot hide a High behind a Low
2026-09-07T03:34:06.5312552Z   ---
2026-09-07T03:34:06.5313376Z   duration_ms: 17143.356068
2026-09-07T03:34:06.5313887Z   type: 'test'
2026-09-07T03:34:06.5314344Z   ...
2026-09-07T03:34:35.6969358Z # Subtest: fix2 M2 coverage binds an observed nested regression GREEN to its containing VERIFY receipt
2026-09-07T03:34:35.6971922Z ok 195 - fix2 M2 coverage binds an observed nested regression GREEN to its containing VERIFY receipt
2026-09-07T03:34:35.6973139Z   ---
2026-09-07T03:34:35.6973730Z   duration_ms: 32776.839829
2026-09-07T03:34:35.6974424Z   type: 'test'
2026-09-07T03:34:35.6975022Z   ...
2026-09-07T03:34:41.6164624Z # Subtest: malformed verifier UTF-8 returns a controlled tool failure
2026-09-07T03:34:41.6168439Z ok 196 - malformed verifier UTF-8 returns a controlled tool failure
2026-09-07T03:34:41.6169471Z   ---
2026-09-07T03:34:41.6170083Z   duration_ms: 5533.869328
2026-09-07T03:34:41.6171045Z   type: 'test'
2026-09-07T03:34:41.6171646Z   ...
2026-09-07T03:34:42.4856904Z # Subtest: H08 missing release API is an observable unmet objective
2026-09-07T03:34:42.4865224Z ok 197 - H08 missing release API is an observable unmet objective
2026-09-07T03:34:42.4894454Z   ---
2026-09-07T03:34:42.4921157Z   duration_ms: 63.513228
2026-09-07T03:34:42.4954926Z   type: 'test'
2026-09-07T03:34:42.4966260Z   ...
2026-09-07T03:34:42.5000024Z # Subtest: HIST-11: green slice and merged PR continue through every obligation
2026-09-07T03:34:42.5017890Z ok 198 - HIST-11: green slice and merged PR continue through every obligation
2026-09-07T03:34:42.5031352Z   ---
2026-09-07T03:34:42.5048890Z   duration_ms: 10.172249
2026-09-07T03:34:42.5049565Z   type: 'test'
2026-09-07T03:34:42.5050161Z   ...
2026-09-07T03:34:42.5051378Z # Subtest: production simulation never becomes production certification
2026-09-07T03:34:42.5052659Z ok 199 - production simulation never becomes production certification
2026-09-07T03:34:42.5053452Z   ---
2026-09-07T03:34:42.5053915Z   duration_ms: 2.457489
2026-09-07T03:34:42.5054436Z   type: 'test'
2026-09-07T03:34:42.5054891Z   ...
2026-09-07T03:34:42.5055723Z # Subtest: wrong artifact binding cannot discharge integrated-verification
2026-09-07T03:34:42.5056894Z ok 200 - wrong artifact binding cannot discharge integrated-verification
2026-09-07T03:34:42.5057666Z   ---
2026-09-07T03:34:42.5058129Z   duration_ms: 0.943917
2026-09-07T03:34:42.5059110Z   type: 'test'
2026-09-07T03:34:42.5059683Z   ...
2026-09-07T03:34:42.5060484Z # Subtest: wrong artifact binding cannot discharge deployment
2026-09-07T03:34:42.5061933Z ok 201 - wrong artifact binding cannot discharge deployment
2026-09-07T03:34:42.5062743Z   ---
2026-09-07T03:34:42.5063450Z   duration_ms: 1.043744
2026-09-07T03:34:42.5064036Z   type: 'test'
2026-09-07T03:34:42.5064567Z   ...
2026-09-07T03:34:42.5065336Z # Subtest: wrong artifact binding cannot discharge smoke
2026-09-07T03:34:42.5066368Z ok 202 - wrong artifact binding cannot discharge smoke
2026-09-07T03:34:42.5068864Z   ---
2026-09-07T03:34:42.5070102Z   duration_ms: 1.178496
2026-09-07T03:34:42.5072095Z   type: 'test'
2026-09-07T03:34:42.5074150Z   ...
2026-09-07T03:34:42.5075919Z # Subtest: wrong artifact binding cannot discharge observability
2026-09-07T03:34:42.5077084Z ok 203 - wrong artifact binding cannot discharge observability
2026-09-07T03:34:42.5077988Z   ---
2026-09-07T03:34:42.5078535Z   duration_ms: 1.214774
2026-09-07T03:34:42.5079112Z   type: 'test'
2026-09-07T03:34:42.5079612Z   ...
2026-09-07T03:34:42.5080418Z # Subtest: deployment A cannot consume smoke B: deploymentId
2026-09-07T03:34:42.5081753Z ok 204 - deployment A cannot consume smoke B: deploymentId
2026-09-07T03:34:42.5082608Z   ---
2026-09-07T03:34:42.5083121Z   duration_ms: 1.751608
2026-09-07T03:34:42.5083720Z   type: 'test'
2026-09-07T03:34:42.5084266Z   ...
2026-09-07T03:34:42.5085025Z # Subtest: deployment A cannot consume smoke B: target
2026-09-07T03:34:42.5086026Z ok 205 - deployment A cannot consume smoke B: target
2026-09-07T03:34:42.5086794Z   ---
2026-09-07T03:34:42.5087340Z   duration_ms: 1.665607
2026-09-07T03:34:42.5087940Z   type: 'test'
2026-09-07T03:34:42.5090022Z   ...
2026-09-07T03:34:42.5091076Z # Subtest: deployment A cannot consume smoke B: commit
2026-09-07T03:34:42.5092120Z ok 206 - deployment A cannot consume smoke B: commit
2026-09-07T03:34:42.5092869Z   ---
2026-09-07T03:34:42.5093398Z   duration_ms: 1.496761
2026-09-07T03:34:42.5094011Z   type: 'test'
2026-09-07T03:34:42.5094561Z   ...
2026-09-07T03:34:42.5095541Z # Subtest: preview and successful model JSON cannot satisfy production receipts
2026-09-07T03:34:42.5096943Z ok 207 - preview and successful model JSON cannot satisfy production receipts
2026-09-07T03:34:42.5097910Z   ---
2026-09-07T03:34:42.5098472Z   duration_ms: 2.716444
2026-09-07T03:34:42.5099003Z   type: 'test'
2026-09-07T03:34:42.5099415Z   ...
2026-09-07T03:34:42.5100374Z # Subtest: functional smoke and observability require separate actual execution identities in the contract
2026-09-07T03:34:42.5102087Z ok 208 - functional smoke and observability require separate actual execution identities in the contract
2026-09-07T03:34:42.5103076Z   ---
2026-09-07T03:34:42.5103528Z   duration_ms: 0.978611
2026-09-07T03:34:42.5104020Z   type: 'test'
2026-09-07T03:34:42.5104449Z   ...
2026-09-07T03:34:42.5105205Z # Subtest: freshness expiration future dates and later failure prevent reuse
2026-09-07T03:34:42.5106302Z ok 209 - freshness expiration future dates and later failure prevent reuse
2026-09-07T03:34:42.5106999Z   ---
2026-09-07T03:34:42.5107513Z   duration_ms: 2.399491
2026-09-07T03:34:42.5108104Z   type: 'test'
2026-09-07T03:34:42.5108724Z   ...
2026-09-07T03:34:42.5109614Z # Subtest: merge requires revalidation after integration even on the same commit
2026-09-07T03:34:42.5111096Z ok 210 - merge requires revalidation after integration even on the same commit
2026-09-07T03:34:42.5112018Z   ---
2026-09-07T03:34:42.5112488Z   duration_ms: 1.5171
2026-09-07T03:34:42.5113002Z   type: 'test'
2026-09-07T03:34:42.5113454Z   ...
2026-09-07T03:34:42.5114476Z # Subtest: crash resume retains exact pending deployment key and refuses duplicate uncertain intent
2026-09-07T03:34:42.5116141Z ok 211 - crash resume retains exact pending deployment key and refuses duplicate uncertain intent
2026-09-07T03:34:42.5117134Z   ---
2026-09-07T03:34:42.5117590Z   duration_ms: 2.288163
2026-09-07T03:34:42.5118101Z   type: 'test'
2026-09-07T03:34:42.5118774Z   ...
2026-09-07T03:34:42.5119698Z # Subtest: deployment must reconcile matching prior approval and operation key
2026-09-07T03:34:42.5121147Z ok 212 - deployment must reconcile matching prior approval and operation key
2026-09-07T03:34:42.5122042Z   ---
2026-09-07T03:34:42.5122517Z   duration_ms: 1.913581
2026-09-07T03:34:42.5123037Z   type: 'test'
2026-09-07T03:34:42.5123490Z   ...
2026-09-07T03:34:42.5124390Z # Subtest: rollback invalidates current objective without deleting deployment history
2026-09-07T03:34:42.5125775Z ok 213 - rollback invalidates current objective without deleting deployment history
2026-09-07T03:34:42.5126651Z   ---
2026-09-07T03:34:42.5127110Z   duration_ms: 2.19621
2026-09-07T03:34:42.5127613Z   type: 'test'
2026-09-07T03:34:42.5128070Z   ...
2026-09-07T03:34:42.5128914Z # Subtest: external gate is exact and independent from deployment permission
2026-09-07T03:34:42.5130114Z ok 214 - external gate is exact and independent from deployment permission
2026-09-07T03:34:42.5131133Z   ---
2026-09-07T03:34:42.5131644Z   duration_ms: 2.652104
2026-09-07T03:34:42.5132191Z   type: 'test'
2026-09-07T03:34:42.5132657Z   ...
2026-09-07T03:34:42.5133582Z # Subtest: strict closed schemas reject unknown fields missing obligations and callbacks
2026-09-07T03:34:42.5135158Z ok 215 - strict closed schemas reject unknown fields missing obligations and callbacks
2026-09-07T03:34:42.5136087Z   ---
2026-09-07T03:34:42.5136561Z   duration_ms: 1.885649
2026-09-07T03:34:42.5137150Z   type: 'test'
2026-09-07T03:34:42.5137656Z   ...
2026-09-07T03:34:42.5138765Z # Subtest: e2e runtime: exact approved objective refuses production and preserves budget across reopen
2026-09-07T03:34:42.5140439Z ok 216 - e2e runtime: exact approved objective refuses production and preserves budget across reopen
2026-09-07T03:34:42.5142067Z   ---
2026-09-07T03:34:42.5142547Z   duration_ms: 94.116778
2026-09-07T03:34:42.5143128Z   type: 'test'
2026-09-07T03:34:42.5143587Z   ...
2026-09-07T03:34:42.5144738Z # Subtest: wrong artifact approval, bounded grant and expired deployment approval do not authorize deployment
2026-09-07T03:34:42.5146548Z ok 217 - wrong artifact approval, bounded grant and expired deployment approval do not authorize deployment
2026-09-07T03:34:42.5147607Z   ---
2026-09-07T03:34:42.5148080Z   duration_ms: 35.577871
2026-09-07T03:34:42.5148599Z   type: 'test'
2026-09-07T03:34:42.5149050Z   ...
2026-09-07T03:34:42.5149911Z # Subtest: forged stale serialized and cross-runtime handles cannot certify
2026-09-07T03:34:42.5151322Z ok 218 - forged stale serialized and cross-runtime handles cannot certify
2026-09-07T03:34:42.5152155Z   ---
2026-09-07T03:34:42.5152622Z   duration_ms: 64.413463
2026-09-07T03:34:42.5153247Z   type: 'test'
2026-09-07T03:34:42.5153711Z   ...
2026-09-07T03:34:42.5154761Z # Subtest: integrated commit change requires a newly scoped objective and revalidation
2026-09-07T03:34:42.5156495Z ok 219 - integrated commit change requires a newly scoped objective and revalidation
2026-09-07T03:34:42.5157607Z   ---
2026-09-07T03:34:42.5158077Z   duration_ms: 34.961436
2026-09-07T03:34:42.5158635Z   type: 'test'
2026-09-07T03:34:42.5159096Z   ...
2026-09-07T03:34:42.5159902Z # Subtest: objective wire requires exact acceptance and scope binding
2026-09-07T03:34:42.5161343Z ok 220 - objective wire requires exact acceptance and scope binding
2026-09-07T03:34:42.5162139Z   ---
2026-09-07T03:34:42.5162641Z   duration_ms: 15.415435
2026-09-07T03:34:42.5163165Z   type: 'test'
2026-09-07T03:34:42.5163616Z   ...
2026-09-07T03:34:42.5164504Z # Subtest: rollback permission is exact and cannot reuse deployment approval
2026-09-07T03:34:42.5165745Z ok 221 - rollback permission is exact and cannot reuse deployment approval
2026-09-07T03:34:42.5166566Z   ---
2026-09-07T03:34:42.5167058Z   duration_ms: 34.186838
2026-09-07T03:34:42.5167584Z   type: 'test'
2026-09-07T03:34:42.5168036Z   ...
2026-09-07T03:34:42.5169206Z # Subtest: e2e continuation budgets survive unavailable release work and scoped grants do not authorize deployment
2026-09-07T03:34:42.5171412Z ok 222 - e2e continuation budgets survive unavailable release work and scoped grants do not authorize deployment
2026-09-07T03:34:42.5172585Z   ---
2026-09-07T03:34:42.5173048Z   duration_ms: 98.855618
2026-09-07T03:34:42.5173602Z   type: 'test'
2026-09-07T03:34:42.5174068Z   ...
2026-09-07T03:35:19.0238452Z # Subtest: signed preflight freezes approved preference, isolated configuration and opaque ownership
2026-09-07T03:35:19.0261739Z ok 223 - signed preflight freezes approved preference, isolated configuration and opaque ownership
2026-09-07T03:35:19.0321338Z   ---
2026-09-07T03:35:19.0351463Z   duration_ms: 1644.835762
2026-09-07T03:35:19.0355021Z   type: 'test'
2026-09-07T03:35:19.0365610Z   ...
2026-09-07T03:35:19.0366558Z # Subtest: absent remote schema keeps exact model/effort/auth and local schema
2026-09-07T03:35:19.0367715Z ok 224 - absent remote schema keeps exact model/effort/auth and local schema
2026-09-07T03:35:19.0368431Z   ---
2026-09-07T03:35:19.0368899Z   duration_ms: 1399.07744
2026-09-07T03:35:19.0369366Z   type: 'test'
2026-09-07T03:35:19.0369791Z   ...
2026-09-07T03:35:19.0370451Z # Subtest: preflight blocks auth without catalog ranking guesses
2026-09-07T03:35:19.0371650Z ok 225 - preflight blocks auth without catalog ranking guesses
2026-09-07T03:35:19.0372289Z   ---
2026-09-07T03:35:19.0372722Z   duration_ms: 805.871272
2026-09-07T03:35:19.0373170Z   type: 'test'
2026-09-07T03:35:19.0373591Z   ...
2026-09-07T03:35:19.0374275Z # Subtest: preflight blocks cancelled without catalog ranking guesses
2026-09-07T03:35:19.0375310Z ok 226 - preflight blocks cancelled without catalog ranking guesses
2026-09-07T03:35:19.0375969Z   ---
2026-09-07T03:35:19.0376385Z   duration_ms: 788.932018
2026-09-07T03:35:19.0377305Z   type: 'test'
2026-09-07T03:35:19.0377744Z   ...
2026-09-07T03:35:19.0378423Z # Subtest: preflight blocks partial without catalog ranking guesses
2026-09-07T03:35:19.0379419Z ok 227 - preflight blocks partial without catalog ranking guesses
2026-09-07T03:35:19.0380077Z   ---
2026-09-07T03:35:19.0380509Z   duration_ms: 782.216833
2026-09-07T03:35:19.0381293Z   type: 'test'
2026-09-07T03:35:19.0381748Z   ...
2026-09-07T03:35:19.0382475Z # Subtest: preflight blocks unsupported without catalog ranking guesses
2026-09-07T03:35:19.0383517Z ok 228 - preflight blocks unsupported without catalog ranking guesses
2026-09-07T03:35:19.0384192Z   ---
2026-09-07T03:35:19.0384628Z   duration_ms: 780.37114
2026-09-07T03:35:19.0385087Z   type: 'test'
2026-09-07T03:35:19.0385511Z   ...
2026-09-07T03:35:19.0386209Z # Subtest: preflight blocks duplicates without catalog ranking guesses
2026-09-07T03:35:19.0387249Z ok 229 - preflight blocks duplicates without catalog ranking guesses
2026-09-07T03:35:19.0387942Z   ---
2026-09-07T03:35:19.0388380Z   duration_ms: 788.230222
2026-09-07T03:35:19.0388843Z   type: 'test'
2026-09-07T03:35:19.0389280Z   ...
2026-09-07T03:35:19.0389830Z # Subtest: changed binary blocks between rounds
2026-09-07T03:35:19.0390790Z ok 230 - changed binary blocks between rounds
2026-09-07T03:35:19.0391384Z   ---
2026-09-07T03:35:19.0391813Z   duration_ms: 1120.92292
2026-09-07T03:35:19.0392261Z   type: 'test'
2026-09-07T03:35:19.0392686Z   ...
2026-09-07T03:35:19.0393245Z # Subtest: changed dependency blocks between rounds
2026-09-07T03:35:19.0394031Z ok 231 - changed dependency blocks between rounds
2026-09-07T03:35:19.0394593Z   ---
2026-09-07T03:35:19.0395019Z   duration_ms: 1132.899537
2026-09-07T03:35:19.0395477Z   type: 'test'
2026-09-07T03:35:19.0395905Z   ...
2026-09-07T03:35:19.0396460Z # Subtest: changed protocol blocks between rounds
2026-09-07T03:35:19.0397234Z ok 232 - changed protocol blocks between rounds
2026-09-07T03:35:19.0397793Z   ---
2026-09-07T03:35:19.0398227Z   duration_ms: 1129.526693
2026-09-07T03:35:19.0398683Z   type: 'test'
2026-09-07T03:35:19.0399112Z   ...
2026-09-07T03:35:19.0399849Z # Subtest: schema/bundle/config pins and approval freshness cannot change
2026-09-07T03:35:19.0401352Z ok 233 - schema/bundle/config pins and approval freshness cannot change
2026-09-07T03:35:19.0402112Z   ---
2026-09-07T03:35:19.0402602Z   duration_ms: 1684.32623
2026-09-07T03:35:19.0403086Z   type: 'test'
2026-09-07T03:35:19.0403538Z   ...
2026-09-07T03:35:19.0404501Z # Subtest: trusted shadow copies exact Git objects and modes without inherited config, hooks or credentials
2026-09-07T03:35:19.0406016Z ok 234 - trusted shadow copies exact Git objects and modes without inherited config, hooks or credentials
2026-09-07T03:35:19.0406888Z   ---
2026-09-07T03:35:19.0407326Z   duration_ms: 1245.73679
2026-09-07T03:35:19.0407787Z   type: 'test'
2026-09-07T03:35:19.0408209Z   ...
2026-09-07T03:35:19.0408706Z # Subtest: trusted shadow rejects symlink
2026-09-07T03:35:19.0409387Z ok 235 - trusted shadow rejects symlink
2026-09-07T03:35:19.0409920Z   ---
2026-09-07T03:35:19.0410345Z   duration_ms: 986.324736
2026-09-07T03:35:19.0411036Z   type: 'test'
2026-09-07T03:35:19.0411478Z   ...
2026-09-07T03:35:19.0411995Z # Subtest: trusted shadow rejects alternates
2026-09-07T03:35:19.0412732Z ok 236 - trusted shadow rejects alternates
2026-09-07T03:35:19.0413256Z   ---
2026-09-07T03:35:19.0413686Z   duration_ms: 966.476722
2026-09-07T03:35:19.0414139Z   type: 'test'
2026-09-07T03:35:19.0414561Z   ...
2026-09-07T03:35:19.0415110Z # Subtest: trusted shadow rejects dirty-primary
2026-09-07T03:35:19.0415848Z ok 237 - trusted shadow rejects dirty-primary
2026-09-07T03:35:19.0416399Z   ---
2026-09-07T03:35:19.0416829Z   duration_ms: 1016.846884
2026-09-07T03:35:19.0417278Z   type: 'test'
2026-09-07T03:35:19.0417702Z   ...
2026-09-07T03:35:19.0418236Z # Subtest: trusted shadow rejects shadow-tamper
2026-09-07T03:35:19.0418966Z ok 238 - trusted shadow rejects shadow-tamper
2026-09-07T03:35:19.0419725Z   ---
2026-09-07T03:35:19.0420160Z   duration_ms: 1380.981352
2026-09-07T03:35:19.0420819Z   type: 'test'
2026-09-07T03:35:19.0421342Z   ...
2026-09-07T03:35:19.0422075Z # Subtest: prototype-shaped filename remains covered by primary manifest
2026-09-07T03:35:19.0423139Z ok 239 - prototype-shaped filename remains covered by primary manifest
2026-09-07T03:35:19.0423822Z   ---
2026-09-07T03:35:19.0424255Z   duration_ms: 1416.847293
2026-09-07T03:35:19.0424724Z   type: 'test'
2026-09-07T03:35:19.0425158Z   ...
2026-09-07T03:35:19.0425869Z # Subtest: prototype-shaped filename remains covered by shadow manifest
2026-09-07T03:35:19.0426899Z ok 240 - prototype-shaped filename remains covered by shadow manifest
2026-09-07T03:35:19.0427563Z   ---
2026-09-07T03:35:19.0428000Z   duration_ms: 1410.315182
2026-09-07T03:35:19.0428450Z   type: 'test'
2026-09-07T03:35:19.0428876Z   ...
2026-09-07T03:35:19.0429746Z # Subtest: e2e case 7: exact shadow stops before unavailable reviewer launch and budget spending
2026-09-07T03:35:19.0431285Z ok 241 - e2e case 7: exact shadow stops before unavailable reviewer launch and budget spending
2026-09-07T03:35:19.0432101Z   ---
2026-09-07T03:35:19.0432534Z   duration_ms: 2398.42887
2026-09-07T03:35:19.0432996Z   type: 'test'
2026-09-07T03:35:19.0433426Z   ...
2026-09-07T03:35:19.0434301Z # Subtest: e2e case 8: only closed local output validates; no fixture or PASS becomes acceptance
2026-09-07T03:35:19.0435602Z ok 242 - e2e case 8: only closed local output validates; no fixture or PASS becomes acceptance
2026-09-07T03:35:19.0436382Z   ---
2026-09-07T03:35:19.0436794Z   duration_ms: 1574.307944
2026-09-07T03:35:19.0437238Z   type: 'test'
2026-09-07T03:35:19.0437658Z   ...
2026-09-07T03:35:19.0438186Z # Subtest: local output fails closed for malformed
2026-09-07T03:35:19.0438945Z ok 243 - local output fails closed for malformed
2026-09-07T03:35:19.0439503Z   ---
2026-09-07T03:35:19.0439932Z   duration_ms: 1203.268023
2026-09-07T03:35:19.0440392Z   type: 'test'
2026-09-07T03:35:19.0441230Z   ...
2026-09-07T03:35:19.0441750Z # Subtest: local output fails closed for extra
2026-09-07T03:35:19.0442387Z ok 244 - local output fails closed for extra
2026-09-07T03:35:19.0442708Z   ---
2026-09-07T03:35:19.0442902Z   duration_ms: 1203.359427
2026-09-07T03:35:19.0443134Z   type: 'test'
2026-09-07T03:35:19.0443522Z   ...
2026-09-07T03:35:19.0443823Z # Subtest: local output fails closed for duplicate
2026-09-07T03:35:19.0444222Z ok 245 - local output fails closed for duplicate
2026-09-07T03:35:19.0444499Z   ---
2026-09-07T03:35:19.0444684Z   duration_ms: 1200.299064
2026-09-07T03:35:19.0444904Z   type: 'test'
2026-09-07T03:35:19.0445085Z   ...
2026-09-07T03:35:19.0445353Z # Subtest: local output fails closed for cancelled
2026-09-07T03:35:19.0445729Z ok 246 - local output fails closed for cancelled
2026-09-07T03:35:19.0445999Z   ---
2026-09-07T03:35:19.0446183Z   duration_ms: 1197.171809
2026-09-07T03:35:19.0446401Z   type: 'test'
2026-09-07T03:35:19.0446584Z   ...
2026-09-07T03:35:19.0446862Z # Subtest: local output fails closed for mismatch
2026-09-07T03:35:19.0447242Z ok 247 - local output fails closed for mismatch
2026-09-07T03:35:19.0447519Z   ---
2026-09-07T03:35:19.0447704Z   duration_ms: 1219.98751
2026-09-07T03:35:19.0447925Z   type: 'test'
2026-09-07T03:35:19.0448107Z   ...
2026-09-07T03:35:19.0448375Z # Subtest: local output fails closed for location
2026-09-07T03:35:19.0448750Z ok 248 - local output fails closed for location
2026-09-07T03:35:19.0449018Z   ---
2026-09-07T03:35:19.0449200Z   duration_ms: 1208.113307
2026-09-07T03:35:19.0449414Z   type: 'test'
2026-09-07T03:35:19.0449594Z   ...
2026-09-07T03:35:19.0449853Z # Subtest: local output fails closed for oversize
2026-09-07T03:35:19.0450212Z ok 249 - local output fails closed for oversize
2026-09-07T03:35:19.0450490Z   ---
2026-09-07T03:35:19.0450966Z   duration_ms: 1223.911271
2026-09-07T03:35:19.0451192Z   type: 'test'
2026-09-07T03:35:19.0451388Z   ...
2026-09-07T03:35:19.0451816Z # Subtest: e2e case 9: fabricated execution receipt cannot authorize independent review
2026-09-07T03:35:19.0452600Z ok 250 - e2e case 9: fabricated execution receipt cannot authorize independent review
2026-09-07T03:35:19.0452992Z   ---
2026-09-07T03:35:19.0453172Z   duration_ms: 3208.438507
2026-09-07T03:35:19.0453406Z   type: 'test'
2026-09-07T03:35:19.0480805Z   ...
2026-09-07T03:35:19.0744092Z 1..250
2026-09-07T03:35:19.0744779Z # tests 250
2026-09-07T03:35:19.0745447Z # suites 0
2026-09-07T03:35:19.0746130Z # pass 250
2026-09-07T03:35:19.0746723Z # fail 0
2026-09-07T03:35:19.0747322Z # cancelled 0
2026-09-07T03:35:19.0747953Z # skipped 0
2026-09-07T03:35:19.0748556Z # todo 0
2026-09-07T03:35:19.0749202Z # duration_ms 949054.243436
2026-09-07T03:35:19.1286376Z TAP version 13
2026-09-07T03:35:27.7625938Z # H09_METRICS {"scope":"installed local fixture only; not real human time saved","actualHumanPrompts":0,"fixtureSignatures":5,"fixtureSignaturesByKind":{"policy-adoption":1,"baseline-acceptance":1,"bounded-grant":3},"humanGateReasonCodes":{"HUMAN_REQUIRED":1},"availabilityStops":{"BLOCKED_BY_REQUIRED_CAPABILITY":2},"staleStops":1,"reusedContinuationGrants":1,"effectRuns":2,"freshRuns":3,"recoveryElapsedMs":1907.7500070000006,"budgetSpent":2,"authenticatedReviewReceipts":0,"productionCertifications":0}
2026-09-07T03:35:27.8112635Z # Subtest: installed local canary: canonical RED, fresh commits, reused grant, human gate, unavailable release and lossless rollback
2026-09-07T03:35:27.8122430Z ok 1 - installed local canary: canonical RED, fresh commits, reused grant, human gate, unavailable release and lossless rollback
2026-09-07T03:35:27.8147648Z   ---
2026-09-07T03:35:27.8156028Z   duration_ms: 8640.088235
2026-09-07T03:35:27.8156874Z   type: 'test'
2026-09-07T03:35:27.8157520Z   ...
2026-09-07T03:35:29.0092303Z # Subtest: explicit autonomy installation preserves v1 and root package bytes; rerun never merges a runtime
2026-09-07T03:35:29.0111881Z ok 2 - explicit autonomy installation preserves v1 and root package bytes; rerun never merges a runtime
2026-09-07T03:35:29.0123359Z   ---
2026-09-07T03:35:29.0123983Z   duration_ms: 676.010329
2026-09-07T03:35:29.0124763Z   type: 'test'
2026-09-07T03:35:29.0125335Z   ...
2026-09-07T03:35:29.0126332Z # Subtest: default remains legacy; dry-run and activation option do not write
2026-09-07T03:35:29.0128051Z ok 3 - default remains legacy; dry-run and activation option do not write
2026-09-07T03:35:29.0129036Z   ---
2026-09-07T03:35:29.0129612Z   duration_ms: 167.698021
2026-09-07T03:35:29.0130283Z   type: 'test'
2026-09-07T03:35:29.0131269Z   ...
2026-09-07T03:35:29.0134379Z # Subtest: autonomy diagnostics name missing dependencies and unimplemented positive capabilities
2026-09-07T03:35:29.0136107Z ok 4 - autonomy diagnostics name missing dependencies and unimplemented positive capabilities
2026-09-07T03:35:29.0137221Z   ---
2026-09-07T03:35:29.0137812Z   duration_ms: 279.103518
2026-09-07T03:35:29.0138461Z   type: 'test'
2026-09-07T03:35:29.0139006Z   ...
2026-09-07T03:35:29.0140153Z # Subtest: autonomy install refuses a symlinked scripts parent before writing outside the consumer
2026-09-07T03:35:29.0142082Z ok 5 - autonomy install refuses a symlinked scripts parent before writing outside the consumer
2026-09-07T03:35:29.0143075Z   ---
2026-09-07T03:35:29.0143546Z   duration_ms: 6.582359
2026-09-07T03:35:29.0144073Z   type: 'test'
2026-09-07T03:35:29.0144546Z   ...
2026-09-07T03:35:29.0203468Z 1..5
2026-09-07T03:35:29.0204370Z # tests 5
2026-09-07T03:35:29.0205136Z # suites 0
2026-09-07T03:35:29.0205893Z # pass 5
2026-09-07T03:35:29.0206447Z # fail 0
2026-09-07T03:35:29.0207248Z # cancelled 0
2026-09-07T03:35:29.0207985Z # skipped 0
2026-09-07T03:35:29.0208674Z # todo 0
2026-09-07T03:35:29.0209478Z # duration_ms 9909.74499
2026-09-07T03:35:29.0262945Z 
2026-09-07T03:35:29.0311111Z Gherkin pack — failure matrix
2026-09-07T03:35:29.0311772Z 
2026-09-07T03:35:29.0591814Z   ok   valid run passes (exit 0)
2026-09-07T03:35:29.0883216Z   ok   valid run passes with a matching --expect (exit 0)
2026-09-07T03:35:29.1170781Z   ok   zero execution blocks (exit 2)
2026-09-07T03:35:29.1459083Z   ok   executing fewer scenarios than declared blocks (exit 2)
2026-09-07T03:35:29.1752804Z   ok   FAILED blocks (exit 1)
2026-09-07T03:35:29.2039202Z   ok   UNDEFINED blocks (exit 1)
2026-09-07T03:35:29.2336213Z   ok   AMBIGUOUS blocks (exit 1)
2026-09-07T03:35:29.2624885Z   ok   PENDING blocks (exit 1)
2026-09-07T03:35:29.2916278Z   ok   SKIPPED blocks (exit 1)
2026-09-07T03:35:29.3202707Z   ok   duplicate scenario id blocks (exit 1)
2026-09-07T03:35:29.3522123Z   ok   malformed report blocks (exit 3)
2026-09-07T03:35:29.3822893Z   ok   truncated report blocks (exit 3)
2026-09-07T03:35:29.4121772Z   ok   missing report blocks (exit 3)
2026-09-07T03:35:29.4399955Z   ok   --expect rejects a non-numeric argument (exit 64)
2026-09-07T03:35:29.4754634Z   ok   validator runs inside a "type": "module" repo
2026-09-07T03:35:29.4755373Z 
2026-09-07T03:35:29.4756514Z ────────────────────────────────────────
2026-09-07T03:35:29.4757690Z 15 passed, 0 failed
2026-09-07T03:35:29.4758413Z Every failure mode blocks.
2026-09-07T03:35:29.4777234Z 
2026-09-07T03:35:29.4943953Z verify-pack: k6 k6 v2.1.0 (commit/83a87a41e2, go1.26.4, linux/amd64)
2026-09-07T03:35:29.4944722Z 
2026-09-07T03:35:29.4945165Z 1. sintaxis
2026-09-07T03:35:29.4967816Z   ok   bin/perf-check es bash válido
2026-09-07T03:35:29.5001626Z   ok   bin/perf-check no anula códigos de salida
2026-09-07T03:35:29.7237641Z   ok   los scripts de k6 son JS válido
2026-09-07T03:35:29.8104426Z fixture-server healthy owned-pid=29327 port=40717 work=/tmp/tmp.U5Tw3rkElm
2026-09-07T03:35:29.8897408Z fixture-server redirect-login owned-pid=29332 port=34705 work=/tmp/tmp.U5Tw3rkElm
2026-09-07T03:35:29.9688698Z fixture-server login-200 owned-pid=29337 port=38407 work=/tmp/tmp.U5Tw3rkElm
2026-09-07T03:35:30.0483105Z fixture-server slow owned-pid=29342 port=39245 work=/tmp/tmp.U5Tw3rkElm
2026-09-07T03:35:30.1278032Z fixture-server unauthorized owned-pid=29347 port=33319 work=/tmp/tmp.U5Tw3rkElm
2026-09-07T03:35:30.2074919Z fixture-server shell owned-pid=29352 port=40041 work=/tmp/tmp.U5Tw3rkElm
2026-09-07T03:35:30.2076040Z 
2026-09-07T03:35:30.2076882Z 2. la compuerta aprueba cuando debe
2026-09-07T03:35:30.4447493Z   ok   app sana con marcador aprueba
2026-09-07T03:35:30.4448381Z 
2026-09-07T03:35:30.4449480Z 3. la compuerta bloquea el falso verde
2026-09-07T03:35:30.5013778Z   ok   redirección a pantalla de autenticación
2026-09-07T03:35:30.5586849Z   ok   200 sin el marcador de la aplicación
2026-09-07T03:35:30.6131878Z   ok   objetivo autenticado sin marcador declarado
2026-09-07T03:35:30.6691030Z   ok   credencial rechazada con 401
2026-09-07T03:35:30.7110950Z   ok   credencial ausente para el modo declarado
2026-09-07T03:35:30.7171277Z   ok   PERF_TARGET sin definir
2026-09-07T03:35:30.7171863Z 
2026-09-07T03:35:30.7172613Z 4. la compuerta bloquea por umbral y por deriva
2026-09-07T03:35:33.0196201Z   ok   umbral de latencia incumplido
2026-09-07T03:35:35.6008431Z   ok   degradación frente a la línea base
2026-09-07T03:35:35.6021013Z 
2026-09-07T03:35:35.6021504Z 5. la compuerta bloquea un script roto
2026-09-07T03:35:35.8134612Z   ok   error de runtime en el script no aprueba
2026-09-07T03:35:35.8151840Z 
2026-09-07T03:35:35.8152318Z 6. la compuerta bloquea sin evidencia
2026-09-07T03:35:35.8783039Z   ok   corrida sin resumen no aprueba
2026-09-07T03:35:35.8799738Z 
2026-09-07T03:35:35.8800484Z 7. el instalador instala y no pisa
2026-09-07T03:35:35.8982057Z   ok   --dry-run no crea archivos
2026-09-07T03:35:35.8997694Z   ok   --dry-run describe lo que haría
2026-09-07T03:35:35.9321878Z   ok   instala los escenarios de k6
2026-09-07T03:35:35.9322798Z   ok   instala el verificador ejecutable
2026-09-07T03:35:35.9323526Z   ok   instala el resolvedor de objetivo
2026-09-07T03:35:35.9324191Z   ok   instala el flujo de CI
2026-09-07T03:35:35.9338205Z   ok   ignora .env.perf
2026-09-07T03:35:35.9352956Z   ok   ignora el directorio de resultados
2026-09-07T03:35:35.9368037Z   ok   no ignora la línea base
2026-09-07T03:35:35.9522094Z   ok   segunda corrida no duplica .gitignore
2026-09-07T03:35:35.9536868Z   ok   segunda corrida no pisa sin --force
2026-09-07T03:35:35.9554769Z   ok   sin remoto, informa que omite CI
2026-09-07T03:35:35.9875103Z   ok   detecta el stack Next.js
2026-09-07T03:35:35.9889820Z   ok   las rutas no conservan page.tsx
2026-09-07T03:35:35.9906898Z   ok   detecta una ruta anidada limpia
2026-09-07T03:35:35.9922787Z   ok   excluye rutas con segmento dinámico
2026-09-07T03:35:35.9935689Z   ok   sólo un id numérico cuenta como regla existente
2026-09-07T03:35:35.9951885Z   ok   el límite de plan se reporta de forma específica
2026-09-07T03:35:36.0097965Z   ok   el instalador sale 0 cuando no configura CI
2026-09-07T03:35:36.0114501Z   ok   no usa set -e (un fallo de gh no debe matar la instalación)
2026-09-07T03:35:36.0161293Z   ok   la rama del límite de plan no aborta
2026-09-07T03:35:36.0162107Z 
2026-09-07T03:35:36.0171847Z 8. el resolvedor distingue 'sin despliegue' de 'error'
2026-09-07T03:35:36.0185790Z   ok   sin sha devuelve error de uso (2)
2026-09-07T03:35:36.0211511Z   ok   sin repositorio devuelve error de uso (2)
2026-09-07T03:35:36.3136027Z   omit commit sin despliegue: salida vacía — requiere gh autenticado
2026-09-07T03:35:36.3137734Z   omit commit sin despliegue: no es un error de rendimiento — requiere gh autenticado
2026-09-07T03:35:36.3138716Z 
2026-09-07T03:35:36.3139352Z 9. el flujo de CI no puede bloquear un pull request para siempre
2026-09-07T03:35:36.3151432Z   ok   el flujo se dispara con pull_request
2026-09-07T03:35:36.3167200Z   ok   no depende de deployment_status
2026-09-07T03:35:36.3184525Z   ok   hay una rama explícita para 'sin despliegue'
2026-09-07T03:35:36.3201790Z   ok   el paso de medición sólo corre con objetivo
2026-09-07T03:35:36.3232454Z   ok   no hay continue-on-error en el flujo
2026-09-07T03:35:36.3921443Z   ok   el YAML es válido y declara los dos trabajos
2026-09-07T03:35:36.3922355Z 
2026-09-07T03:35:36.3923265Z 10. la sesión de usuario final (Supabase)
2026-09-07T03:35:36.4330264Z   ok   sin credenciales no mide
2026-09-07T03:35:36.4356772Z   ok   nombra cada variable que falta
2026-09-07T03:35:36.4850430Z   ok   la cookie es base64url sin relleno y se decodifica a JSON
2026-09-07T03:35:36.4867578Z   ok   el ejemplo advierte sobre entrecomillar valores con espacios
2026-09-07T03:35:36.4883866Z   ok   el ejemplo documenta el modo supabase
2026-09-07T03:35:36.4884638Z 
2026-09-07T03:35:36.4885850Z 11. el sondeo distingue lo medible de lo que no lo es
2026-09-07T03:35:36.5283904Z   ok   clasifica una página con contenido como medible
2026-09-07T03:35:36.5307035Z   ok   una página mínima NO se confunde con un armazón
2026-09-07T03:35:36.5713521Z   ok   detecta un armazón que hidrata en el cliente
2026-09-07T03:35:36.5743258Z   ok   no propone medir el armazón
2026-09-07T03:35:36.6142902Z   ok   detecta que una ruta exige sesión
2026-09-07T03:35:36.6158343Z   ok   avisa cuántas rutas exigen sesión
2026-09-07T03:35:36.6226471Z   ok   sin url devuelve error de uso (2)
2026-09-07T03:35:36.6227115Z 
2026-09-07T03:35:36.6227870Z ────────────────────────────────────────
2026-09-07T03:35:36.6228682Z 55 correctos, 0 fallidos, 2 omitidos
2026-09-07T03:35:36.6244624Z   omitido: commit sin despliegue: salida vacía — requiere gh autenticado
2026-09-07T03:35:36.6245993Z   omitido: commit sin despliegue: no es un error de rendimiento — requiere gh autenticado
2026-09-07T03:35:36.6247022Z verify-pack: el pack se comporta como se documenta.
2026-09-07T03:35:36.6327977Z 
2026-09-07T03:35:36.6386946Z Sentry pack — failure matrix
2026-09-07T03:35:36.6387539Z 
2026-09-07T03:35:36.6473018Z   ok   a complete configuration passes preflight (exit 0)
2026-09-07T03:35:36.6521210Z   ok   an absent DSN blocks (exit 1)
2026-09-07T03:35:36.6566509Z   ok   a malformed DSN blocks (exit 1)
2026-09-07T03:35:36.6617053Z   ok   a non-numeric project id blocks (exit 1)
2026-09-07T03:35:36.6696529Z   ok   the placeholder DSN from the docs blocks (exit 1)
2026-09-07T03:35:36.6777342Z   ok   a sample rate of 0 blocks (exit 1)
2026-09-07T03:35:36.6857661Z   ok   a non-numeric sample rate blocks (exit 1)
2026-09-07T03:35:36.6940435Z   ok   tracing left at the default 0 blocks (exit 1)
2026-09-07T03:35:36.7024018Z   ok   tracing off passes once acknowledged out loud (exit 0)
2026-09-07T03:35:36.7103025Z   ok   an unset environment blocks (exit 1)
2026-09-07T03:35:36.7183952Z   ok   sendDefaultPii on without acknowledgement blocks (exit 1)
2026-09-07T03:35:36.7272487Z   ok   sendDefaultPii on passes once acknowledged out loud (exit 0)
2026-09-07T03:35:36.7364012Z   ok   instrumentation.ts without onRequestError blocks (exit 1)
2026-09-07T03:35:36.7461592Z   ok   instrumentation.ts with onRequestError passes (exit 0)
2026-09-07T03:35:36.7672993Z   ok   an ingest endpoint that refuses the event blocks (exit 1)
2026-09-07T03:35:36.7832859Z   ok   an event accepted but never stored blocks as UNCONFIRMED (exit 2)
2026-09-07T03:35:36.7987470Z   ok   an event that comes back with its own marker passes (exit 0)
2026-09-07T03:35:36.8148238Z   ok   an issue list without this run's marker blocks (exit 2)
2026-09-07T03:35:36.8291327Z   ok   a non-JSON response blocks (exit 3)
2026-09-07T03:35:36.8359213Z   ok   a canary without SENTRY_ORG blocks instead of skipping (exit 3)
2026-09-07T03:35:36.8406323Z   ok   a canary without an auth token blocks instead of skipping (exit 3)
2026-09-07T03:35:36.8469591Z   ok   a release that does not exist blocks (exit 1)
2026-09-07T03:35:36.8568510Z   ok   a release with no uploaded files blocks (exit 1)
2026-09-07T03:35:36.8682881Z   ok   a release with files but no source map blocks (exit 1)
2026-09-07T03:35:36.8797449Z   ok   a release with source maps but no commit data blocks (exit 1)
2026-09-07T03:35:36.8941267Z   ok   a release with zero associated commits blocks (exit 1)
2026-09-07T03:35:36.9133683Z   ok   a release with source maps and commits passes (exit 0)
2026-09-07T03:35:36.9197371Z   ok   a release with no health data blocks (exit 1)
2026-09-07T03:35:36.9312066Z   ok   a crash-free rate below the floor blocks (exit 1)
2026-09-07T03:35:36.9427840Z   ok   a crash-free rate above the floor passes (exit 0)
2026-09-07T03:35:36.9579469Z   ok   a response with no crash-free rate blocks as unreadable (exit 3)
2026-09-07T03:35:36.9644619Z   ok   a monitor that does not exist blocks (exit 1)
2026-09-07T03:35:36.9827994Z   ok   a missed cron check-in blocks (exit 1)
2026-09-07T03:35:37.0019007Z   ok   a muted monitor blocks (exit 1)
2026-09-07T03:35:37.0209440Z   ok   a healthy monitor passes (exit 0)
2026-09-07T03:35:37.0274424Z   ok   an unreachable issues API blocks instead of reporting silence (exit 3)
2026-09-07T03:35:37.0404173Z   ok   an empty issue list is a genuine pass (exit 0)
2026-09-07T03:35:37.0585540Z   ok   unresolved issues are reported without failing the run (exit 0)
2026-09-07T03:35:37.0632170Z   ok   an unknown command is a usage error (exit 64)
2026-09-07T03:35:37.0677641Z   ok   release without a version is a usage error (exit 64)
2026-09-07T03:35:37.0714748Z   ok   a job runs and its success survives the wrapper (exit 0)
2026-09-07T03:35:37.0749172Z   ok   a failing job keeps its exit code (exit 1)
2026-09-07T03:35:37.0794245Z   ok   an unusual exit code is preserved, not flattened (exit 42)
2026-09-07T03:35:37.0827055Z   ok   a missing -- separator is a usage error (exit 64)
2026-09-07T03:35:37.0873770Z   ok   the job still runs when there is no DSN to report to
2026-09-07T03:35:37.0965438Z   ok   an unreachable API blocks instead of reporting nothing to do (exit 3)
2026-09-07T03:35:37.1058600Z   ok   an empty project is a clean pass (exit 0)
2026-09-07T03:35:37.1314717Z   ok   a dry run exits clean (exit 0)
2026-09-07T03:35:37.1331085Z   ok   a dry run creates nothing (no 'issue create' reached gh)
2026-09-07T03:35:37.1622346Z   ok   --apply exits clean (exit 0)
2026-09-07T03:35:37.1639649Z   ok   --apply opens exactly one issue per unresolved Sentry issue
2026-09-07T03:35:37.1868729Z   ok   a second run over tracked issues exits clean (exit 0)
2026-09-07T03:35:37.1884385Z   ok   issues already tracked are never opened twice
2026-09-07T03:35:37.2163419Z   ok   a GitHub failure is reported, not swallowed (exit 1)
2026-09-07T03:35:37.2197319Z   ok   an unknown flag is a usage error (exit 64)
2026-09-07T03:35:37.2392216Z   ok   a disabled monitor blocks even when a nested environment reads ok (exit 1)
2026-09-07T03:35:37.2587973Z   ok   an active monitor passes even when a nested environment reads error (exit 0)
2026-09-07T03:35:37.2777584Z   ok   a muted monitor blocks even when a nested flag reads false (exit 1)
2026-09-07T03:35:37.2988083Z   ok   commits are counted once each, not once per nested author id
2026-09-07T03:35:37.3103321Z   ok   a nested crash-free rate below the floor still blocks (exit 1)
2026-09-07T03:35:37.3121656Z   ok   the gate exposes canary_event_id
2026-09-07T03:35:37.3193608Z   ok   the event id is 32 characters
2026-09-07T03:35:37.3194387Z   ok   the event id is hexadecimal
2026-09-07T03:35:37.3195469Z   ok   two canaries never share an event id
2026-09-07T03:35:37.3343028Z   ok   the ingest URL is recorded for inspection
2026-09-07T03:35:37.3343918Z   ok   the ingest URL carries the DSN host
2026-09-07T03:35:37.3344813Z   ok   the ingest URL carries the project id
2026-09-07T03:35:37.3346097Z   ok   the ingest URL is not the empty-host shape
2026-09-07T03:35:37.3346840Z 
2026-09-07T03:35:37.3347676Z ────────────────────────────────────────
2026-09-07T03:35:37.3348373Z 68 passed, 0 failed
2026-09-07T03:35:37.3348963Z Every failure mode blocks.
2026-09-07T03:35:37.3383527Z make[1]: Leaving directory '/home/runner/work/harness-kit/harness-kit/head'
2026-09-07T03:35:37.3453308Z ##[group]Run set -uo pipefail
2026-09-07T03:35:37.3453624Z [36;1mset -uo pipefail[0m
2026-09-07T03:35:37.3454063Z [36;1mchecker="$GITHUB_WORKSPACE/base/.harness/protected-judge/v1/scripts/verify-claims.sh"[0m
2026-09-07T03:35:37.3454543Z [36;1mif [ ! -f "$checker" ]; then[0m
2026-09-07T03:35:37.3455015Z [36;1m  printf '%s\n' 'NOT_EXECUTED: protected claim checker is missing from the base branch' >&2[0m
2026-09-07T03:35:37.3455529Z [36;1m  printf 'claims_exit=126\n' >> "$GITHUB_OUTPUT"[0m
2026-09-07T03:35:37.3455829Z [36;1m  exit 126[0m
2026-09-07T03:35:37.3456025Z [36;1mfi[0m
2026-09-07T03:35:37.3456226Z [36;1mcd "$GITHUB_WORKSPACE/head"[0m
2026-09-07T03:35:37.3456470Z [36;1mset +e[0m
2026-09-07T03:35:37.3456755Z [36;1mHARNESS_TARGET_ROOT="$GITHUB_WORKSPACE/head" bash "$checker"[0m
2026-09-07T03:35:37.3457119Z [36;1mclaims_exit=$?[0m
2026-09-07T03:35:37.3457330Z [36;1mset -e[0m
2026-09-07T03:35:37.3457644Z [36;1mprintf 'claims_exit=%s\n' "$claims_exit" >> "$GITHUB_OUTPUT"[0m
2026-09-07T03:35:37.3458033Z [36;1m[ "$claims_exit" -eq 0 ] || exit "$claims_exit"[0m
2026-09-07T03:35:37.3458367Z [36;1m: > "$RUNNER_TEMP/claims-observed-zero"[0m
2026-09-07T03:35:37.3494664Z shell: /usr/bin/bash --noprofile --norc -e -o pipefail {0}
2026-09-07T03:35:37.3495004Z env:
2026-09-07T03:35:37.3495447Z   CLAIMS_BASE_FILE: /home/runner/work/harness-kit/harness-kit/base/.harness/protected-judge/v1/feature_list.json
2026-09-07T03:35:37.3495970Z ##[endgroup]
2026-09-07T03:35:37.4215017Z Re-verifying claimed features
2026-09-07T03:35:37.4249409Z 
2026-09-07T03:35:37.4260983Z ── F01
2026-09-07T03:35:37.4329515Z   ok   static
2026-09-07T03:35:38.4891210Z   ok   runtime
2026-09-07T03:35:38.4921767Z 
2026-09-07T03:35:38.4922352Z ── F02
2026-09-07T03:35:38.4995378Z   ok   static
2026-09-07T03:36:35.3329403Z   ok   runtime
2026-09-07T03:36:35.3367087Z 
2026-09-07T03:36:35.3367737Z ── F03
2026-09-07T03:36:35.3439193Z   ok   static
2026-09-07T03:37:32.7398792Z   ok   runtime
2026-09-07T03:37:32.7438583Z 
2026-09-07T03:37:32.7439275Z ── F04
2026-09-07T03:38:29.4921605Z   ok   runtime
2026-09-07T03:38:29.4956884Z 
2026-09-07T03:38:29.4962222Z ── F05
2026-09-07T03:38:30.4350293Z   ok   runtime
2026-09-07T03:38:30.4383387Z 
2026-09-07T03:38:30.4391800Z ── F06
2026-09-07T03:38:30.4453577Z   ok   static
2026-09-07T03:38:37.3016041Z   ok   e2e
2026-09-07T03:38:37.3050996Z 
2026-09-07T03:38:37.3062948Z ── F07
2026-09-07T03:38:37.3139641Z   ok   static
2026-09-07T03:38:44.1959702Z   ok   e2e
2026-09-07T03:38:44.1993133Z 
2026-09-07T03:38:44.2001839Z ── F08
2026-09-07T03:38:44.2310214Z   ok   static
2026-09-07T03:38:51.0742863Z   ok   e2e
2026-09-07T03:38:51.0777235Z 
2026-09-07T03:38:51.0791630Z ── F10
2026-09-07T03:38:51.0848393Z   ok   static
2026-09-07T03:39:47.7184655Z   ok   suite
2026-09-07T03:39:47.7224024Z 
2026-09-07T03:39:47.7225043Z ── F11
2026-09-07T03:39:47.7300525Z   ok   pinned
2026-09-07T03:39:47.7531149Z   ok   payloads
2026-09-07T03:39:47.7591255Z   ok   static
2026-09-07T03:39:47.7625283Z 
2026-09-07T03:39:47.7625938Z ── F12
2026-09-07T03:39:48.2142271Z   ok   matrix
2026-09-07T03:39:48.2178229Z 
2026-09-07T03:39:48.2178872Z ── F13
2026-09-07T03:39:48.2247613Z   ok   static
2026-09-07T03:40:45.3499442Z   ok   suite
2026-09-07T03:40:45.3540521Z 
2026-09-07T03:40:45.3545409Z ── F14
2026-09-07T03:40:45.3631931Z   ok   static
2026-09-07T03:41:42.4002044Z   ok   suite
2026-09-07T03:41:42.4047860Z 
2026-09-07T03:41:42.4048610Z ── F15
2026-09-07T03:41:42.4178878Z   ok   static
2026-09-07T03:41:44.9738170Z   ok   runtime
2026-09-07T03:42:42.0411935Z   ok   e2e
2026-09-07T03:42:42.0454765Z 
2026-09-07T03:42:42.0455170Z ── F16
2026-09-07T03:42:46.9717967Z   ok   static
2026-09-07T03:43:11.6417554Z   ok   runtime
2026-09-07T03:44:08.4455905Z   ok   e2e
2026-09-07T03:44:08.4491663Z 
2026-09-07T03:44:08.4492323Z ── F17
2026-09-07T03:44:14.0311957Z   ok   static
2026-09-07T03:44:15.0941715Z   ok   runtime
2026-09-07T03:44:15.6282011Z   ok   e2e
2026-09-07T03:44:15.6316641Z 
2026-09-07T03:44:15.6317783Z ── F18
2026-09-07T03:44:20.6135305Z   ok   static
2026-09-07T03:44:21.8762337Z   ok   runtime
2026-09-07T03:44:23.7197260Z   ok   e2e
2026-09-07T03:44:23.7235355Z 
2026-09-07T03:44:23.7235997Z ── F19
2026-09-07T03:44:29.2351609Z   ok   static
2026-09-07T03:45:01.9475595Z   ok   runtime
2026-09-07T03:45:10.3286041Z   ok   e2e
2026-09-07T03:45:10.3322152Z 
2026-09-07T03:45:10.3322907Z ── F20
2026-09-07T03:45:15.1309148Z   ok   static
2026-09-07T03:45:25.0480444Z   ok   runtime
2026-09-07T03:45:31.6839947Z   ok   e2e
2026-09-07T03:45:31.6877366Z 
2026-09-07T03:45:31.6878451Z ── F21
2026-09-07T03:45:36.4636488Z   ok   static
2026-09-07T03:46:05.9939381Z   ok   runtime
2026-09-07T03:46:13.7329351Z   ok   e2e
2026-09-07T03:46:13.7367958Z 
2026-09-07T03:46:13.7368914Z ── F22
2026-09-07T03:46:18.5098682Z   ok   static
2026-09-07T03:46:19.2767848Z   ok   runtime
2026-09-07T03:46:19.9480032Z   ok   e2e
2026-09-07T03:46:19.9516217Z 
2026-09-07T03:46:19.9516882Z ── F23
2026-09-07T03:46:25.5757983Z   ok   static
2026-09-07T03:46:26.8368032Z   ok   runtime
2026-09-07T03:46:35.5714989Z   ok   e2e
2026-09-07T03:46:35.5754124Z 
2026-09-07T03:46:35.5761932Z ── F24
2026-09-07T03:46:41.1789574Z   ok   static
2026-09-07T03:47:39.4193271Z ##[error]The operation was canceled.
2026-09-07T03:47:39.4264522Z ##[group]Run set -eu
2026-09-07T03:47:39.4264965Z [36;1mset -eu[0m
2026-09-07T03:47:39.4265267Z [36;1m[0m
2026-09-07T03:47:39.4265763Z [36;1m# Fail-closed: success needs both observed zeros AND both sentinels.[0m
2026-09-07T03:47:39.4266632Z [36;1m# Missing, skipped, cancelled and not-executed all land here as blocked.[0m
2026-09-07T03:47:39.4267282Z [36;1mconclusion=blocked[0m
2026-09-07T03:47:39.4267882Z [36;1mif [ "$GATES_OUTCOME" = success ] && [ -f "$RUNNER_TEMP/gates-observed-zero" ] &&[0m
2026-09-07T03:47:39.4268698Z [36;1m   [ "$LINT_OUTCOME" = success ] && [ "$GHERKIN_OUTCOME" = success ] &&[0m
2026-09-07T03:47:39.4269358Z [36;1m   [ -f "$RUNNER_TEMP/lint-observed-zero" ] &&[0m
2026-09-07T03:47:39.4269933Z [36;1m   [ -f "$RUNNER_TEMP/gherkin-observed-zero" ] &&[0m
2026-09-07T03:47:39.4270808Z [36;1m   [ "$CHECK_OUTCOME" = success ] && [ "${CHECK_EXIT:-}" = 0 ] &&[0m
2026-09-07T03:47:39.4271571Z [36;1m   [ "$CLAIMS_OUTCOME" = success ] && [ "${CLAIMS_EXIT:-}" = 0 ] &&[0m
2026-09-07T03:47:39.4272327Z [36;1m   [ "$DECISIONS_OUTCOME" = success ] && [ "${DECISIONS_EXIT:-}" = 0 ] &&[0m
2026-09-07T03:47:39.4273004Z [36;1m   [ -f "$RUNNER_TEMP/check-observed-zero" ] &&[0m
2026-09-07T03:47:39.4273791Z [36;1m   [ -f "$RUNNER_TEMP/claims-observed-zero" ] &&[0m
2026-09-07T03:47:39.4274365Z [36;1m   [ -f "$RUNNER_TEMP/decisions-observed-zero" ]; then[0m
2026-09-07T03:47:39.4274885Z [36;1m  conclusion=success[0m
2026-09-07T03:47:39.4275246Z [36;1mfi[0m
2026-09-07T03:47:39.4275527Z [36;1m[0m
2026-09-07T03:47:39.4275797Z [36;1m{[0m
2026-09-07T03:47:39.4276132Z [36;1m  printf '%s\n' '## Required quality'[0m
2026-09-07T03:47:39.4276616Z [36;1m  printf '%s\n' '| field | value |'[0m
2026-09-07T03:47:39.4277066Z [36;1m  printf '%s\n' '|---|---|'[0m
2026-09-07T03:47:39.4277529Z [36;1m  printf '| head_sha | `%s` |\n' "$HEAD_SHA"[0m
2026-09-07T03:47:39.4278061Z [36;1m  printf '| base_sha | `%s` |\n' "$BASE_SHA"[0m
2026-09-07T03:47:39.4278679Z [36;1m  printf '| protected live gates | `%s` |\n' "$GATES_OUTCOME"[0m
2026-09-07T03:47:39.4279301Z [36;1m  printf '| judge_sha | `%s` |\n' "$BASE_SHA"[0m
2026-09-07T03:47:39.4279857Z [36;1m  printf '| workflow_sha | `%s` |\n' "$WORKFLOW_SHA"[0m
2026-09-07T03:47:39.4280507Z [36;1m  printf '| run | `%s` (attempt %s) |\n' "$RUN_ID" "$RUN_ATTEMPT"[0m
2026-09-07T03:47:39.4281532Z [36;1m  printf '| shellcheck | `%s` |\n' "$LINT_OUTCOME"[0m
2026-09-07T03:47:39.4282134Z [36;1m  printf '| gherkin pack | `%s` |\n' "$GHERKIN_OUTCOME"[0m
2026-09-07T03:47:39.4282852Z [36;1m  printf '| make check | `%s` (exit `%s`) |\n' "$CHECK_OUTCOME" "${CHECK_EXIT:-none}"[0m
2026-09-07T03:47:39.4283728Z [36;1m  printf '| verify-claims | `%s` (exit `%s`) |\n' "$CLAIMS_OUTCOME" "${CLAIMS_EXIT:-none}"[0m
2026-09-07T03:47:39.4284690Z [36;1m  printf '| verify-decisions | `%s` (exit `%s`) |\n' "$DECISIONS_OUTCOME" "${DECISIONS_EXIT:-none}"[0m
2026-09-07T03:47:39.4285476Z [36;1m  printf '| conclusion | `%s` |\n' "$conclusion"[0m
2026-09-07T03:47:39.4285991Z [36;1m} >> "$GITHUB_STEP_SUMMARY"[0m
2026-09-07T03:47:39.4286395Z [36;1m[0m
2026-09-07T03:47:39.4286720Z [36;1mif [ "$conclusion" != success ]; then[0m
2026-09-07T03:47:39.4287406Z [36;1m  printf 'Required quality conclusion is non-success: %s\n' "$conclusion" >&2[0m
2026-09-07T03:47:39.4288049Z [36;1m  exit 1[0m
2026-09-07T03:47:39.4288351Z [36;1mfi[0m
2026-09-07T03:47:39.4336249Z shell: /usr/bin/bash --noprofile --norc -e -o pipefail {0}
2026-09-07T03:47:39.4336762Z env:
2026-09-07T03:47:39.4337109Z   BASE_SHA: e5bfa5343d064e376086e2b13e45203b4ad4a481
2026-09-07T03:47:39.4337642Z   HEAD_SHA: 6677e9978dfd9fa344186a65adddcadabd21cc7e
2026-09-07T03:47:39.4338114Z   GATES_OUTCOME: success
2026-09-07T03:47:39.4338467Z   CHECK_OUTCOME: success
2026-09-07T03:47:39.4338795Z   CHECK_EXIT: 0
2026-09-07T03:47:39.4339090Z   LINT_OUTCOME: success
2026-09-07T03:47:39.4339430Z   GHERKIN_OUTCOME: success
2026-09-07T03:47:39.4339785Z   CLAIMS_OUTCOME: cancelled
2026-09-07T03:47:39.4340379Z   CLAIMS_EXIT: 
2026-09-07T03:47:39.4340994Z   DECISIONS_OUTCOME: skipped
2026-09-07T03:47:39.4341376Z   DECISIONS_EXIT: 
2026-09-07T03:47:39.4341692Z   RUN_ID: 34079150314
2026-09-07T03:47:39.4342012Z   RUN_ATTEMPT: 1
2026-09-07T03:47:39.4342413Z   WORKFLOW_SHA: b056bcc327c2c9d04c5bdfa3d8428682c64a90c6
2026-09-07T03:47:39.4342904Z ##[endgroup]
2026-09-07T03:47:39.4498473Z Required quality conclusion is non-success: blocked
2026-09-07T03:47:39.4503344Z ##[error]Process completed with exit code 1.
2026-09-07T03:47:39.4679272Z Post job cleanup.
2026-09-07T03:47:40.0081384Z [command]/usr/bin/git version
2026-09-07T03:47:40.0093523Z git version 2.55.0
2026-09-07T03:47:40.0097987Z Temporarily overriding HOME='/home/runner/work/_temp/bfe2684c-85c4-4fe1-8b13-94af9a09891c' before making global git config changes
2026-09-07T03:47:40.0099797Z Adding repository directory to the temporary git global config as a safe directory
2026-09-07T03:47:40.0102341Z [command]/usr/bin/git config --global --add safe.directory /home/runner/work/harness-kit/harness-kit/base
2026-09-07T03:47:40.0104403Z Removing SSH command configuration
2026-09-07T03:47:40.0105453Z [command]/usr/bin/git config --local --name-only --get-regexp core\.sshCommand
2026-09-07T03:47:40.0108721Z [command]/usr/bin/git submodule foreach --recursive sh -c "git config --local --name-only --get-regexp 'core\.sshCommand' && git config --local --unset-all 'core.sshCommand' || :"
2026-09-07T03:47:40.0111518Z Removing HTTP extra header
2026-09-07T03:47:40.0112792Z [command]/usr/bin/git config --local --name-only --get-regexp http\.https\:\/\/github\.com\/\.extraheader
2026-09-07T03:47:40.0116159Z [command]/usr/bin/git submodule foreach --recursive sh -c "git config --local --name-only --get-regexp 'http\.https\:\/\/github\.com\/\.extraheader' && git config --local --unset-all 'http.https://github.com/.extraheader' || :"
2026-09-07T03:47:40.0119048Z Removing includeIf entries pointing to credentials config files
2026-09-07T03:47:40.0120337Z [command]/usr/bin/git config --local --name-only --get-regexp ^includeIf\.gitdir:
2026-09-07T03:47:40.0123416Z [command]/usr/bin/git submodule foreach --recursive git config --local --show-origin --name-only --get-regexp remote.origin.url
2026-09-07T03:47:40.0237347Z Post job cleanup.
2026-09-07T03:47:40.2526626Z [command]/usr/bin/git version
2026-09-07T03:47:40.2625399Z git version 2.55.0
2026-09-07T03:47:40.2862687Z Temporarily overriding HOME='/home/runner/work/_temp/3bfdab23-65f4-444a-b7d5-1669b3d2f3ee' before making global git config changes
2026-09-07T03:47:40.2901806Z Adding repository directory to the temporary git global config as a safe directory
2026-09-07T03:47:40.2908567Z [command]/usr/bin/git config --global --add safe.directory /home/runner/work/harness-kit/harness-kit/head
2026-09-07T03:47:40.3051439Z Removing SSH command configuration
2026-09-07T03:47:40.3091791Z [command]/usr/bin/git config --local --name-only --get-regexp core\.sshCommand
2026-09-07T03:47:40.3242524Z [command]/usr/bin/git submodule foreach --recursive sh -c "git config --local --name-only --get-regexp 'core\.sshCommand' && git config --local --unset-all 'core.sshCommand' || :"
2026-09-07T03:47:40.3677167Z Removing HTTP extra header
2026-09-07T03:47:40.3722391Z [command]/usr/bin/git config --local --name-only --get-regexp http\.https\:\/\/github\.com\/\.extraheader
2026-09-07T03:47:40.3841007Z [command]/usr/bin/git submodule foreach --recursive sh -c "git config --local --name-only --get-regexp 'http\.https\:\/\/github\.com\/\.extraheader' && git config --local --unset-all 'http.https://github.com/.extraheader' || :"
2026-09-07T03:47:40.4951645Z Removing includeIf entries pointing to credentials config files
2026-09-07T03:47:40.4974992Z [command]/usr/bin/git config --local --name-only --get-regexp ^includeIf\.gitdir:
2026-09-07T03:47:40.5112079Z [command]/usr/bin/git submodule foreach --recursive git config --local --show-origin --name-only --get-regexp remote.origin.url
2026-09-07T03:47:40.6176413Z Cleaning up orphan processes
2026-09-07T03:47:40.6508871Z Terminate orphan process: pid (30334) (bash)
2026-09-07T03:47:40.6557927Z Terminate orphan process: pid (216513) (bash)
2026-09-07T03:47:40.6591951Z Terminate orphan process: pid (216514) (node)
2026-09-07T03:47:40.6624688Z Terminate orphan process: pid (216520) (node)
